# Team 0: AllInAgent, Team 1: PlayerAgent
hand_number,street,active_team,team_0_bankroll,team_1_bankroll,action_type,action_amount,team_0_cards,team_1_cards,board_cards,team_0_discarded,team_1_discarded,team_0_bet,team_1_bet
0,Pre-Flop,0,0,0,RAISE,98,"['2d', '9d']","['3d', '7s']","['6d', '5s']",,,1,1
0,Pre-Flop,1,0,0,CALL,0,"['2d', '9d']","['3d', '7s']","['6d', '5s']",,,2,2
0,Flop,0,0,0,CHECK,0,"['2d', '9d']","['3d', '7s']","['6d', '5s', '9s']",,,100,100
0,Flop,1,0,0,DISCARD,0,"['2d', '9d']","['3d', '7s']","['6d', '5s', '9s']",,,100,100
0,Flop,1,0,0,CHECK,0,"['2d', '9d']","['6h', '7s']","['6d', '5s', '9s']",,3d,100,100
0,Turn,0,0,0,CHECK,0,"['2d', '9d']","['6h', '7s']","['6d', '5s', '9s', '7d']",,3d,100,100
0,Turn,1,0,0,CHECK,0,"['2d', '9d']","['6h', '7s']","['6d', '5s', '9s', '7d']",,3d,100,100
0,River,0,0,0,CHECK,0,"['2d', '9d']","['6h', '7s']","['6d', '5s', '9s', '7d', '2h']",,3d,100,100
0,River,1,0,0,CHECK,0,"['2d', '9d']","['6h', '7s']","['6d', '5s', '9s', '7d', '2h']",,3d,100,100
1,Pre-Flop,1,100,-100,RAISE,2,"['7d', '6s']","['3h', '6h']","['9d', '8d']",,,1,1
1,Pre-Flop,0,100,-100,RAISE,96,"['7d', '6s']","['3h', '6h']","['9d', '8d']",,,2,2
1,Pre-Flop,1,100,-100,CALL,0,"['7d', '6s']","['3h', '6h']","['9d', '8d']",,,4,4
1,Pre-Flop,0,100,-100,CHECK,0,"['7d', '6s']","['3h', '6h']","['9d', '8d']",,,100,100
1,Flop,1,100,-100,DISCARD,0,"['7d', '6s']","['3h', '6h']","['9d', '8d', 'Ad']",,,100,100
1,Flop,1,100,-100,CHECK,0,"['7d', '6s']","['3h', '3d']","['9d', '8d', 'Ad']",,6h,100,100
1,Flop,0,100,-100,CHECK,0,"['7d', '6s']","['3h', '3d']","['9d', '8d', 'Ad']",,6h,100,100
1,Turn,1,100,-100,CHECK,0,"['7d', '6s']","['3h', '3d']","['9d', '8d', 'Ad', '8h']",,6h,100,100
1,Turn,0,100,-100,CHECK,0,"['7d', '6s']","['3h', '3d']","['9d', '8d', 'Ad', '8h']",,6h,100,100
1,River,1,100,-100,CHECK,0,"['7d', '6s']","['3h', '3d']","['9d', '8d', 'Ad', '8h', '5h']",,6h,100,100
1,River,0,100,-100,CHECK,0,"['7d', '6s']","['3h', '3d']","['9d', '8d', 'Ad', '8h', '5h']",,6h,100,100
2,Pre-Flop,0,200,-200,RAISE,98,"['5d', '3h']","['4s', '6d']","['8s', '3s']",,,1,1
2,Pre-Flop,1,200,-200,CALL,0,"['5d', '3h']","['4s', '6d']","['8s', '3s']",,,2,2
2,Flop,0,200,-200,CHECK,0,"['5d', '3h']","['4s', '6d']","['8s', '3s', '5h']",,,100,100
2,Flop,1,200,-200,DISCARD,0,"['5d', '3h']","['4s', '6d']","['8s', '3s', '5h']",,,100,100
2,Flop,1,200,-200,CHECK,0,"['5d', '3h']","['4s', 'Ad']","['8s', '3s', '5h']",,6d,100,100
2,Turn,0,200,-200,CHECK,0,"['5d', '3h']","['4s', 'Ad']","['8s', '3s', '5h', '8d']",,6d,100,100
2,Turn,1,200,-200,CHECK,0,"['5d', '3h']","['4s', 'Ad']","['8s', '3s', '5h', '8d']",,6d,100,100
2,River,0,200,-200,CHECK,0,"['5d', '3h']","['4s', 'Ad']","['8s', '3s', '5h', '8d', '2h']",,6d,100,100
2,River,1,200,-200,CHECK,0,"['5d', '3h']","['4s', 'Ad']","['8s', '3s', '5h', '8d', '2h']",,6d,100,100
3,Pre-Flop,1,100,-100,RAISE,2,"['8d', '2s']","['4h', '3s']","['5h', '9s']",,,1,1
3,Pre-Flop,0,100,-100,RAISE,96,"['8d', '2s']","['4h', '3s']","['5h', '9s']",,,2,2
3,Pre-Flop,1,100,-100,CALL,0,"['8d', '2s']","['4h', '3s']","['5h', '9s']",,,4,4
3,Pre-Flop,0,100,-100,CHECK,0,"['8d', '2s']","['4h', '3s']","['5h', '9s']",,,100,100
3,Flop,1,100,-100,DISCARD,0,"['8d', '2s']","['4h', '3s']","['5h', '9s', '9d']",,,100,100
3,Flop,1,100,-100,CHECK,0,"['8d', '2s']","['4d', '3s']","['5h', '9s', '9d']",,4h,100,100
3,Flop,0,100,-100,CHECK,0,"['8d', '2s']","['4d', '3s']","['5h', '9s', '9d']",,4h,100,100
3,Turn,1,100,-100,CHECK,0,"['8d', '2s']","['4d', '3s']","['5h', '9s', '9d', 'Ah']",,4h,100,100
3,Turn,0,100,-100,CHECK,0,"['8d', '2s']","['4d', '3s']","['5h', '9s', '9d', 'Ah']",,4h,100,100
3,River,1,100,-100,CHECK,0,"['8d', '2s']","['4d', '3s']","['5h', '9s', '9d', 'Ah', '8h']",,4h,100,100
3,River,0,100,-100,CHECK,0,"['8d', '2s']","['4d', '3s']","['5h', '9s', '9d', 'Ah', '8h']",,4h,100,100
4,Pre-Flop,0,200,-200,RAISE,98,"['5s', '5h']","['Ah', 'As']","['8h', '9s']",,,1,1
4,Pre-Flop,1,200,-200,CALL,0,"['5s', '5h']","['Ah', 'As']","['8h', '9s']",,,2,2
4,Flop,0,200,-200,CHECK,0,"['5s', '5h']","['Ah', 'As']","['8h', '9s', '9d']",,,100,100
4,Flop,1,200,-200,CHECK,0,"['5s', '5h']","['Ah', 'As']","['8h', '9s', '9d']",,,100,100
4,Turn,0,200,-200,CHECK,0,"['5s', '5h']","['Ah', 'As']","['8h', '9s', '9d', '8d']",,,100,100
4,Turn,1,200,-200,CHECK,0,"['5s', '5h']","['Ah', 'As']","['8h', '9s', '9d', '8d']",,,100,100
4,River,0,200,-200,CHECK,0,"['5s', '5h']","['Ah', 'As']","['8h', '9s', '9d', '8d', '7h']",,,100,100
4,River,1,200,-200,CHECK,0,"['5s', '5h']","['Ah', 'As']","['8h', '9s', '9d', '8d', '7h']",,,100,100
5,Pre-Flop,1,100,-100,RAISE,3,"['Ah', 'As']","['5s', '9s']","['4d', 'Ad']",,,1,1
5,Pre-Flop,0,100,-100,RAISE,95,"['Ah', 'As']","['5s', '9s']","['4d', 'Ad']",,,2,2
5,Pre-Flop,1,100,-100,DISCARD,0,"['Ah', 'As']","['5s', '9s']","['4d', 'Ad']",,,5,5
5,Pre-Flop,1,100,-100,CALL,0,"['Ah', 'As']","['7h', '9s']","['4d', 'Ad']",,5s,5,5
5,Pre-Flop,0,100,-100,CHECK,0,"['Ah', 'As']","['7h', '9s']","['4d', 'Ad']",,5s,100,100
5,Flop,1,100,-100,CHECK,0,"['Ah', 'As']","['7h', '9s']","['4d', 'Ad', '9d']",,5s,100,100
5,Flop,0,100,-100,CHECK,0,"['Ah', 'As']","['7h', '9s']","['4d', 'Ad', '9d']",,5s,100,100
5,Turn,1,100,-100,CHECK,0,"['Ah', 'As']","['7h', '9s']","['4d', 'Ad', '9d', '3s']",,5s,100,100
5,Turn,0,100,-100,CHECK,0,"['Ah', 'As']","['7h', '9s']","['4d', 'Ad', '9d', '3s']",,5s,100,100
5,River,1,100,-100,CHECK,0,"['Ah', 'As']","['7h', '9s']","['4d', 'Ad', '9d', '3s', '5d']",,5s,100,100
5,River,0,100,-100,CHECK,0,"['Ah', 'As']","['7h', '9s']","['4d', 'Ad', '9d', '3s', '5d']",,5s,100,100
6,Pre-Flop,0,200,-200,RAISE,98,"['4d', '2s']","['2d', '7h']","['5s', '3s']",,,1,1
6,Pre-Flop,1,200,-200,CALL,0,"['4d', '2s']","['2d', '7h']","['5s', '3s']",,,2,2
6,Flop,0,200,-200,CHECK,0,"['4d', '2s']","['2d', '7h']","['5s', '3s', '7s']",,,100,100
6,Flop,1,200,-200,DISCARD,0,"['4d', '2s']","['2d', '7h']","['5s', '3s', '7s']",,,100,100
6,Flop,1,200,-200,CHECK,0,"['4d', '2s']","['3d', '7h']","['5s', '3s', '7s']",,2d,100,100
6,Turn,0,200,-200,CHECK,0,"['4d', '2s']","['3d', '7h']","['5s', '3s', '7s', 'As']",,2d,100,100
6,Turn,1,200,-200,CHECK,0,"['4d', '2s']","['3d', '7h']","['5s', '3s', '7s', 'As']",,2d,100,100
6,River,0,200,-200,CHECK,0,"['4d', '2s']","['3d', '7h']","['5s', '3s', '7s', 'As', 'Ad']",,2d,100,100
6,River,1,200,-200,CHECK,0,"['4d', '2s']","['3d', '7h']","['5s', '3s', '7s', 'As', 'Ad']",,2d,100,100
7,Pre-Flop,1,300,-300,RAISE,3,"['4s', '5h']","['As', '6s']","['8h', '7h']",,,1,1
7,Pre-Flop,0,300,-300,RAISE,95,"['4s', '5h']","['As', '6s']","['8h', '7h']",,,2,2
7,Pre-Flop,1,300,-300,CALL,0,"['4s', '5h']","['As', '6s']","['8h', '7h']",,,5,5
7,Pre-Flop,0,300,-300,CHECK,0,"['4s', '5h']","['As', '6s']","['8h', '7h']",,,100,100
7,Flop,1,300,-300,DISCARD,0,"['4s', '5h']","['As', '6s']","['8h', '7h', '3s']",,,100,100
7,Flop,1,300,-300,CHECK,0,"['4s', '5h']","['As', '9d']","['8h', '7h', '3s']",,6s,100,100
7,Flop,0,300,-300,CHECK,0,"['4s', '5h']","['As', '9d']","['8h', '7h', '3s']",,6s,100,100
7,Turn,1,300,-300,CHECK,0,"['4s', '5h']","['As', '9d']","['8h', '7h', '3s', 'Ad']",,6s,100,100
7,Turn,0,300,-300,CHECK,0,"['4s', '5h']","['As', '9d']","['8h', '7h', '3s', 'Ad']",,6s,100,100
7,River,1,300,-300,CHECK,0,"['4s', '5h']","['As', '9d']","['8h', '7h', '3s', 'Ad', '4d']",,6s,100,100
7,River,0,300,-300,CHECK,0,"['4s', '5h']","['As', '9d']","['8h', '7h', '3s', 'Ad', '4d']",,6s,100,100
8,Pre-Flop,0,200,-200,RAISE,98,"['6s', 'Ah']","['3s', '9h']","['As', '8s']",,,1,1
8,Pre-Flop,1,200,-200,CALL,0,"['6s', 'Ah']","['3s', '9h']","['As', '8s']",,,2,2
8,Flop,0,200,-200,CHECK,0,"['6s', 'Ah']","['3s', '9h']","['As', '8s', '7s']",,,100,100
8,Flop,1,200,-200,DISCARD,0,"['6s', 'Ah']","['3s', '9h']","['As', '8s', '7s']",,,100,100
8,Flop,1,200,-200,CHECK,0,"['6s', 'Ah']","['3s', '2s']","['As', '8s', '7s']",,9h,100,100
8,Turn,0,200,-200,CHECK,0,"['6s', 'Ah']","['3s', '2s']","['As', '8s', '7s', '9d']",,9h,100,100
8,Turn,1,200,-200,CHECK,0,"['6s', 'Ah']","['3s', '2s']","['As', '8s', '7s', '9d']",,9h,100,100
8,River,0,200,-200,CHECK,0,"['6s', 'Ah']","['3s', '2s']","['As', '8s', '7s', '9d', '4s']",,9h,100,100
8,River,1,200,-200,CHECK,0,"['6s', 'Ah']","['3s', '2s']","['As', '8s', '7s', '9d', '4s']",,9h,100,100
9,Pre-Flop,1,300,-300,CALL,0,"['5d', '6s']","['2d', 'Ah']","['7h', '8h']",,,1,1
9,Pre-Flop,0,300,-300,RAISE,98,"['5d', '6s']","['2d', 'Ah']","['7h', '8h']",,,2,2
9,Pre-Flop,1,300,-300,CALL,0,"['5d', '6s']","['2d', 'Ah']","['7h', '8h']",,,2,2
9,Pre-Flop,0,300,-300,CHECK,0,"['5d', '6s']","['2d', 'Ah']","['7h', '8h']",,,100,100
9,Flop,1,300,-300,DISCARD,0,"['5d', '6s']","['2d', 'Ah']","['7h', '8h', '5s']",,,100,100
9,Flop,1,300,-300,CHECK,0,"['5d', '6s']","['2h', 'Ah']","['7h', '8h', '5s']",,2d,100,100
9,Flop,0,300,-300,CHECK,0,"['5d', '6s']","['2h', 'Ah']","['7h', '8h', '5s']",,2d,100,100
9,Turn,1,300,-300,CHECK,0,"['5d', '6s']","['2h', 'Ah']","['7h', '8h', '5s', '9d']",,2d,100,100
9,Turn,0,300,-300,CHECK,0,"['5d', '6s']","['2h', 'Ah']","['7h', '8h', '5s', '9d']",,2d,100,100
9,River,1,300,-300,CHECK,0,"['5d', '6s']","['2h', 'Ah']","['7h', '8h', '5s', '9d', '9h']",,2d,100,100
9,River,0,300,-300,CHECK,0,"['5d', '6s']","['2h', 'Ah']","['7h', '8h', '5s', '9d', '9h']",,2d,100,100
10,Pre-Flop,0,200,-200,RAISE,98,"['5h', '3h']","['As', '8s']","['9h', '5s']",,,1,1
10,Pre-Flop,1,200,-200,CALL,0,"['5h', '3h']","['As', '8s']","['9h', '5s']",,,2,2
10,Flop,0,200,-200,CHECK,0,"['5h', '3h']","['As', '8s']","['9h', '5s', '3s']",,,100,100
10,Flop,1,200,-200,CHECK,0,"['5h', '3h']","['As', '8s']","['9h', '5s', '3s']",,,100,100
10,Turn,0,200,-200,CHECK,0,"['5h', '3h']","['As', '8s']","['9h', '5s', '3s', '2s']",,,100,100
10,Turn,1,200,-200,CHECK,0,"['5h', '3h']","['As', '8s']","['9h', '5s', '3s', '2s']",,,100,100
10,River,0,200,-200,CHECK,0,"['5h', '3h']","['As', '8s']","['9h', '5s', '3s', '2s', '9s']",,,100,100
10,River,1,200,-200,CHECK,0,"['5h', '3h']","['As', '8s']","['9h', '5s', '3s', '2s', '9s']",,,100,100
11,Pre-Flop,1,100,-100,RAISE,2,"['Ad', '5h']","['7s', '6h']","['3h', '8h']",,,1,1
11,Pre-Flop,0,100,-100,RAISE,96,"['Ad', '5h']","['7s', '6h']","['3h', '8h']",,,2,2
11,Pre-Flop,1,100,-100,CALL,0,"['Ad', '5h']","['7s', '6h']","['3h', '8h']",,,4,4
11,Pre-Flop,0,100,-100,CHECK,0,"['Ad', '5h']","['7s', '6h']","['3h', '8h']",,,100,100
11,Flop,1,100,-100,DISCARD,0,"['Ad', '5h']","['7s', '6h']","['3h', '8h', 'Ah']",,,100,100
11,Flop,1,100,-100,CHECK,0,"['Ad', '5h']","['7s', '4h']","['3h', '8h', 'Ah']",,6h,100,100
11,Flop,0,100,-100,CHECK,0,"['Ad', '5h']","['7s', '4h']","['3h', '8h', 'Ah']",,6h,100,100
11,Turn,1,100,-100,CHECK,0,"['Ad', '5h']","['7s', '4h']","['3h', '8h', 'Ah', '3s']",,6h,100,100
11,Turn,0,100,-100,CHECK,0,"['Ad', '5h']","['7s', '4h']","['3h', '8h', 'Ah', '3s']",,6h,100,100
11,River,1,100,-100,CHECK,0,"['Ad', '5h']","['7s', '4h']","['3h', '8h', 'Ah', '3s', '2h']",,6h,100,100
11,River,0,100,-100,CHECK,0,"['Ad', '5h']","['7s', '4h']","['3h', '8h', 'Ah', '3s', '2h']",,6h,100,100
12,Pre-Flop,0,200,-200,RAISE,98,"['6d', '3s']","['2d', '5s']","['7d', '4d']",,,1,1
12,Pre-Flop,1,200,-200,CALL,0,"['6d', '3s']","['2d', '5s']","['7d', '4d']",,,2,2
12,Flop,0,200,-200,CHECK,0,"['6d', '3s']","['2d', '5s']","['7d', '4d', '9h']",,,100,100
12,Flop,1,200,-200,DISCARD,0,"['6d', '3s']","['2d', '5s']","['7d', '4d', '9h']",,,100,100
12,Flop,1,200,-200,CHECK,0,"['6d', '3s']","['2d', '6s']","['7d', '4d', '9h']",,5s,100,100
12,Turn,0,200,-200,CHECK,0,"['6d', '3s']","['2d', '6s']","['7d', '4d', '9h', '7s']",,5s,100,100
12,Turn,1,200,-200,CHECK,0,"['6d', '3s']","['2d', '6s']","['7d', '4d', '9h', '7s']",,5s,100,100
12,River,0,200,-200,CHECK,0,"['6d', '3s']","['2d', '6s']","['7d', '4d', '9h', '7s', '9d']",,5s,100,100
12,River,1,200,-200,CHECK,0,"['6d', '3s']","['2d', '6s']","['7d', '4d', '9h', '7s', '9d']",,5s,100,100
13,Pre-Flop,1,200,-200,RAISE,2,"['3h', '8d']","['5s', '8h']","['7s', '9s']",,,1,1
13,Pre-Flop,0,200,-200,RAISE,96,"['3h', '8d']","['5s', '8h']","['7s', '9s']",,,2,2
13,Pre-Flop,1,200,-200,CALL,0,"['3h', '8d']","['5s', '8h']","['7s', '9s']",,,4,4
13,Pre-Flop,0,200,-200,CHECK,0,"['3h', '8d']","['5s', '8h']","['7s', '9s']",,,100,100
13,Flop,1,200,-200,DISCARD,0,"['3h', '8d']","['5s', '8h']","['7s', '9s', '5h']",,,100,100
13,Flop,1,200,-200,CHECK,0,"['3h', '8d']","['5s', '3d']","['7s', '9s', '5h']",,8h,100,100
13,Flop,0,200,-200,CHECK,0,"['3h', '8d']","['5s', '3d']","['7s', '9s', '5h']",,8h,100,100
13,Turn,1,200,-200,CHECK,0,"['3h', '8d']","['5s', '3d']","['7s', '9s', '5h', '3s']",,8h,100,100
13,Turn,0,200,-200,CHECK,0,"['3h', '8d']","['5s', '3d']","['7s', '9s', '5h', '3s']",,8h,100,100
13,River,1,200,-200,CHECK,0,"['3h', '8d']","['5s', '3d']","['7s', '9s', '5h', '3s', '6d']",,8h,100,100
13,River,0,200,-200,CHECK,0,"['3h', '8d']","['5s', '3d']","['7s', '9s', '5h', '3s', '6d']",,8h,100,100
14,Pre-Flop,0,300,-300,RAISE,98,"['2s', '7d']","['7h', '9s']","['8d', '9h']",,,1,1
14,Pre-Flop,1,300,-300,CALL,0,"['2s', '7d']","['7h', '9s']","['8d', '9h']",,,2,2
14,Flop,0,300,-300,CHECK,0,"['2s', '7d']","['7h', '9s']","['8d', '9h', '6h']",,,100,100
14,Flop,1,300,-300,DISCARD,0,"['2s', '7d']","['7h', '9s']","['8d', '9h', '6h']",,,100,100
14,Flop,1,300,-300,CHECK,0,"['2s', '7d']","['7h', '5h']","['8d', '9h', '6h']",,9s,100,100
14,Turn,0,300,-300,CHECK,0,"['2s', '7d']","['7h', '5h']","['8d', '9h', '6h', '3h']",,9s,100,100
14,Turn,1,300,-300,CHECK,0,"['2s', '7d']","['7h', '5h']","['8d', '9h', '6h', '3h']",,9s,100,100
14,River,0,300,-300,CHECK,0,"['2s', '7d']","['7h', '5h']","['8d', '9h', '6h', '3h', '5s']",,9s,100,100
14,River,1,300,-300,CHECK,0,"['2s', '7d']","['7h', '5h']","['8d', '9h', '6h', '3h', '5s']",,9s,100,100
15,Pre-Flop,1,200,-200,RAISE,2,"['2s', '9d']","['3s', '6h']","['9s', 'Ad']",,,1,1
15,Pre-Flop,0,200,-200,RAISE,96,"['2s', '9d']","['3s', '6h']","['9s', 'Ad']",,,2,2
15,Pre-Flop,1,200,-200,CALL,0,"['2s', '9d']","['3s', '6h']","['9s', 'Ad']",,,4,4
15,Pre-Flop,0,200,-200,CHECK,0,"['2s', '9d']","['3s', '6h']","['9s', 'Ad']",,,100,100
15,Flop,1,200,-200,DISCARD,0,"['2s', '9d']","['3s', '6h']","['9s', 'Ad', '8d']",,,100,100
15,Flop,1,200,-200,CHECK,0,"['2s', '9d']","['3s', '6d']","['9s', 'Ad', '8d']",,6h,100,100
15,Flop,0,200,-200,CHECK,0,"['2s', '9d']","['3s', '6d']","['9s', 'Ad', '8d']",,6h,100,100
15,Turn,1,200,-200,CHECK,0,"['2s', '9d']","['3s', '6d']","['9s', 'Ad', '8d', '5h']",,6h,100,100
15,Turn,0,200,-200,CHECK,0,"['2s', '9d']","['3s', '6d']","['9s', 'Ad', '8d', '5h']",,6h,100,100
15,River,1,200,-200,CHECK,0,"['2s', '9d']","['3s', '6d']","['9s', 'Ad', '8d', '5h', '4s']",,6h,100,100
15,River,0,200,-200,CHECK,0,"['2s', '9d']","['3s', '6d']","['9s', 'Ad', '8d', '5h', '4s']",,6h,100,100
16,Pre-Flop,0,300,-300,RAISE,98,"['2s', 'Ah']","['4h', '8d']","['2h', '3s']",,,1,1
16,Pre-Flop,1,300,-300,CALL,0,"['2s', 'Ah']","['4h', '8d']","['2h', '3s']",,,2,2
16,Flop,0,300,-300,CHECK,0,"['2s', 'Ah']","['4h', '8d']","['2h', '3s', '7s']",,,100,100
16,Flop,1,300,-300,DISCARD,0,"['2s', 'Ah']","['4h', '8d']","['2h', '3s', '7s']",,,100,100
16,Flop,1,300,-300,CHECK,0,"['2s', 'Ah']","['4h', 'Ad']","['2h', '3s', '7s']",,8d,100,100
16,Turn,0,300,-300,CHECK,0,"['2s', 'Ah']","['4h', 'Ad']","['2h', '3s', '7s', 'As']",,8d,100,100
16,Turn,1,300,-300,CHECK,0,"['2s', 'Ah']","['4h', 'Ad']","['2h', '3s', '7s', 'As']",,8d,100,100
16,River,0,300,-300,CHECK,0,"['2s', 'Ah']","['4h', 'Ad']","['2h', '3s', '7s', 'As', '3d']",,8d,100,100
16,River,1,300,-300,CHECK,0,"['2s', 'Ah']","['4h', 'Ad']","['2h', '3s', '7s', 'As', '3d']",,8d,100,100
17,Pre-Flop,1,300,-300,RAISE,2,"['As', '2d']","['3h', '4s']","['5h', '7d']",,,1,1
17,Pre-Flop,0,300,-300,RAISE,96,"['As', '2d']","['3h', '4s']","['5h', '7d']",,,2,2
17,Pre-Flop,1,300,-300,CALL,0,"['As', '2d']","['3h', '4s']","['5h', '7d']",,,4,4
17,Pre-Flop,0,300,-300,CHECK,0,"['As', '2d']","['3h', '4s']","['5h', '7d']",,,100,100
17,Flop,1,300,-300,DISCARD,0,"['As', '2d']","['3h', '4s']","['5h', '7d', '4d']",,,100,100
17,Flop,1,300,-300,CHECK,0,"['As', '2d']","['3h', '3d']","['5h', '7d', '4d']",,4s,100,100
17,Flop,0,300,-300,CHECK,0,"['As', '2d']","['3h', '3d']","['5h', '7d', '4d']",,4s,100,100
17,Turn,1,300,-300,CHECK,0,"['As', '2d']","['3h', '3d']","['5h', '7d', '4d', 'Ah']",,4s,100,100
17,Turn,0,300,-300,CHECK,0,"['As', '2d']","['3h', '3d']","['5h', '7d', '4d', 'Ah']",,4s,100,100
17,River,1,300,-300,CHECK,0,"['As', '2d']","['3h', '3d']","['5h', '7d', '4d', 'Ah', '9h']",,4s,100,100
17,River,0,300,-300,CHECK,0,"['As', '2d']","['3h', '3d']","['5h', '7d', '4d', 'Ah', '9h']",,4s,100,100
18,Pre-Flop,0,400,-400,RAISE,98,"['8s', '5h']","['2d', '4h']","['As', 'Ad']",,,1,1
18,Pre-Flop,1,400,-400,DISCARD,0,"['8s', '5h']","['2d', '4h']","['As', 'Ad']",,,2,2
18,Pre-Flop,1,400,-400,CALL,0,"['8s', '5h']","['Ah', '4h']","['As', 'Ad']",,2d,2,2
18,Flop,0,400,-400,CHECK,0,"['8s', '5h']","['Ah', '4h']","['As', 'Ad', '9h']",,2d,100,100
18,Flop,1,400,-400,CHECK,0,"['8s', '5h']","['Ah', '4h']","['As', 'Ad', '9h']",,2d,100,100
18,Turn,0,400,-400,CHECK,0,"['8s', '5h']","['Ah', '4h']","['As', 'Ad', '9h', '6d']",,2d,100,100
18,Turn,1,400,-400,CHECK,0,"['8s', '5h']","['Ah', '4h']","['As', 'Ad', '9h', '6d']",,2d,100,100
18,River,0,400,-400,CHECK,0,"['8s', '5h']","['Ah', '4h']","['As', 'Ad', '9h', '6d', '6s']",,2d,100,100
18,River,1,400,-400,CHECK,0,"['8s', '5h']","['Ah', '4h']","['As', 'Ad', '9h', '6d', '6s']",,2d,100,100
19,Pre-Flop,1,300,-300,FOLD,0,"['9d', '6h']","['3h', '4d']","['8h', '5h']",,,1,1
20,Pre-Flop,0,301,-301,RAISE,98,"['Ah', '9h']","['4d', '7d']","['7h', '3d']",,,1,1
20,Pre-Flop,1,301,-301,CALL,0,"['Ah', '9h']","['4d', '7d']","['7h', '3d']",,,2,2
20,Flop,0,301,-301,CHECK,0,"['Ah', '9h']","['4d', '7d']","['7h', '3d', '4h']",,,100,100
20,Flop,1,301,-301,DISCARD,0,"['Ah', '9h']","['4d', '7d']","['7h', '3d', '4h']",,,100,100
20,Flop,1,301,-301,CHECK,0,"['Ah', '9h']","['4s', '7d']","['7h', '3d', '4h']",,4d,100,100
20,Turn,0,301,-301,CHECK,0,"['Ah', '9h']","['4s', '7d']","['7h', '3d', '4h', '9d']",,4d,100,100
20,Turn,1,301,-301,CHECK,0,"['Ah', '9h']","['4s', '7d']","['7h', '3d', '4h', '9d']",,4d,100,100
20,River,0,301,-301,CHECK,0,"['Ah', '9h']","['4s', '7d']","['7h', '3d', '4h', '9d', '2s']",,4d,100,100
20,River,1,301,-301,CHECK,0,"['Ah', '9h']","['4s', '7d']","['7h', '3d', '4h', '9d', '2s']",,4d,100,100
21,Pre-Flop,1,201,-201,RAISE,2,"['9s', '9d']","['3d', '3s']","['8s', '5d']",,,1,1
21,Pre-Flop,0,201,-201,RAISE,96,"['9s', '9d']","['3d', '3s']","['8s', '5d']",,,2,2
21,Pre-Flop,1,201,-201,CALL,0,"['9s', '9d']","['3d', '3s']","['8s', '5d']",,,4,4
21,Pre-Flop,0,201,-201,CHECK,0,"['9s', '9d']","['3d', '3s']","['8s', '5d']",,,100,100
21,Flop,1,201,-201,DISCARD,0,"['9s', '9d']","['3d', '3s']","['8s', '5d', 'Ah']",,,100,100
21,Flop,1,201,-201,CHECK,0,"['9s', '9d']","['4s', '3s']","['8s', '5d', 'Ah']",,3d,100,100
21,Flop,0,201,-201,CHECK,0,"['9s', '9d']","['4s', '3s']","['8s', '5d', 'Ah']",,3d,100,100
21,Turn,1,201,-201,CHECK,0,"['9s', '9d']","['4s', '3s']","['8s', '5d', 'Ah', '5h']",,3d,100,100
21,Turn,0,201,-201,CHECK,0,"['9s', '9d']","['4s', '3s']","['8s', '5d', 'Ah', '5h']",,3d,100,100
21,River,1,201,-201,CHECK,0,"['9s', '9d']","['4s', '3s']","['8s', '5d', 'Ah', '5h', '7s']",,3d,100,100
21,River,0,201,-201,CHECK,0,"['9s', '9d']","['4s', '3s']","['8s', '5d', 'Ah', '5h', '7s']",,3d,100,100
22,Pre-Flop,0,301,-301,RAISE,98,"['8h', '3d']","['3h', '6s']","['6h', '8d']",,,1,1
22,Pre-Flop,1,301,-301,CALL,0,"['8h', '3d']","['3h', '6s']","['6h', '8d']",,,2,2
22,Flop,0,301,-301,CHECK,0,"['8h', '3d']","['3h', '6s']","['6h', '8d', '9d']",,,100,100
22,Flop,1,301,-301,DISCARD,0,"['8h', '3d']","['3h', '6s']","['6h', '8d', '9d']",,,100,100
22,Flop,1,301,-301,CHECK,0,"['8h', '3d']","['2h', '6s']","['6h', '8d', '9d']",,3h,100,100
22,Turn,0,301,-301,CHECK,0,"['8h', '3d']","['2h', '6s']","['6h', '8d', '9d', '2d']",,3h,100,100
22,Turn,1,301,-301,CHECK,0,"['8h', '3d']","['2h', '6s']","['6h', '8d', '9d', '2d']",,3h,100,100
22,River,0,301,-301,CHECK,0,"['8h', '3d']","['2h', '6s']","['6h', '8d', '9d', '2d', '5h']",,3h,100,100
22,River,1,301,-301,CHECK,0,"['8h', '3d']","['2h', '6s']","['6h', '8d', '9d', '2d', '5h']",,3h,100,100
23,Pre-Flop,1,201,-201,RAISE,2,"['3s', '9s']","['7d', '4s']","['Ah', '8d']",,,1,1
23,Pre-Flop,0,201,-201,RAISE,96,"['3s', '9s']","['7d', '4s']","['Ah', '8d']",,,2,2
23,Pre-Flop,1,201,-201,CALL,0,"['3s', '9s']","['7d', '4s']","['Ah', '8d']",,,4,4
23,Pre-Flop,0,201,-201,CHECK,0,"['3s', '9s']","['7d', '4s']","['Ah', '8d']",,,100,100
23,Flop,1,201,-201,DISCARD,0,"['3s', '9s']","['7d', '4s']","['Ah', '8d', '6s']",,,100,100
23,Flop,1,201,-201,CHECK,0,"['3s', '9s']","['7d', '8h']","['Ah', '8d', '6s']",,4s,100,100
23,Flop,0,201,-201,CHECK,0,"['3s', '9s']","['7d', '8h']","['Ah', '8d', '6s']",,4s,100,100
23,Turn,1,201,-201,CHECK,0,"['3s', '9s']","['7d', '8h']","['Ah', '8d', '6s', '3h']",,4s,100,100
23,Turn,0,201,-201,CHECK,0,"['3s', '9s']","['7d', '8h']","['Ah', '8d', '6s', '3h']",,4s,100,100
23,River,1,201,-201,CHECK,0,"['3s', '9s']","['7d', '8h']","['Ah', '8d', '6s', '3h', '2d']",,4s,100,100
23,River,0,201,-201,CHECK,0,"['3s', '9s']","['7d', '8h']","['Ah', '8d', '6s', '3h', '2d']",,4s,100,100
24,Pre-Flop,0,101,-101,RAISE,98,"['7s', '2d']","['2s', '5s']","['As', '6d']",,,1,1
24,Pre-Flop,1,101,-101,CALL,0,"['7s', '2d']","['2s', '5s']","['As', '6d']",,,2,2
24,Flop,0,101,-101,CHECK,0,"['7s', '2d']","['2s', '5s']","['As', '6d', '9h']",,,100,100
24,Flop,1,101,-101,DISCARD,0,"['7s', '2d']","['2s', '5s']","['As', '6d', '9h']",,,100,100
24,Flop,1,101,-101,CHECK,0,"['7s', '2d']","['Ah', '5s']","['As', '6d', '9h']",,2s,100,100
24,Turn,0,101,-101,CHECK,0,"['7s', '2d']","['Ah', '5s']","['As', '6d', '9h', '3s']",,2s,100,100
24,Turn,1,101,-101,CHECK,0,"['7s', '2d']","['Ah', '5s']","['As', '6d', '9h', '3s']",,2s,100,100
24,River,0,101,-101,CHECK,0,"['7s', '2d']","['Ah', '5s']","['As', '6d', '9h', '3s', '4s']",,2s,100,100
24,River,1,101,-101,CHECK,0,"['7s', '2d']","['Ah', '5s']","['As', '6d', '9h', '3s', '4s']",,2s,100,100
25,Pre-Flop,1,1,-1,DISCARD,0,"['8h', '6h']","['3s', 'Ah']","['As', '2s']",,,1,1
25,Pre-Flop,1,1,-1,RAISE,2,"['8h', '6h']","['3s', '7h']","['As', '2s']",,Ah,1,1
25,Pre-Flop,0,1,-1,RAISE,96,"['8h', '6h']","['3s', '7h']","['As', '2s']",,Ah,2,2
25,Pre-Flop,1,1,-1,CALL,0,"['8h', '6h']","['3s', '7h']","['As', '2s']",,Ah,4,4
25,Pre-Flop,0,1,-1,CHECK,0,"['8h', '6h']","['3s', '7h']","['As', '2s']",,Ah,100,100
25,Flop,1,1,-1,CHECK,0,"['8h', '6h']","['3s', '7h']","['As', '2s', '9d']",,Ah,100,100
25,Flop,0,1,-1,CHECK,0,"['8h', '6h']","['3s', '7h']","['As', '2s', '9d']",,Ah,100,100
25,Turn,1,1,-1,CHECK,0,"['8h', '6h']","['3s', '7h']","['As', '2s', '9d', '2d']",,Ah,100,100
25,Turn,0,1,-1,CHECK,0,"['8h', '6h']","['3s', '7h']","['As', '2s', '9d', '2d']",,Ah,100,100
25,River,1,1,-1,CHECK,0,"['8h', '6h']","['3s', '7h']","['As', '2s', '9d', '2d', '9h']",,Ah,100,100
25,River,0,1,-1,CHECK,0,"['8h', '6h']","['3s', '7h']","['As', '2s', '9d', '2d', '9h']",,Ah,100,100
26,Pre-Flop,0,1,-1,RAISE,98,"['8d', '2h']","['5s', '6d']","['7s', '5d']",,,1,1
26,Pre-Flop,1,1,-1,CALL,0,"['8d', '2h']","['5s', '6d']","['7s', '5d']",,,2,2
26,Flop,0,1,-1,CHECK,0,"['8d', '2h']","['5s', '6d']","['7s', '5d', '9d']",,,100,100
26,Flop,1,1,-1,CHECK,0,"['8d', '2h']","['5s', '6d']","['7s', '5d', '9d']",,,100,100
26,Turn,0,1,-1,CHECK,0,"['8d', '2h']","['5s', '6d']","['7s', '5d', '9d', '3s']",,,100,100
26,Turn,1,1,-1,CHECK,0,"['8d', '2h']","['5s', '6d']","['7s', '5d', '9d', '3s']",,,100,100
26,River,0,1,-1,CHECK,0,"['8d', '2h']","['5s', '6d']","['7s', '5d', '9d', '3s', 'Ad']",,,100,100
26,River,1,1,-1,CHECK,0,"['8d', '2h']","['5s', '6d']","['7s', '5d', '9d', '3s', 'Ad']",,,100,100
27,Pre-Flop,1,-99,99,RAISE,3,"['8d', '6h']","['8s', '3h']","['5h', '5s']",,,1,1
27,Pre-Flop,0,-99,99,RAISE,95,"['8d', '6h']","['8s', '3h']","['5h', '5s']",,,2,2
27,Pre-Flop,1,-99,99,CALL,0,"['8d', '6h']","['8s', '3h']","['5h', '5s']",,,5,5
27,Pre-Flop,0,-99,99,CHECK,0,"['8d', '6h']","['8s', '3h']","['5h', '5s']",,,100,100
27,Flop,1,-99,99,DISCARD,0,"['8d', '6h']","['8s', '3h']","['5h', '5s', '6s']",,,100,100
27,Flop,1,-99,99,CHECK,0,"['8d', '6h']","['8s', '7h']","['5h', '5s', '6s']",,3h,100,100
27,Flop,0,-99,99,CHECK,0,"['8d', '6h']","['8s', '7h']","['5h', '5s', '6s']",,3h,100,100
27,Turn,1,-99,99,CHECK,0,"['8d', '6h']","['8s', '7h']","['5h', '5s', '6s', '2s']",,3h,100,100
27,Turn,0,-99,99,CHECK,0,"['8d', '6h']","['8s', '7h']","['5h', '5s', '6s', '2s']",,3h,100,100
27,River,1,-99,99,CHECK,0,"['8d', '6h']","['8s', '7h']","['5h', '5s', '6s', '2s', '4h']",,3h,100,100
27,River,0,-99,99,CHECK,0,"['8d', '6h']","['8s', '7h']","['5h', '5s', '6s', '2s', '4h']",,3h,100,100
28,Pre-Flop,0,-199,199,RAISE,98,"['Ah', '4s']","['As', '3s']","['2s', '7s']",,,1,1
28,Pre-Flop,1,-199,199,CALL,0,"['Ah', '4s']","['As', '3s']","['2s', '7s']",,,2,2
28,Flop,0,-199,199,CHECK,0,"['Ah', '4s']","['As', '3s']","['2s', '7s', '3d']",,,100,100
28,Flop,1,-199,199,DISCARD,0,"['Ah', '4s']","['As', '3s']","['2s', '7s', '3d']",,,100,100
28,Flop,1,-199,199,CHECK,0,"['Ah', '4s']","['6h', '3s']","['2s', '7s', '3d']",,As,100,100
28,Turn,0,-199,199,CHECK,0,"['Ah', '4s']","['6h', '3s']","['2s', '7s', '3d', '5s']",,As,100,100
28,Turn,1,-199,199,CHECK,0,"['Ah', '4s']","['6h', '3s']","['2s', '7s', '3d', '5s']",,As,100,100
28,River,0,-199,199,CHECK,0,"['Ah', '4s']","['6h', '3s']","['2s', '7s', '3d', '5s', '4d']",,As,100,100
28,River,1,-199,199,CHECK,0,"['Ah', '4s']","['6h', '3s']","['2s', '7s', '3d', '5s', '4d']",,As,100,100
29,Pre-Flop,1,-299,299,RAISE,2,"['As', '2s']","['4d', '3d']","['6h', '9d']",,,1,1
29,Pre-Flop,0,-299,299,RAISE,96,"['As', '2s']","['4d', '3d']","['6h', '9d']",,,2,2
29,Pre-Flop,1,-299,299,CALL,0,"['As', '2s']","['4d', '3d']","['6h', '9d']",,,4,4
29,Pre-Flop,0,-299,299,CHECK,0,"['As', '2s']","['4d', '3d']","['6h', '9d']",,,100,100
29,Flop,1,-299,299,DISCARD,0,"['As', '2s']","['4d', '3d']","['6h', '9d', '2h']",,,100,100
29,Flop,1,-299,299,CHECK,0,"['As', '2s']","['4d', '2d']","['6h', '9d', '2h']",,3d,100,100
29,Flop,0,-299,299,CHECK,0,"['As', '2s']","['4d', '2d']","['6h', '9d', '2h']",,3d,100,100
29,Turn,1,-299,299,CHECK,0,"['As', '2s']","['4d', '2d']","['6h', '9d', '2h', '4s']",,3d,100,100
29,Turn,0,-299,299,CHECK,0,"['As', '2s']","['4d', '2d']","['6h', '9d', '2h', '4s']",,3d,100,100
29,River,1,-299,299,CHECK,0,"['As', '2s']","['4d', '2d']","['6h', '9d', '2h', '4s', 'Ah']",,3d,100,100
29,River,0,-299,299,CHECK,0,"['As', '2s']","['4d', '2d']","['6h', '9d', '2h', '4s', 'Ah']",,3d,100,100
30,Pre-Flop,0,-199,199,RAISE,98,"['6d', '3s']","['7d', '2d']","['2s', '5d']",,,1,1
30,Pre-Flop,1,-199,199,DISCARD,0,"['6d', '3s']","['7d', '2d']","['2s', '5d']",,,2,2
30,Pre-Flop,1,-199,199,CALL,0,"['6d', '3s']","['7d', '7h']","['2s', '5d']",,2d,2,2
30,Flop,0,-199,199,CHECK,0,"['6d', '3s']","['7d', '7h']","['2s', '5d', '7s']",,2d,100,100
30,Flop,1,-199,199,CHECK,0,"['6d', '3s']","['7d', '7h']","['2s', '5d', '7s']",,2d,100,100
30,Turn,0,-199,199,CHECK,0,"['6d', '3s']","['7d', '7h']","['2s', '5d', '7s', '6s']",,2d,100,100
30,Turn,1,-199,199,CHECK,0,"['6d', '3s']","['7d', '7h']","['2s', '5d', '7s', '6s']",,2d,100,100
30,River,0,-199,199,CHECK,0,"['6d', '3s']","['7d', '7h']","['2s', '5d', '7s', '6s', '9s']",,2d,100,100
30,River,1,-199,199,CHECK,0,"['6d', '3s']","['7d', '7h']","['2s', '5d', '7s', '6s', '9s']",,2d,100,100
31,Pre-Flop,1,-99,99,RAISE,2,"['7d', '4h']","['5h', '9s']","['2s', '7h']",,,1,1
31,Pre-Flop,0,-99,99,RAISE,96,"['7d', '4h']","['5h', '9s']","['2s', '7h']",,,2,2
31,Pre-Flop,1,-99,99,CALL,0,"['7d', '4h']","['5h', '9s']","['2s', '7h']",,,4,4
31,Pre-Flop,0,-99,99,CHECK,0,"['7d', '4h']","['5h', '9s']","['2s', '7h']",,,100,100
31,Flop,1,-99,99,DISCARD,0,"['7d', '4h']","['5h', '9s']","['2s', '7h', '4d']",,,100,100
31,Flop,1,-99,99,CHECK,0,"['7d', '4h']","['5h', '5d']","['2s', '7h', '4d']",,9s,100,100
31,Flop,0,-99,99,CHECK,0,"['7d', '4h']","['5h', '5d']","['2s', '7h', '4d']",,9s,100,100
31,Turn,1,-99,99,CHECK,0,"['7d', '4h']","['5h', '5d']","['2s', '7h', '4d', '8d']",,9s,100,100
31,Turn,0,-99,99,CHECK,0,"['7d', '4h']","['5h', '5d']","['2s', '7h', '4d', '8d']",,9s,100,100
31,River,1,-99,99,CHECK,0,"['7d', '4h']","['5h', '5d']","['2s', '7h', '4d', '8d', 'As']",,9s,100,100
31,River,0,-99,99,CHECK,0,"['7d', '4h']","['5h', '5d']","['2s', '7h', '4d', '8d', 'As']",,9s,100,100
32,Pre-Flop,0,1,-1,RAISE,98,"['8s', '8d']","['6d', '5s']","['6s', '5d']",,,1,1
32,Pre-Flop,1,1,-1,CALL,0,"['8s', '8d']","['6d', '5s']","['6s', '5d']",,,2,2
32,Flop,0,1,-1,CHECK,0,"['8s', '8d']","['6d', '5s']","['6s', '5d', '6h']",,,100,100
32,Flop,1,1,-1,CHECK,0,"['8s', '8d']","['6d', '5s']","['6s', '5d', '6h']",,,100,100
32,Turn,0,1,-1,CHECK,0,"['8s', '8d']","['6d', '5s']","['6s', '5d', '6h', 'As']",,,100,100
32,Turn,1,1,-1,CHECK,0,"['8s', '8d']","['6d', '5s']","['6s', '5d', '6h', 'As']",,,100,100
32,River,0,1,-1,CHECK,0,"['8s', '8d']","['6d', '5s']","['6s', '5d', '6h', 'As', '9h']",,,100,100
32,River,1,1,-1,CHECK,0,"['8s', '8d']","['6d', '5s']","['6s', '5d', '6h', 'As', '9h']",,,100,100
33,Pre-Flop,1,-99,99,RAISE,2,"['3d', '5s']","['6h', 'As']","['2s', '2h']",,,1,1
33,Pre-Flop,0,-99,99,RAISE,96,"['3d', '5s']","['6h', 'As']","['2s', '2h']",,,2,2
33,Pre-Flop,1,-99,99,CALL,0,"['3d', '5s']","['6h', 'As']","['2s', '2h']",,,4,4
33,Pre-Flop,0,-99,99,CHECK,0,"['3d', '5s']","['6h', 'As']","['2s', '2h']",,,100,100
33,Flop,1,-99,99,DISCARD,0,"['3d', '5s']","['6h', 'As']","['2s', '2h', '6s']",,,100,100
33,Flop,1,-99,99,CHECK,0,"['3d', '5s']","['6h', '4h']","['2s', '2h', '6s']",,As,100,100
33,Flop,0,-99,99,CHECK,0,"['3d', '5s']","['6h', '4h']","['2s', '2h', '6s']",,As,100,100
33,Turn,1,-99,99,CHECK,0,"['3d', '5s']","['6h', '4h']","['2s', '2h', '6s', '6d']",,As,100,100
33,Turn,0,-99,99,CHECK,0,"['3d', '5s']","['6h', '4h']","['2s', '2h', '6s', '6d']",,As,100,100
33,River,1,-99,99,CHECK,0,"['3d', '5s']","['6h', '4h']","['2s', '2h', '6s', '6d', '8s']",,As,100,100
33,River,0,-99,99,CHECK,0,"['3d', '5s']","['6h', '4h']","['2s', '2h', '6s', '6d', '8s']",,As,100,100
34,Pre-Flop,0,-199,199,RAISE,98,"['5s', '2d']","['7s', '8h']","['3s', 'As']",,,1,1
34,Pre-Flop,1,-199,199,CALL,0,"['5s', '2d']","['7s', '8h']","['3s', 'As']",,,2,2
34,Flop,0,-199,199,CHECK,0,"['5s', '2d']","['7s', '8h']","['3s', 'As', '4s']",,,100,100
34,Flop,1,-199,199,DISCARD,0,"['5s', '2d']","['7s', '8h']","['3s', 'As', '4s']",,,100,100
34,Flop,1,-199,199,CHECK,0,"['5s', '2d']","['7s', '5h']","['3s', 'As', '4s']",,8h,100,100
34,Turn,0,-199,199,CHECK,0,"['5s', '2d']","['7s', '5h']","['3s', 'As', '4s', '3h']",,8h,100,100
34,Turn,1,-199,199,CHECK,0,"['5s', '2d']","['7s', '5h']","['3s', 'As', '4s', '3h']",,8h,100,100
34,River,0,-199,199,CHECK,0,"['5s', '2d']","['7s', '5h']","['3s', 'As', '4s', '3h', '6s']",,8h,100,100
34,River,1,-199,199,CHECK,0,"['5s', '2d']","['7s', '5h']","['3s', 'As', '4s', '3h', '6s']",,8h,100,100
35,Pre-Flop,1,-299,299,DISCARD,0,"['5h', '8h']","['Ah', '6d']","['8d', '7d']",,,1,1
35,Pre-Flop,1,-299,299,RAISE,2,"['5h', '8h']","['Ah', '9d']","['8d', '7d']",,6d,1,1
35,Pre-Flop,0,-299,299,RAISE,96,"['5h', '8h']","['Ah', '9d']","['8d', '7d']",,6d,2,2
35,Pre-Flop,1,-299,299,CALL,0,"['5h', '8h']","['Ah', '9d']","['8d', '7d']",,6d,4,4
35,Pre-Flop,0,-299,299,CHECK,0,"['5h', '8h']","['Ah', '9d']","['8d', '7d']",,6d,100,100
35,Flop,1,-299,299,CHECK,0,"['5h', '8h']","['Ah', '9d']","['8d', '7d', '7s']",,6d,100,100
35,Flop,0,-299,299,CHECK,0,"['5h', '8h']","['Ah', '9d']","['8d', '7d', '7s']",,6d,100,100
35,Turn,1,-299,299,CHECK,0,"['5h', '8h']","['Ah', '9d']","['8d', '7d', '7s', '2s']",,6d,100,100
35,Turn,0,-299,299,CHECK,0,"['5h', '8h']","['Ah', '9d']","['8d', '7d', '7s', '2s']",,6d,100,100
35,River,1,-299,299,CHECK,0,"['5h', '8h']","['Ah', '9d']","['8d', '7d', '7s', '2s', '3d']",,6d,100,100
35,River,0,-299,299,CHECK,0,"['5h', '8h']","['Ah', '9d']","['8d', '7d', '7s', '2s', '3d']",,6d,100,100
36,Pre-Flop,0,-199,199,RAISE,98,"['4s', '2d']","['5d', '4d']","['Ah', '7s']",,,1,1
36,Pre-Flop,1,-199,199,DISCARD,0,"['4s', '2d']","['5d', '4d']","['Ah', '7s']",,,2,2
36,Pre-Flop,1,-199,199,CALL,0,"['4s', '2d']","['5d', '7d']","['Ah', '7s']",,4d,2,2
36,Flop,0,-199,199,CHECK,0,"['4s', '2d']","['5d', '7d']","['Ah', '7s', '8s']",,4d,100,100
36,Flop,1,-199,199,CHECK,0,"['4s', '2d']","['5d', '7d']","['Ah', '7s', '8s']",,4d,100,100
36,Turn,0,-199,199,CHECK,0,"['4s', '2d']","['5d', '7d']","['Ah', '7s', '8s', '2h']",,4d,100,100
36,Turn,1,-199,199,CHECK,0,"['4s', '2d']","['5d', '7d']","['Ah', '7s', '8s', '2h']",,4d,100,100
36,River,0,-199,199,CHECK,0,"['4s', '2d']","['5d', '7d']","['Ah', '7s', '8s', '2h', '2s']",,4d,100,100
36,River,1,-199,199,CHECK,0,"['4s', '2d']","['5d', '7d']","['Ah', '7s', '8s', '2h', '2s']",,4d,100,100
37,Pre-Flop,1,-99,99,RAISE,2,"['9s', '2d']","['9d', '6d']","['As', '5h']",,,1,1
37,Pre-Flop,0,-99,99,RAISE,96,"['9s', '2d']","['9d', '6d']","['As', '5h']",,,2,2
37,Pre-Flop,1,-99,99,CALL,0,"['9s', '2d']","['9d', '6d']","['As', '5h']",,,4,4
37,Pre-Flop,0,-99,99,CHECK,0,"['9s', '2d']","['9d', '6d']","['As', '5h']",,,100,100
37,Flop,1,-99,99,DISCARD,0,"['9s', '2d']","['9d', '6d']","['As', '5h', '6h']",,,100,100
37,Flop,1,-99,99,CHECK,0,"['9s', '2d']","['9d', '7h']","['As', '5h', '6h']",,6d,100,100
37,Flop,0,-99,99,CHECK,0,"['9s', '2d']","['9d', '7h']","['As', '5h', '6h']",,6d,100,100
37,Turn,1,-99,99,CHECK,0,"['9s', '2d']","['9d', '7h']","['As', '5h', '6h', 'Ah']",,6d,100,100
37,Turn,0,-99,99,CHECK,0,"['9s', '2d']","['9d', '7h']","['As', '5h', '6h', 'Ah']",,6d,100,100
37,River,1,-99,99,CHECK,0,"['9s', '2d']","['9d', '7h']","['As', '5h', '6h', 'Ah', '4s']",,6d,100,100
37,River,0,-99,99,CHECK,0,"['9s', '2d']","['9d', '7h']","['As', '5h', '6h', 'Ah', '4s']",,6d,100,100
38,Pre-Flop,0,-199,199,RAISE,98,"['2d', 'Ad']","['4d', '5h']","['3d', '8d']",,,1,1
38,Pre-Flop,1,-199,199,FOLD,0,"['2d', 'Ad']","['4d', '5h']","['3d', '8d']",,,2,2
39,Pre-Flop,1,-197,197,RAISE,2,"['2d', '7s']","['8d', '2s']","['7h', '4s']",,,1,1
39,Pre-Flop,0,-197,197,RAISE,96,"['2d', '7s']","['8d', '2s']","['7h', '4s']",,,2,2
39,Pre-Flop,1,-197,197,CALL,0,"['2d', '7s']","['8d', '2s']","['7h', '4s']",,,4,4
39,Pre-Flop,0,-197,197,CHECK,0,"['2d', '7s']","['8d', '2s']","['7h', '4s']",,,100,100
39,Flop,1,-197,197,DISCARD,0,"['2d', '7s']","['8d', '2s']","['7h', '4s', '6h']",,,100,100
39,Flop,1,-197,197,CHECK,0,"['2d', '7s']","['9d', '2s']","['7h', '4s', '6h']",,8d,100,100
39,Flop,0,-197,197,CHECK,0,"['2d', '7s']","['9d', '2s']","['7h', '4s', '6h']",,8d,100,100
39,Turn,1,-197,197,CHECK,0,"['2d', '7s']","['9d', '2s']","['7h', '4s', '6h', 'As']",,8d,100,100
39,Turn,0,-197,197,CHECK,0,"['2d', '7s']","['9d', '2s']","['7h', '4s', '6h', 'As']",,8d,100,100
39,River,1,-197,197,CHECK,0,"['2d', '7s']","['9d', '2s']","['7h', '4s', '6h', 'As', '7d']",,8d,100,100
39,River,0,-197,197,CHECK,0,"['2d', '7s']","['9d', '2s']","['7h', '4s', '6h', 'As', '7d']",,8d,100,100
40,Pre-Flop,0,-97,97,RAISE,98,"['6h', '5s']","['5d', '3h']","['8h', 'Ad']",,,1,1
40,Pre-Flop,1,-97,97,CALL,0,"['6h', '5s']","['5d', '3h']","['8h', 'Ad']",,,2,2
40,Flop,0,-97,97,CHECK,0,"['6h', '5s']","['5d', '3h']","['8h', 'Ad', '6s']",,,100,100
40,Flop,1,-97,97,DISCARD,0,"['6h', '5s']","['5d', '3h']","['8h', 'Ad', '6s']",,,100,100
40,Flop,1,-97,97,CHECK,0,"['6h', '5s']","['5d', '9s']","['8h', 'Ad', '6s']",,3h,100,100
40,Turn,0,-97,97,CHECK,0,"['6h', '5s']","['5d', '9s']","['8h', 'Ad', '6s', '8d']",,3h,100,100
40,Turn,1,-97,97,CHECK,0,"['6h', '5s']","['5d', '9s']","['8h', 'Ad', '6s', '8d']",,3h,100,100
40,River,0,-97,97,CHECK,0,"['6h', '5s']","['5d', '9s']","['8h', 'Ad', '6s', '8d', '6d']",,3h,100,100
40,River,1,-97,97,CHECK,0,"['6h', '5s']","['5d', '9s']","['8h', 'Ad', '6s', '8d', '6d']",,3h,100,100
41,Pre-Flop,1,3,-3,RAISE,2,"['6s', 'As']","['5s', '7h']","['6h', 'Ah']",,,1,1
41,Pre-Flop,0,3,-3,RAISE,96,"['6s', 'As']","['5s', '7h']","['6h', 'Ah']",,,2,2
41,Pre-Flop,1,3,-3,CALL,0,"['6s', 'As']","['5s', '7h']","['6h', 'Ah']",,,4,4
41,Pre-Flop,0,3,-3,CHECK,0,"['6s', 'As']","['5s', '7h']","['6h', 'Ah']",,,100,100
41,Flop,1,3,-3,DISCARD,0,"['6s', 'As']","['5s', '7h']","['6h', 'Ah', '5h']",,,100,100
41,Flop,1,3,-3,CHECK,0,"['6s', 'As']","['5d', '7h']","['6h', 'Ah', '5h']",,5s,100,100
41,Flop,0,3,-3,CHECK,0,"['6s', 'As']","['5d', '7h']","['6h', 'Ah', '5h']",,5s,100,100
41,Turn,1,3,-3,CHECK,0,"['6s', 'As']","['5d', '7h']","['6h', 'Ah', '5h', '9h']",,5s,100,100
41,Turn,0,3,-3,CHECK,0,"['6s', 'As']","['5d', '7h']","['6h', 'Ah', '5h', '9h']",,5s,100,100
41,River,1,3,-3,CHECK,0,"['6s', 'As']","['5d', '7h']","['6h', 'Ah', '5h', '9h', '4h']",,5s,100,100
41,River,0,3,-3,CHECK,0,"['6s', 'As']","['5d', '7h']","['6h', 'Ah', '5h', '9h', '4h']",,5s,100,100
42,Pre-Flop,0,-97,97,RAISE,98,"['8h', '4h']","['Ad', '4d']","['4s', 'Ah']",,,1,1
42,Pre-Flop,1,-97,97,CALL,0,"['8h', '4h']","['Ad', '4d']","['4s', 'Ah']",,,2,2
42,Flop,0,-97,97,CHECK,0,"['8h', '4h']","['Ad', '4d']","['4s', 'Ah', '7d']",,,100,100
42,Flop,1,-97,97,CHECK,0,"['8h', '4h']","['Ad', '4d']","['4s', 'Ah', '7d']",,,100,100
42,Turn,0,-97,97,CHECK,0,"['8h', '4h']","['Ad', '4d']","['4s', 'Ah', '7d', '8d']",,,100,100
42,Turn,1,-97,97,CHECK,0,"['8h', '4h']","['Ad', '4d']","['4s', 'Ah', '7d', '8d']",,,100,100
42,River,0,-97,97,CHECK,0,"['8h', '4h']","['Ad', '4d']","['4s', 'Ah', '7d', '8d', '5d']",,,100,100
42,River,1,-97,97,CHECK,0,"['8h', '4h']","['Ad', '4d']","['4s', 'Ah', '7d', '8d', '5d']",,,100,100
43,Pre-Flop,1,-197,197,FOLD,0,"['3h', '5d']","['6h', '4d']","['5s', 'Ah']",,,1,1
44,Pre-Flop,0,-196,196,RAISE,98,"['2s', '5h']","['8h', '7d']","['As', 'Ad']",,,1,1
44,Pre-Flop,1,-196,196,DISCARD,0,"['2s', '5h']","['8h', '7d']","['As', 'Ad']",,,2,2
44,Pre-Flop,1,-196,196,CALL,0,"['2s', '5h']","['8h', '6s']","['As', 'Ad']",,7d,2,2
44,Flop,0,-196,196,CHECK,0,"['2s', '5h']","['8h', '6s']","['As', 'Ad', '7s']",,7d,100,100
44,Flop,1,-196,196,CHECK,0,"['2s', '5h']","['8h', '6s']","['As', 'Ad', '7s']",,7d,100,100
44,Turn,0,-196,196,CHECK,0,"['2s', '5h']","['8h', '6s']","['As', 'Ad', '7s', '9s']",,7d,100,100
44,Turn,1,-196,196,CHECK,0,"['2s', '5h']","['8h', '6s']","['As', 'Ad', '7s', '9s']",,7d,100,100
44,River,0,-196,196,CHECK,0,"['2s', '5h']","['8h', '6s']","['As', 'Ad', '7s', '9s', 'Ah']",,7d,100,100
44,River,1,-196,196,CHECK,0,"['2s', '5h']","['8h', '6s']","['As', 'Ad', '7s', '9s', 'Ah']",,7d,100,100
45,Pre-Flop,1,-296,296,RAISE,2,"['7s', '9h']","['4s', '7h']","['6h', '9s']",,,1,1
45,Pre-Flop,0,-296,296,RAISE,96,"['7s', '9h']","['4s', '7h']","['6h', '9s']",,,2,2
45,Pre-Flop,1,-296,296,CALL,0,"['7s', '9h']","['4s', '7h']","['6h', '9s']",,,4,4
45,Pre-Flop,0,-296,296,CHECK,0,"['7s', '9h']","['4s', '7h']","['6h', '9s']",,,100,100
45,Flop,1,-296,296,DISCARD,0,"['7s', '9h']","['4s', '7h']","['6h', '9s', '8h']",,,100,100
45,Flop,1,-296,296,CHECK,0,"['7s', '9h']","['5h', '7h']","['6h', '9s', '8h']",,4s,100,100
45,Flop,0,-296,296,CHECK,0,"['7s', '9h']","['5h', '7h']","['6h', '9s', '8h']",,4s,100,100
45,Turn,1,-296,296,CHECK,0,"['7s', '9h']","['5h', '7h']","['6h', '9s', '8h', '4d']",,4s,100,100
45,Turn,0,-296,296,CHECK,0,"['7s', '9h']","['5h', '7h']","['6h', '9s', '8h', '4d']",,4s,100,100
45,River,1,-296,296,CHECK,0,"['7s', '9h']","['5h', '7h']","['6h', '9s', '8h', '4d', '2s']",,4s,100,100
45,River,0,-296,296,CHECK,0,"['7s', '9h']","['5h', '7h']","['6h', '9s', '8h', '4d', '2s']",,4s,100,100
46,Pre-Flop,0,-396,396,RAISE,98,"['7s', '4d']","['2d', '4s']","['7h', '9s']",,,1,1
46,Pre-Flop,1,-396,396,CALL,0,"['7s', '4d']","['2d', '4s']","['7h', '9s']",,,2,2
46,Flop,0,-396,396,CHECK,0,"['7s', '4d']","['2d', '4s']","['7h', '9s', '9h']",,,100,100
46,Flop,1,-396,396,DISCARD,0,"['7s', '4d']","['2d', '4s']","['7h', '9s', '9h']",,,100,100
46,Flop,1,-396,396,CHECK,0,"['7s', '4d']","['5d', '4s']","['7h', '9s', '9h']",,2d,100,100
46,Turn,0,-396,396,CHECK,0,"['7s', '4d']","['5d', '4s']","['7h', '9s', '9h', '3s']",,2d,100,100
46,Turn,1,-396,396,CHECK,0,"['7s', '4d']","['5d', '4s']","['7h', '9s', '9h', '3s']",,2d,100,100
46,River,0,-396,396,CHECK,0,"['7s', '4d']","['5d', '4s']","['7h', '9s', '9h', '3s', 'As']",,2d,100,100
46,River,1,-396,396,CHECK,0,"['7s', '4d']","['5d', '4s']","['7h', '9s', '9h', '3s', 'As']",,2d,100,100
47,Pre-Flop,1,-296,296,RAISE,2,"['As', '4h']","['3s', '5s']","['9d', '3d']",,,1,1
47,Pre-Flop,0,-296,296,RAISE,96,"['As', '4h']","['3s', '5s']","['9d', '3d']",,,2,2
47,Pre-Flop,1,-296,296,CALL,0,"['As', '4h']","['3s', '5s']","['9d', '3d']",,,4,4
47,Pre-Flop,0,-296,296,CHECK,0,"['As', '4h']","['3s', '5s']","['9d', '3d']",,,100,100
47,Flop,1,-296,296,DISCARD,0,"['As', '4h']","['3s', '5s']","['9d', '3d', '8s']",,,100,100
47,Flop,1,-296,296,CHECK,0,"['As', '4h']","['7s', '5s']","['9d', '3d', '8s']",,3s,100,100
47,Flop,0,-296,296,CHECK,0,"['As', '4h']","['7s', '5s']","['9d', '3d', '8s']",,3s,100,100
47,Turn,1,-296,296,CHECK,0,"['As', '4h']","['7s', '5s']","['9d', '3d', '8s', '4d']",,3s,100,100
47,Turn,0,-296,296,CHECK,0,"['As', '4h']","['7s', '5s']","['9d', '3d', '8s', '4d']",,3s,100,100
47,River,1,-296,296,CHECK,0,"['As', '4h']","['7s', '5s']","['9d', '3d', '8s', '4d', '9s']",,3s,100,100
47,River,0,-296,296,CHECK,0,"['As', '4h']","['7s', '5s']","['9d', '3d', '8s', '4d', '9s']",,3s,100,100
48,Pre-Flop,0,-196,196,RAISE,98,"['6s', '8s']","['7s', '5d']","['6d', '3d']",,,1,1
48,Pre-Flop,1,-196,196,CALL,0,"['6s', '8s']","['7s', '5d']","['6d', '3d']",,,2,2
48,Flop,0,-196,196,CHECK,0,"['6s', '8s']","['7s', '5d']","['6d', '3d', '9d']",,,100,100
48,Flop,1,-196,196,DISCARD,0,"['6s', '8s']","['7s', '5d']","['6d', '3d', '9d']",,,100,100
48,Flop,1,-196,196,CHECK,0,"['6s', '8s']","['2d', '5d']","['6d', '3d', '9d']",,7s,100,100
48,Turn,0,-196,196,CHECK,0,"['6s', '8s']","['2d', '5d']","['6d', '3d', '9d', '6h']",,7s,100,100
48,Turn,1,-196,196,CHECK,0,"['6s', '8s']","['2d', '5d']","['6d', '3d', '9d', '6h']",,7s,100,100
48,River,0,-196,196,CHECK,0,"['6s', '8s']","['2d', '5d']","['6d', '3d', '9d', '6h', '3h']",,7s,100,100
48,River,1,-196,196,CHECK,0,"['6s', '8s']","['2d', '5d']","['6d', '3d', '9d', '6h', '3h']",,7s,100,100
49,Pre-Flop,1,-96,96,DISCARD,0,"['Ad', '2d']","['8h', '4h']","['6h', '4s']",,,1,1
49,Pre-Flop,1,-96,96,RAISE,2,"['Ad', '2d']","['8h', '7h']","['6h', '4s']",,4h,1,1
49,Pre-Flop,0,-96,96,RAISE,96,"['Ad', '2d']","['8h', '7h']","['6h', '4s']",,4h,2,2
49,Pre-Flop,1,-96,96,CALL,0,"['Ad', '2d']","['8h', '7h']","['6h', '4s']",,4h,4,4
49,Pre-Flop,0,-96,96,CHECK,0,"['Ad', '2d']","['8h', '7h']","['6h', '4s']",,4h,100,100
49,Flop,1,-96,96,CHECK,0,"['Ad', '2d']","['8h', '7h']","['6h', '4s', 'As']",,4h,100,100
49,Flop,0,-96,96,CHECK,0,"['Ad', '2d']","['8h', '7h']","['6h', '4s', 'As']",,4h,100,100
49,Turn,1,-96,96,CHECK,0,"['Ad', '2d']","['8h', '7h']","['6h', '4s', 'As', '8s']",,4h,100,100
49,Turn,0,-96,96,CHECK,0,"['Ad', '2d']","['8h', '7h']","['6h', '4s', 'As', '8s']",,4h,100,100
49,River,1,-96,96,CHECK,0,"['Ad', '2d']","['8h', '7h']","['6h', '4s', 'As', '8s', '5h']",,4h,100,100
49,River,0,-96,96,CHECK,0,"['Ad', '2d']","['8h', '7h']","['6h', '4s', 'As', '8s', '5h']",,4h,100,100
50,Pre-Flop,0,-196,196,RAISE,98,"['3h', '5h']","['2s', '5s']","['3s', '9d']",,,1,1
50,Pre-Flop,1,-196,196,CALL,0,"['3h', '5h']","['2s', '5s']","['3s', '9d']",,,2,2
50,Flop,0,-196,196,CHECK,0,"['3h', '5h']","['2s', '5s']","['3s', '9d', '6h']",,,100,100
50,Flop,1,-196,196,DISCARD,0,"['3h', '5h']","['2s', '5s']","['3s', '9d', '6h']",,,100,100
50,Flop,1,-196,196,CHECK,0,"['3h', '5h']","['2s', '4d']","['3s', '9d', '6h']",,5s,100,100
50,Turn,0,-196,196,CHECK,0,"['3h', '5h']","['2s', '4d']","['3s', '9d', '6h', '2h']",,5s,100,100
50,Turn,1,-196,196,CHECK,0,"['3h', '5h']","['2s', '4d']","['3s', '9d', '6h', '2h']",,5s,100,100
50,River,0,-196,196,CHECK,0,"['3h', '5h']","['2s', '4d']","['3s', '9d', '6h', '2h', 'Ah']",,5s,100,100
50,River,1,-196,196,CHECK,0,"['3h', '5h']","['2s', '4d']","['3s', '9d', '6h', '2h', 'Ah']",,5s,100,100
51,Pre-Flop,1,-96,96,RAISE,2,"['6h', '2h']","['7h', '3h']","['9s', '8s']",,,1,1
51,Pre-Flop,0,-96,96,RAISE,96,"['6h', '2h']","['7h', '3h']","['9s', '8s']",,,2,2
51,Pre-Flop,1,-96,96,CALL,0,"['6h', '2h']","['7h', '3h']","['9s', '8s']",,,4,4
51,Pre-Flop,0,-96,96,CHECK,0,"['6h', '2h']","['7h', '3h']","['9s', '8s']",,,100,100
51,Flop,1,-96,96,DISCARD,0,"['6h', '2h']","['7h', '3h']","['9s', '8s', '5h']",,,100,100
51,Flop,1,-96,96,CHECK,0,"['6h', '2h']","['7h', 'Ah']","['9s', '8s', '5h']",,3h,100,100
51,Flop,0,-96,96,CHECK,0,"['6h', '2h']","['7h', 'Ah']","['9s', '8s', '5h']",,3h,100,100
51,Turn,1,-96,96,CHECK,0,"['6h', '2h']","['7h', 'Ah']","['9s', '8s', '5h', '4s']",,3h,100,100
51,Turn,0,-96,96,CHECK,0,"['6h', '2h']","['7h', 'Ah']","['9s', '8s', '5h', '4s']",,3h,100,100
51,River,1,-96,96,CHECK,0,"['6h', '2h']","['7h', 'Ah']","['9s', '8s', '5h', '4s', 'Ad']",,3h,100,100
51,River,0,-96,96,CHECK,0,"['6h', '2h']","['7h', 'Ah']","['9s', '8s', '5h', '4s', 'Ad']",,3h,100,100
52,Pre-Flop,0,-196,196,RAISE,98,"['8d', '3s']","['5s', '3h']","['6d', '9h']",,,1,1
52,Pre-Flop,1,-196,196,CALL,0,"['8d', '3s']","['5s', '3h']","['6d', '9h']",,,2,2
52,Flop,0,-196,196,CHECK,0,"['8d', '3s']","['5s', '3h']","['6d', '9h', '4d']",,,100,100
52,Flop,1,-196,196,DISCARD,0,"['8d', '3s']","['5s', '3h']","['6d', '9h', '4d']",,,100,100
52,Flop,1,-196,196,CHECK,0,"['8d', '3s']","['5s', '2d']","['6d', '9h', '4d']",,3h,100,100
52,Turn,0,-196,196,CHECK,0,"['8d', '3s']","['5s', '2d']","['6d', '9h', '4d', '9s']",,3h,100,100
52,Turn,1,-196,196,CHECK,0,"['8d', '3s']","['5s', '2d']","['6d', '9h', '4d', '9s']",,3h,100,100
52,River,0,-196,196,CHECK,0,"['8d', '3s']","['5s', '2d']","['6d', '9h', '4d', '9s', '6s']",,3h,100,100
52,River,1,-196,196,CHECK,0,"['8d', '3s']","['5s', '2d']","['6d', '9h', '4d', '9s', '6s']",,3h,100,100
53,Pre-Flop,1,-96,96,RAISE,2,"['6d', '9s']","['6h', 'Ad']","['5s', '8s']",,,1,1
53,Pre-Flop,0,-96,96,RAISE,96,"['6d', '9s']","['6h', 'Ad']","['5s', '8s']",,,2,2
53,Pre-Flop,1,-96,96,CALL,0,"['6d', '9s']","['6h', 'Ad']","['5s', '8s']",,,4,4
53,Pre-Flop,0,-96,96,CHECK,0,"['6d', '9s']","['6h', 'Ad']","['5s', '8s']",,,100,100
53,Flop,1,-96,96,DISCARD,0,"['6d', '9s']","['6h', 'Ad']","['5s', '8s', '3s']",,,100,100
53,Flop,1,-96,96,CHECK,0,"['6d', '9s']","['6h', '9h']","['5s', '8s', '3s']",,Ad,100,100
53,Flop,0,-96,96,CHECK,0,"['6d', '9s']","['6h', '9h']","['5s', '8s', '3s']",,Ad,100,100
53,Turn,1,-96,96,CHECK,0,"['6d', '9s']","['6h', '9h']","['5s', '8s', '3s', '7s']",,Ad,100,100
53,Turn,0,-96,96,CHECK,0,"['6d', '9s']","['6h', '9h']","['5s', '8s', '3s', '7s']",,Ad,100,100
53,River,1,-96,96,CHECK,0,"['6d', '9s']","['6h', '9h']","['5s', '8s', '3s', '7s', '3h']",,Ad,100,100
53,River,0,-96,96,CHECK,0,"['6d', '9s']","['6h', '9h']","['5s', '8s', '3s', '7s', '3h']",,Ad,100,100
54,Pre-Flop,0,4,-4,RAISE,98,"['4h', '9d']","['6d', '4s']","['8d', 'Ah']",,,1,1
54,Pre-Flop,1,4,-4,CALL,0,"['4h', '9d']","['6d', '4s']","['8d', 'Ah']",,,2,2
54,Flop,0,4,-4,CHECK,0,"['4h', '9d']","['6d', '4s']","['8d', 'Ah', '7h']",,,100,100
54,Flop,1,4,-4,DISCARD,0,"['4h', '9d']","['6d', '4s']","['8d', 'Ah', '7h']",,,100,100
54,Flop,1,4,-4,CHECK,0,"['4h', '9d']","['6d', '2d']","['8d', 'Ah', '7h']",,4s,100,100
54,Turn,0,4,-4,CHECK,0,"['4h', '9d']","['6d', '2d']","['8d', 'Ah', '7h', '2s']",,4s,100,100
54,Turn,1,4,-4,CHECK,0,"['4h', '9d']","['6d', '2d']","['8d', 'Ah', '7h', '2s']",,4s,100,100
54,River,0,4,-4,CHECK,0,"['4h', '9d']","['6d', '2d']","['8d', 'Ah', '7h', '2s', '7d']",,4s,100,100
54,River,1,4,-4,CHECK,0,"['4h', '9d']","['6d', '2d']","['8d', 'Ah', '7h', '2s', '7d']",,4s,100,100
55,Pre-Flop,1,-96,96,RAISE,3,"['7s', '8s']","['7h', '7d']","['9d', '4d']",,,1,1
55,Pre-Flop,0,-96,96,RAISE,95,"['7s', '8s']","['7h', '7d']","['9d', '4d']",,,2,2
55,Pre-Flop,1,-96,96,CALL,0,"['7s', '8s']","['7h', '7d']","['9d', '4d']",,,5,5
55,Pre-Flop,0,-96,96,CHECK,0,"['7s', '8s']","['7h', '7d']","['9d', '4d']",,,100,100
55,Flop,1,-96,96,DISCARD,0,"['7s', '8s']","['7h', '7d']","['9d', '4d', '6h']",,,100,100
55,Flop,1,-96,96,CHECK,0,"['7s', '8s']","['Ad', '7d']","['9d', '4d', '6h']",,7h,100,100
55,Flop,0,-96,96,CHECK,0,"['7s', '8s']","['Ad', '7d']","['9d', '4d', '6h']",,7h,100,100
55,Turn,1,-96,96,CHECK,0,"['7s', '8s']","['Ad', '7d']","['9d', '4d', '6h', '6d']",,7h,100,100
55,Turn,0,-96,96,CHECK,0,"['7s', '8s']","['Ad', '7d']","['9d', '4d', '6h', '6d']",,7h,100,100
55,River,1,-96,96,CHECK,0,"['7s', '8s']","['Ad', '7d']","['9d', '4d', '6h', '6d', '9s']",,7h,100,100
55,River,0,-96,96,CHECK,0,"['7s', '8s']","['Ad', '7d']","['9d', '4d', '6h', '6d', '9s']",,7h,100,100
56,Pre-Flop,0,-196,196,RAISE,98,"['9s', '7d']","['Ad', 'Ah']","['5s', '2s']",,,1,1
56,Pre-Flop,1,-196,196,CALL,0,"['9s', '7d']","['Ad', 'Ah']","['5s', '2s']",,,2,2
56,Flop,0,-196,196,CHECK,0,"['9s', '7d']","['Ad', 'Ah']","['5s', '2s', '8s']",,,100,100
56,Flop,1,-196,196,DISCARD,0,"['9s', '7d']","['Ad', 'Ah']","['5s', '2s', '8s']",,,100,100
56,Flop,1,-196,196,CHECK,0,"['9s', '7d']","['8h', 'Ah']","['5s', '2s', '8s']",,Ad,100,100
56,Turn,0,-196,196,CHECK,0,"['9s', '7d']","['8h', 'Ah']","['5s', '2s', '8s', '4d']",,Ad,100,100
56,Turn,1,-196,196,CHECK,0,"['9s', '7d']","['8h', 'Ah']","['5s', '2s', '8s', '4d']",,Ad,100,100
56,River,0,-196,196,CHECK,0,"['9s', '7d']","['8h', 'Ah']","['5s', '2s', '8s', '4d', '6d']",,Ad,100,100
56,River,1,-196,196,CHECK,0,"['9s', '7d']","['8h', 'Ah']","['5s', '2s', '8s', '4d', '6d']",,Ad,100,100
57,Pre-Flop,1,-96,96,RAISE,3,"['7h', '4d']","['As', '7s']","['3s', '2s']",,,1,1
57,Pre-Flop,0,-96,96,RAISE,95,"['7h', '4d']","['As', '7s']","['3s', '2s']",,,2,2
57,Pre-Flop,1,-96,96,CALL,0,"['7h', '4d']","['As', '7s']","['3s', '2s']",,,5,5
57,Pre-Flop,0,-96,96,CHECK,0,"['7h', '4d']","['As', '7s']","['3s', '2s']",,,100,100
57,Flop,1,-96,96,DISCARD,0,"['7h', '4d']","['As', '7s']","['3s', '2s', '7d']",,,100,100
57,Flop,1,-96,96,CHECK,0,"['7h', '4d']","['As', '3d']","['3s', '2s', '7d']",,7s,100,100
57,Flop,0,-96,96,CHECK,0,"['7h', '4d']","['As', '3d']","['3s', '2s', '7d']",,7s,100,100
57,Turn,1,-96,96,CHECK,0,"['7h', '4d']","['As', '3d']","['3s', '2s', '7d', 'Ad']",,7s,100,100
57,Turn,0,-96,96,CHECK,0,"['7h', '4d']","['As', '3d']","['3s', '2s', '7d', 'Ad']",,7s,100,100
57,River,1,-96,96,CHECK,0,"['7h', '4d']","['As', '3d']","['3s', '2s', '7d', 'Ad', '9h']",,7s,100,100
57,River,0,-96,96,CHECK,0,"['7h', '4d']","['As', '3d']","['3s', '2s', '7d', 'Ad', '9h']",,7s,100,100
58,Pre-Flop,0,-196,196,RAISE,98,"['6h', '9d']","['Ad', '7h']","['6s', '3s']",,,1,1
58,Pre-Flop,1,-196,196,CALL,0,"['6h', '9d']","['Ad', '7h']","['6s', '3s']",,,2,2
58,Flop,0,-196,196,CHECK,0,"['6h', '9d']","['Ad', '7h']","['6s', '3s', '5h']",,,100,100
58,Flop,1,-196,196,DISCARD,0,"['6h', '9d']","['Ad', '7h']","['6s', '3s', '5h']",,,100,100
58,Flop,1,-196,196,CHECK,0,"['6h', '9d']","['8h', '7h']","['6s', '3s', '5h']",,Ad,100,100
58,Turn,0,-196,196,CHECK,0,"['6h', '9d']","['8h', '7h']","['6s', '3s', '5h', '9s']",,Ad,100,100
58,Turn,1,-196,196,CHECK,0,"['6h', '9d']","['8h', '7h']","['6s', '3s', '5h', '9s']",,Ad,100,100
58,River,0,-196,196,CHECK,0,"['6h', '9d']","['8h', '7h']","['6s', '3s', '5h', '9s', '3h']",,Ad,100,100
58,River,1,-196,196,CHECK,0,"['6h', '9d']","['8h', '7h']","['6s', '3s', '5h', '9s', '3h']",,Ad,100,100
59,Pre-Flop,1,-296,296,RAISE,2,"['8h', '7h']","['4d', '7d']","['9h', '8d']",,,1,1
59,Pre-Flop,0,-296,296,RAISE,96,"['8h', '7h']","['4d', '7d']","['9h', '8d']",,,2,2
59,Pre-Flop,1,-296,296,CALL,0,"['8h', '7h']","['4d', '7d']","['9h', '8d']",,,4,4
59,Pre-Flop,0,-296,296,CHECK,0,"['8h', '7h']","['4d', '7d']","['9h', '8d']",,,100,100
59,Flop,1,-296,296,DISCARD,0,"['8h', '7h']","['4d', '7d']","['9h', '8d', '6d']",,,100,100
59,Flop,1,-296,296,CHECK,0,"['8h', '7h']","['6h', '7d']","['9h', '8d', '6d']",,4d,100,100
59,Flop,0,-296,296,CHECK,0,"['8h', '7h']","['6h', '7d']","['9h', '8d', '6d']",,4d,100,100
59,Turn,1,-296,296,CHECK,0,"['8h', '7h']","['6h', '7d']","['9h', '8d', '6d', '2h']",,4d,100,100
59,Turn,0,-296,296,CHECK,0,"['8h', '7h']","['6h', '7d']","['9h', '8d', '6d', '2h']",,4d,100,100
59,River,1,-296,296,CHECK,0,"['8h', '7h']","['6h', '7d']","['9h', '8d', '6d', '2h', '8s']",,4d,100,100
59,River,0,-296,296,CHECK,0,"['8h', '7h']","['6h', '7d']","['9h', '8d', '6d', '2h', '8s']",,4d,100,100
60,Pre-Flop,0,-196,196,RAISE,98,"['9s', '9d']","['Ah', '8s']","['4s', '2h']",,,1,1
60,Pre-Flop,1,-196,196,CALL,0,"['9s', '9d']","['Ah', '8s']","['4s', '2h']",,,2,2
60,Flop,0,-196,196,CHECK,0,"['9s', '9d']","['Ah', '8s']","['4s', '2h', '2s']",,,100,100
60,Flop,1,-196,196,DISCARD,0,"['9s', '9d']","['Ah', '8s']","['4s', '2h', '2s']",,,100,100
60,Flop,1,-196,196,CHECK,0,"['9s', '9d']","['7h', '8s']","['4s', '2h', '2s']",,Ah,100,100
60,Turn,0,-196,196,CHECK,0,"['9s', '9d']","['7h', '8s']","['4s', '2h', '2s', 'As']",,Ah,100,100
60,Turn,1,-196,196,CHECK,0,"['9s', '9d']","['7h', '8s']","['4s', '2h', '2s', 'As']",,Ah,100,100
60,River,0,-196,196,CHECK,0,"['9s', '9d']","['7h', '8s']","['4s', '2h', '2s', 'As', '9h']",,Ah,100,100
60,River,1,-196,196,CHECK,0,"['9s', '9d']","['7h', '8s']","['4s', '2h', '2s', 'As', '9h']",,Ah,100,100
61,Pre-Flop,1,-96,96,RAISE,2,"['9h', '5h']","['Ad', '7s']","['5d', '6s']",,,1,1
61,Pre-Flop,0,-96,96,RAISE,96,"['9h', '5h']","['Ad', '7s']","['5d', '6s']",,,2,2
61,Pre-Flop,1,-96,96,CALL,0,"['9h', '5h']","['Ad', '7s']","['5d', '6s']",,,4,4
61,Pre-Flop,0,-96,96,CHECK,0,"['9h', '5h']","['Ad', '7s']","['5d', '6s']",,,100,100
61,Flop,1,-96,96,CHECK,0,"['9h', '5h']","['Ad', '7s']","['5d', '6s', '8d']",,,100,100
61,Flop,0,-96,96,CHECK,0,"['9h', '5h']","['Ad', '7s']","['5d', '6s', '8d']",,,100,100
61,Turn,1,-96,96,CHECK,0,"['9h', '5h']","['Ad', '7s']","['5d', '6s', '8d', '2s']",,,100,100
61,Turn,0,-96,96,CHECK,0,"['9h', '5h']","['Ad', '7s']","['5d', '6s', '8d', '2s']",,,100,100
61,River,1,-96,96,CHECK,0,"['9h', '5h']","['Ad', '7s']","['5d', '6s', '8d', '2s', '9s']",,,100,100
61,River,0,-96,96,CHECK,0,"['9h', '5h']","['Ad', '7s']","['5d', '6s', '8d', '2s', '9s']",,,100,100
62,Pre-Flop,0,-196,196,RAISE,98,"['8d', '4s']","['2h', '7s']","['5h', '4h']",,,1,1
62,Pre-Flop,1,-196,196,CALL,0,"['8d', '4s']","['2h', '7s']","['5h', '4h']",,,2,2
62,Flop,0,-196,196,CHECK,0,"['8d', '4s']","['2h', '7s']","['5h', '4h', '6s']",,,100,100
62,Flop,1,-196,196,CHECK,0,"['8d', '4s']","['2h', '7s']","['5h', '4h', '6s']",,,100,100
62,Turn,0,-196,196,CHECK,0,"['8d', '4s']","['2h', '7s']","['5h', '4h', '6s', '3h']",,,100,100
62,Turn,1,-196,196,CHECK,0,"['8d', '4s']","['2h', '7s']","['5h', '4h', '6s', '3h']",,,100,100
62,River,0,-196,196,CHECK,0,"['8d', '4s']","['2h', '7s']","['5h', '4h', '6s', '3h', '9d']",,,100,100
62,River,1,-196,196,CHECK,0,"['8d', '4s']","['2h', '7s']","['5h', '4h', '6s', '3h', '9d']",,,100,100
63,Pre-Flop,1,-296,296,RAISE,2,"['5d', '7h']","['3d', '6h']","['2h', '4h']",,,1,1
63,Pre-Flop,0,-296,296,RAISE,96,"['5d', '7h']","['3d', '6h']","['2h', '4h']",,,2,2
63,Pre-Flop,1,-296,296,CALL,0,"['5d', '7h']","['3d', '6h']","['2h', '4h']",,,4,4
63,Pre-Flop,0,-296,296,CHECK,0,"['5d', '7h']","['3d', '6h']","['2h', '4h']",,,100,100
63,Flop,1,-296,296,DISCARD,0,"['5d', '7h']","['3d', '6h']","['2h', '4h', 'Ad']",,,100,100
63,Flop,1,-296,296,CHECK,0,"['5d', '7h']","['3d', '2d']","['2h', '4h', 'Ad']",,6h,100,100
63,Flop,0,-296,296,CHECK,0,"['5d', '7h']","['3d', '2d']","['2h', '4h', 'Ad']",,6h,100,100
63,Turn,1,-296,296,CHECK,0,"['5d', '7h']","['3d', '2d']","['2h', '4h', 'Ad', 'Ah']",,6h,100,100
63,Turn,0,-296,296,CHECK,0,"['5d', '7h']","['3d', '2d']","['2h', '4h', 'Ad', 'Ah']",,6h,100,100
63,River,1,-296,296,CHECK,0,"['5d', '7h']","['3d', '2d']","['2h', '4h', 'Ad', 'Ah', '8d']",,6h,100,100
63,River,0,-296,296,CHECK,0,"['5d', '7h']","['3d', '2d']","['2h', '4h', 'Ad', 'Ah', '8d']",,6h,100,100
64,Pre-Flop,0,-396,396,RAISE,98,"['8s', '7d']","['Ah', '9h']","['5d', '7s']",,,1,1
64,Pre-Flop,1,-396,396,DISCARD,0,"['8s', '7d']","['Ah', '9h']","['5d', '7s']",,,2,2
64,Pre-Flop,1,-396,396,CALL,0,"['8s', '7d']","['Ah', '5h']","['5d', '7s']",,9h,2,2
64,Flop,0,-396,396,CHECK,0,"['8s', '7d']","['Ah', '5h']","['5d', '7s', '4s']",,9h,100,100
64,Flop,1,-396,396,CHECK,0,"['8s', '7d']","['Ah', '5h']","['5d', '7s', '4s']",,9h,100,100
64,Turn,0,-396,396,CHECK,0,"['8s', '7d']","['Ah', '5h']","['5d', '7s', '4s', '5s']",,9h,100,100
64,Turn,1,-396,396,CHECK,0,"['8s', '7d']","['Ah', '5h']","['5d', '7s', '4s', '5s']",,9h,100,100
64,River,0,-396,396,CHECK,0,"['8s', '7d']","['Ah', '5h']","['5d', '7s', '4s', '5s', '6d']",,9h,100,100
64,River,1,-396,396,CHECK,0,"['8s', '7d']","['Ah', '5h']","['5d', '7s', '4s', '5s', '6d']",,9h,100,100
65,Pre-Flop,1,-296,296,RAISE,2,"['6s', '9h']","['5s', '8h']","['2s', '6d']",,,1,1
65,Pre-Flop,0,-296,296,RAISE,96,"['6s', '9h']","['5s', '8h']","['2s', '6d']",,,2,2
65,Pre-Flop,1,-296,296,CALL,0,"['6s', '9h']","['5s', '8h']","['2s', '6d']",,,4,4
65,Pre-Flop,0,-296,296,CHECK,0,"['6s', '9h']","['5s', '8h']","['2s', '6d']",,,100,100
65,Flop,1,-296,296,DISCARD,0,"['6s', '9h']","['5s', '8h']","['2s', '6d', '4d']",,,100,100
65,Flop,1,-296,296,CHECK,0,"['6s', '9h']","['5s', '7s']","['2s', '6d', '4d']",,8h,100,100
65,Flop,0,-296,296,CHECK,0,"['6s', '9h']","['5s', '7s']","['2s', '6d', '4d']",,8h,100,100
65,Turn,1,-296,296,CHECK,0,"['6s', '9h']","['5s', '7s']","['2s', '6d', '4d', '2d']",,8h,100,100
65,Turn,0,-296,296,CHECK,0,"['6s', '9h']","['5s', '7s']","['2s', '6d', '4d', '2d']",,8h,100,100
65,River,1,-296,296,CHECK,0,"['6s', '9h']","['5s', '7s']","['2s', '6d', '4d', '2d', '9s']",,8h,100,100
65,River,0,-296,296,CHECK,0,"['6s', '9h']","['5s', '7s']","['2s', '6d', '4d', '2d', '9s']",,8h,100,100
66,Pre-Flop,0,-196,196,RAISE,98,"['8d', '7d']","['9d', '5d']","['2s', '6s']",,,1,1
66,Pre-Flop,1,-196,196,CALL,0,"['8d', '7d']","['9d', '5d']","['2s', '6s']",,,2,2
66,Flop,0,-196,196,CHECK,0,"['8d', '7d']","['9d', '5d']","['2s', '6s', '2d']",,,100,100
66,Flop,1,-196,196,DISCARD,0,"['8d', '7d']","['9d', '5d']","['2s', '6s', '2d']",,,100,100
66,Flop,1,-196,196,CHECK,0,"['8d', '7d']","['9d', '5h']","['2s', '6s', '2d']",,5d,100,100
66,Turn,0,-196,196,CHECK,0,"['8d', '7d']","['9d', '5h']","['2s', '6s', '2d', '4s']",,5d,100,100
66,Turn,1,-196,196,CHECK,0,"['8d', '7d']","['9d', '5h']","['2s', '6s', '2d', '4s']",,5d,100,100
66,River,0,-196,196,CHECK,0,"['8d', '7d']","['9d', '5h']","['2s', '6s', '2d', '4s', '9h']",,5d,100,100
66,River,1,-196,196,CHECK,0,"['8d', '7d']","['9d', '5h']","['2s', '6s', '2d', '4s', '9h']",,5d,100,100
67,Pre-Flop,1,-296,296,RAISE,3,"['8d', '5s']","['2d', '8s']","['2s', '9s']",,,1,1
67,Pre-Flop,0,-296,296,RAISE,95,"['8d', '5s']","['2d', '8s']","['2s', '9s']",,,2,2
67,Pre-Flop,1,-296,296,DISCARD,0,"['8d', '5s']","['2d', '8s']","['2s', '9s']",,,5,5
67,Pre-Flop,1,-296,296,CALL,0,"['8d', '5s']","['3s', '8s']","['2s', '9s']",,2d,5,5
67,Pre-Flop,0,-296,296,CHECK,0,"['8d', '5s']","['3s', '8s']","['2s', '9s']",,2d,100,100
67,Flop,1,-296,296,CHECK,0,"['8d', '5s']","['3s', '8s']","['2s', '9s', '4h']",,2d,100,100
67,Flop,0,-296,296,CHECK,0,"['8d', '5s']","['3s', '8s']","['2s', '9s', '4h']",,2d,100,100
67,Turn,1,-296,296,CHECK,0,"['8d', '5s']","['3s', '8s']","['2s', '9s', '4h', '6s']",,2d,100,100
67,Turn,0,-296,296,CHECK,0,"['8d', '5s']","['3s', '8s']","['2s', '9s', '4h', '6s']",,2d,100,100
67,River,1,-296,296,CHECK,0,"['8d', '5s']","['3s', '8s']","['2s', '9s', '4h', '6s', '3h']",,2d,100,100
67,River,0,-296,296,CHECK,0,"['8d', '5s']","['3s', '8s']","['2s', '9s', '4h', '6s', '3h']",,2d,100,100
68,Pre-Flop,0,-396,396,RAISE,98,"['Ad', '3s']","['7h', '2d']","['4h', '8d']",,,1,1
68,Pre-Flop,1,-396,396,CALL,0,"['Ad', '3s']","['7h', '2d']","['4h', '8d']",,,2,2
68,Flop,0,-396,396,CHECK,0,"['Ad', '3s']","['7h', '2d']","['4h', '8d', '5d']",,,100,100
68,Flop,1,-396,396,CHECK,0,"['Ad', '3s']","['7h', '2d']","['4h', '8d', '5d']",,,100,100
68,Turn,0,-396,396,CHECK,0,"['Ad', '3s']","['7h', '2d']","['4h', '8d', '5d', '6h']",,,100,100
68,Turn,1,-396,396,CHECK,0,"['Ad', '3s']","['7h', '2d']","['4h', '8d', '5d', '6h']",,,100,100
68,River,0,-396,396,CHECK,0,"['Ad', '3s']","['7h', '2d']","['4h', '8d', '5d', '6h', '5s']",,,100,100
68,River,1,-396,396,CHECK,0,"['Ad', '3s']","['7h', '2d']","['4h', '8d', '5d', '6h', '5s']",,,100,100
69,Pre-Flop,1,-496,496,RAISE,2,"['4d', '7h']","['Ad', '7d']","['9d', '9h']",,,1,1
69,Pre-Flop,0,-496,496,RAISE,96,"['4d', '7h']","['Ad', '7d']","['9d', '9h']",,,2,2
69,Pre-Flop,1,-496,496,CALL,0,"['4d', '7h']","['Ad', '7d']","['9d', '9h']",,,4,4
69,Pre-Flop,0,-496,496,CHECK,0,"['4d', '7h']","['Ad', '7d']","['9d', '9h']",,,100,100
69,Flop,1,-496,496,DISCARD,0,"['4d', '7h']","['Ad', '7d']","['9d', '9h', 'Ah']",,,100,100
69,Flop,1,-496,496,CHECK,0,"['4d', '7h']","['Ad', '2d']","['9d', '9h', 'Ah']",,7d,100,100
69,Flop,0,-496,496,CHECK,0,"['4d', '7h']","['Ad', '2d']","['9d', '9h', 'Ah']",,7d,100,100
69,Turn,1,-496,496,CHECK,0,"['4d', '7h']","['Ad', '2d']","['9d', '9h', 'Ah', '3d']",,7d,100,100
69,Turn,0,-496,496,CHECK,0,"['4d', '7h']","['Ad', '2d']","['9d', '9h', 'Ah', '3d']",,7d,100,100
69,River,1,-496,496,CHECK,0,"['4d', '7h']","['Ad', '2d']","['9d', '9h', 'Ah', '3d', '8d']",,7d,100,100
69,River,0,-496,496,CHECK,0,"['4d', '7h']","['Ad', '2d']","['9d', '9h', 'Ah', '3d', '8d']",,7d,100,100
70,Pre-Flop,0,-596,596,RAISE,98,"['8h', 'As']","['3h', '6h']","['7s', '8d']",,,1,1
70,Pre-Flop,1,-596,596,DISCARD,0,"['8h', 'As']","['3h', '6h']","['7s', '8d']",,,2,2
70,Pre-Flop,1,-596,596,CALL,0,"['8h', 'As']","['8s', '6h']","['7s', '8d']",,3h,2,2
70,Flop,0,-596,596,CHECK,0,"['8h', 'As']","['8s', '6h']","['7s', '8d', '3d']",,3h,100,100
70,Flop,1,-596,596,CHECK,0,"['8h', 'As']","['8s', '6h']","['7s', '8d', '3d']",,3h,100,100
70,Turn,0,-596,596,CHECK,0,"['8h', 'As']","['8s', '6h']","['7s', '8d', '3d', 'Ad']",,3h,100,100
70,Turn,1,-596,596,CHECK,0,"['8h', 'As']","['8s', '6h']","['7s', '8d', '3d', 'Ad']",,3h,100,100
70,River,0,-596,596,CHECK,0,"['8h', 'As']","['8s', '6h']","['7s', '8d', '3d', 'Ad', '4h']",,3h,100,100
70,River,1,-596,596,CHECK,0,"['8h', 'As']","['8s', '6h']","['7s', '8d', '3d', 'Ad', '4h']",,3h,100,100
71,Pre-Flop,1,-496,496,DISCARD,0,"['8d', '3d']","['6s', '8h']","['9s', '9h']",,,1,1
71,Pre-Flop,1,-496,496,RAISE,2,"['8d', '3d']","['6s', '7s']","['9s', '9h']",,8h,1,1
71,Pre-Flop,0,-496,496,RAISE,96,"['8d', '3d']","['6s', '7s']","['9s', '9h']",,8h,2,2
71,Pre-Flop,1,-496,496,CALL,0,"['8d', '3d']","['6s', '7s']","['9s', '9h']",,8h,4,4
71,Pre-Flop,0,-496,496,CHECK,0,"['8d', '3d']","['6s', '7s']","['9s', '9h']",,8h,100,100
71,Flop,1,-496,496,CHECK,0,"['8d', '3d']","['6s', '7s']","['9s', '9h', 'Ah']",,8h,100,100
71,Flop,0,-496,496,CHECK,0,"['8d', '3d']","['6s', '7s']","['9s', '9h', 'Ah']",,8h,100,100
71,Turn,1,-496,496,CHECK,0,"['8d', '3d']","['6s', '7s']","['9s', '9h', 'Ah', '4d']",,8h,100,100
71,Turn,0,-496,496,CHECK,0,"['8d', '3d']","['6s', '7s']","['9s', '9h', 'Ah', '4d']",,8h,100,100
71,River,1,-496,496,CHECK,0,"['8d', '3d']","['6s', '7s']","['9s', '9h', 'Ah', '4d', '6h']",,8h,100,100
71,River,0,-496,496,CHECK,0,"['8d', '3d']","['6s', '7s']","['9s', '9h', 'Ah', '4d', '6h']",,8h,100,100
72,Pre-Flop,0,-596,596,RAISE,98,"['7s', '3s']","['2d', '8d']","['6s', '6d']",,,1,1
72,Pre-Flop,1,-596,596,CALL,0,"['7s', '3s']","['2d', '8d']","['6s', '6d']",,,2,2
72,Flop,0,-596,596,CHECK,0,"['7s', '3s']","['2d', '8d']","['6s', '6d', '8s']",,,100,100
72,Flop,1,-596,596,DISCARD,0,"['7s', '3s']","['2d', '8d']","['6s', '6d', '8s']",,,100,100
72,Flop,1,-596,596,CHECK,0,"['7s', '3s']","['2d', '2h']","['6s', '6d', '8s']",,8d,100,100
72,Turn,0,-596,596,CHECK,0,"['7s', '3s']","['2d', '2h']","['6s', '6d', '8s', '3d']",,8d,100,100
72,Turn,1,-596,596,CHECK,0,"['7s', '3s']","['2d', '2h']","['6s', '6d', '8s', '3d']",,8d,100,100
72,River,0,-596,596,CHECK,0,"['7s', '3s']","['2d', '2h']","['6s', '6d', '8s', '3d', '9d']",,8d,100,100
72,River,1,-596,596,CHECK,0,"['7s', '3s']","['2d', '2h']","['6s', '6d', '8s', '3d', '9d']",,8d,100,100
73,Pre-Flop,1,-496,496,RAISE,2,"['Ad', '8h']","['6s', '5d']","['8s', '3d']",,,1,1
73,Pre-Flop,0,-496,496,RAISE,96,"['Ad', '8h']","['6s', '5d']","['8s', '3d']",,,2,2
73,Pre-Flop,1,-496,496,CALL,0,"['Ad', '8h']","['6s', '5d']","['8s', '3d']",,,4,4
73,Pre-Flop,0,-496,496,CHECK,0,"['Ad', '8h']","['6s', '5d']","['8s', '3d']",,,100,100
73,Flop,1,-496,496,DISCARD,0,"['Ad', '8h']","['6s', '5d']","['8s', '3d', 'Ah']",,,100,100
73,Flop,1,-496,496,CHECK,0,"['Ad', '8h']","['6s', '2s']","['8s', '3d', 'Ah']",,5d,100,100
73,Flop,0,-496,496,CHECK,0,"['Ad', '8h']","['6s', '2s']","['8s', '3d', 'Ah']",,5d,100,100
73,Turn,1,-496,496,CHECK,0,"['Ad', '8h']","['6s', '2s']","['8s', '3d', 'Ah', '6h']",,5d,100,100
73,Turn,0,-496,496,CHECK,0,"['Ad', '8h']","['6s', '2s']","['8s', '3d', 'Ah', '6h']",,5d,100,100
73,River,1,-496,496,CHECK,0,"['Ad', '8h']","['6s', '2s']","['8s', '3d', 'Ah', '6h', '2d']",,5d,100,100
73,River,0,-496,496,CHECK,0,"['Ad', '8h']","['6s', '2s']","['8s', '3d', 'Ah', '6h', '2d']",,5d,100,100
74,Pre-Flop,0,-396,396,RAISE,98,"['7h', '2d']","['4s', '6s']","['7s', '9h']",,,1,1
74,Pre-Flop,1,-396,396,CALL,0,"['7h', '2d']","['4s', '6s']","['7s', '9h']",,,2,2
74,Flop,0,-396,396,CHECK,0,"['7h', '2d']","['4s', '6s']","['7s', '9h', 'As']",,,100,100
74,Flop,1,-396,396,DISCARD,0,"['7h', '2d']","['4s', '6s']","['7s', '9h', 'As']",,,100,100
74,Flop,1,-396,396,CHECK,0,"['7h', '2d']","['Ah', '6s']","['7s', '9h', 'As']",,4s,100,100
74,Turn,0,-396,396,CHECK,0,"['7h', '2d']","['Ah', '6s']","['7s', '9h', 'As', '4d']",,4s,100,100
74,Turn,1,-396,396,CHECK,0,"['7h', '2d']","['Ah', '6s']","['7s', '9h', 'As', '4d']",,4s,100,100
74,River,0,-396,396,CHECK,0,"['7h', '2d']","['Ah', '6s']","['7s', '9h', 'As', '4d', '3d']",,4s,100,100
74,River,1,-396,396,CHECK,0,"['7h', '2d']","['Ah', '6s']","['7s', '9h', 'As', '4d', '3d']",,4s,100,100
75,Pre-Flop,1,-496,496,DISCARD,0,"['Ad', '4d']","['7s', '9d']","['8h', '4h']",,,1,1
75,Pre-Flop,1,-496,496,RAISE,2,"['Ad', '4d']","['7s', '2s']","['8h', '4h']",,9d,1,1
75,Pre-Flop,0,-496,496,RAISE,96,"['Ad', '4d']","['7s', '2s']","['8h', '4h']",,9d,2,2
75,Pre-Flop,1,-496,496,CALL,0,"['Ad', '4d']","['7s', '2s']","['8h', '4h']",,9d,4,4
75,Pre-Flop,0,-496,496,CHECK,0,"['Ad', '4d']","['7s', '2s']","['8h', '4h']",,9d,100,100
75,Flop,1,-496,496,CHECK,0,"['Ad', '4d']","['7s', '2s']","['8h', '4h', 'Ah']",,9d,100,100
75,Flop,0,-496,496,CHECK,0,"['Ad', '4d']","['7s', '2s']","['8h', '4h', 'Ah']",,9d,100,100
75,Turn,1,-496,496,CHECK,0,"['Ad', '4d']","['7s', '2s']","['8h', '4h', 'Ah', '3d']",,9d,100,100
75,Turn,0,-496,496,CHECK,0,"['Ad', '4d']","['7s', '2s']","['8h', '4h', 'Ah', '3d']",,9d,100,100
75,River,1,-496,496,CHECK,0,"['Ad', '4d']","['7s', '2s']","['8h', '4h', 'Ah', '3d', '5h']",,9d,100,100
75,River,0,-496,496,CHECK,0,"['Ad', '4d']","['7s', '2s']","['8h', '4h', 'Ah', '3d', '5h']",,9d,100,100
76,Pre-Flop,0,-596,596,RAISE,98,"['6h', '4d']","['7h', '5d']","['2h', '7d']",,,1,1
76,Pre-Flop,1,-596,596,CALL,0,"['6h', '4d']","['7h', '5d']","['2h', '7d']",,,2,2
76,Flop,0,-596,596,CHECK,0,"['6h', '4d']","['7h', '5d']","['2h', '7d', '5s']",,,100,100
76,Flop,1,-596,596,DISCARD,0,"['6h', '4d']","['7h', '5d']","['2h', '7d', '5s']",,,100,100
76,Flop,1,-596,596,CHECK,0,"['6h', '4d']","['5h', '5d']","['2h', '7d', '5s']",,7h,100,100
76,Turn,0,-596,596,CHECK,0,"['6h', '4d']","['5h', '5d']","['2h', '7d', '5s', '6d']",,7h,100,100
76,Turn,1,-596,596,CHECK,0,"['6h', '4d']","['5h', '5d']","['2h', '7d', '5s', '6d']",,7h,100,100
76,River,0,-596,596,CHECK,0,"['6h', '4d']","['5h', '5d']","['2h', '7d', '5s', '6d', 'Ad']",,7h,100,100
76,River,1,-596,596,CHECK,0,"['6h', '4d']","['5h', '5d']","['2h', '7d', '5s', '6d', 'Ad']",,7h,100,100
77,Pre-Flop,1,-696,696,DISCARD,0,"['5s', '2s']","['2d', '5d']","['8d', '3h']",,,1,1
77,Pre-Flop,1,-696,696,CALL,0,"['5s', '2s']","['6h', '5d']","['8d', '3h']",,2d,1,1
77,Pre-Flop,0,-696,696,RAISE,98,"['5s', '2s']","['6h', '5d']","['8d', '3h']",,2d,2,2
77,Pre-Flop,1,-696,696,CALL,0,"['5s', '2s']","['6h', '5d']","['8d', '3h']",,2d,2,2
77,Pre-Flop,0,-696,696,CHECK,0,"['5s', '2s']","['6h', '5d']","['8d', '3h']",,2d,100,100
77,Flop,1,-696,696,CHECK,0,"['5s', '2s']","['6h', '5d']","['8d', '3h', 'As']",,2d,100,100
77,Flop,0,-696,696,CHECK,0,"['5s', '2s']","['6h', '5d']","['8d', '3h', 'As']",,2d,100,100
77,Turn,1,-696,696,CHECK,0,"['5s', '2s']","['6h', '5d']","['8d', '3h', 'As', '7s']",,2d,100,100
77,Turn,0,-696,696,CHECK,0,"['5s', '2s']","['6h', '5d']","['8d', '3h', 'As', '7s']",,2d,100,100
77,River,1,-696,696,CHECK,0,"['5s', '2s']","['6h', '5d']","['8d', '3h', 'As', '7s', '9h']",,2d,100,100
77,River,0,-696,696,CHECK,0,"['5s', '2s']","['6h', '5d']","['8d', '3h', 'As', '7s', '9h']",,2d,100,100
78,Pre-Flop,0,-796,796,RAISE,98,"['3h', '5h']","['6d', '2h']","['8h', '4d']",,,1,1
78,Pre-Flop,1,-796,796,CALL,0,"['3h', '5h']","['6d', '2h']","['8h', '4d']",,,2,2
78,Flop,0,-796,796,CHECK,0,"['3h', '5h']","['6d', '2h']","['8h', '4d', '4s']",,,100,100
78,Flop,1,-796,796,DISCARD,0,"['3h', '5h']","['6d', '2h']","['8h', '4d', '4s']",,,100,100
78,Flop,1,-796,796,CHECK,0,"['3h', '5h']","['9d', '2h']","['8h', '4d', '4s']",,6d,100,100
78,Turn,0,-796,796,CHECK,0,"['3h', '5h']","['9d', '2h']","['8h', '4d', '4s', 'As']",,6d,100,100
78,Turn,1,-796,796,CHECK,0,"['3h', '5h']","['9d', '2h']","['8h', '4d', '4s', 'As']",,6d,100,100
78,River,0,-796,796,CHECK,0,"['3h', '5h']","['9d', '2h']","['8h', '4d', '4s', 'As', '7d']",,6d,100,100
78,River,1,-796,796,CHECK,0,"['3h', '5h']","['9d', '2h']","['8h', '4d', '4s', 'As', '7d']",,6d,100,100
79,Pre-Flop,1,-896,896,RAISE,2,"['8s', 'Ah']","['5s', '7h']","['4h', '4d']",,,1,1
79,Pre-Flop,0,-896,896,RAISE,96,"['8s', 'Ah']","['5s', '7h']","['4h', '4d']",,,2,2
79,Pre-Flop,1,-896,896,CALL,0,"['8s', 'Ah']","['5s', '7h']","['4h', '4d']",,,4,4
79,Pre-Flop,0,-896,896,CHECK,0,"['8s', 'Ah']","['5s', '7h']","['4h', '4d']",,,100,100
79,Flop,1,-896,896,DISCARD,0,"['8s', 'Ah']","['5s', '7h']","['4h', '4d', 'As']",,,100,100
79,Flop,1,-896,896,CHECK,0,"['8s', 'Ah']","['Ad', '7h']","['4h', '4d', 'As']",,5s,100,100
79,Flop,0,-896,896,CHECK,0,"['8s', 'Ah']","['Ad', '7h']","['4h', '4d', 'As']",,5s,100,100
79,Turn,1,-896,896,CHECK,0,"['8s', 'Ah']","['Ad', '7h']","['4h', '4d', 'As', '7s']",,5s,100,100
79,Turn,0,-896,896,CHECK,0,"['8s', 'Ah']","['Ad', '7h']","['4h', '4d', 'As', '7s']",,5s,100,100
79,River,1,-896,896,CHECK,0,"['8s', 'Ah']","['Ad', '7h']","['4h', '4d', 'As', '7s', '2s']",,5s,100,100
79,River,0,-896,896,CHECK,0,"['8s', 'Ah']","['Ad', '7h']","['4h', '4d', 'As', '7s', '2s']",,5s,100,100
80,Pre-Flop,0,-996,996,RAISE,98,"['As', '2s']","['Ah', '5h']","['4s', '8s']",,,1,1
80,Pre-Flop,1,-996,996,CALL,0,"['As', '2s']","['Ah', '5h']","['4s', '8s']",,,2,2
80,Flop,0,-996,996,CHECK,0,"['As', '2s']","['Ah', '5h']","['4s', '8s', '3h']",,,100,100
80,Flop,1,-996,996,DISCARD,0,"['As', '2s']","['Ah', '5h']","['4s', '8s', '3h']",,,100,100
80,Flop,1,-996,996,CHECK,0,"['As', '2s']","['Ah', '9d']","['4s', '8s', '3h']",,5h,100,100
80,Turn,0,-996,996,CHECK,0,"['As', '2s']","['Ah', '9d']","['4s', '8s', '3h', '6h']",,5h,100,100
80,Turn,1,-996,996,CHECK,0,"['As', '2s']","['Ah', '9d']","['4s', '8s', '3h', '6h']",,5h,100,100
80,River,0,-996,996,CHECK,0,"['As', '2s']","['Ah', '9d']","['4s', '8s', '3h', '6h', '3s']",,5h,100,100
80,River,1,-996,996,CHECK,0,"['As', '2s']","['Ah', '9d']","['4s', '8s', '3h', '6h', '3s']",,5h,100,100
81,Pre-Flop,1,-896,896,RAISE,2,"['Ad', '6h']","['8s', '7h']","['5d', '6d']",,,1,1
81,Pre-Flop,0,-896,896,RAISE,96,"['Ad', '6h']","['8s', '7h']","['5d', '6d']",,,2,2
81,Pre-Flop,1,-896,896,CALL,0,"['Ad', '6h']","['8s', '7h']","['5d', '6d']",,,4,4
81,Pre-Flop,0,-896,896,CHECK,0,"['Ad', '6h']","['8s', '7h']","['5d', '6d']",,,100,100
81,Flop,1,-896,896,DISCARD,0,"['Ad', '6h']","['8s', '7h']","['5d', '6d', '5s']",,,100,100
81,Flop,1,-896,896,CHECK,0,"['Ad', '6h']","['8s', '4h']","['5d', '6d', '5s']",,7h,100,100
81,Flop,0,-896,896,CHECK,0,"['Ad', '6h']","['8s', '4h']","['5d', '6d', '5s']",,7h,100,100
81,Turn,1,-896,896,CHECK,0,"['Ad', '6h']","['8s', '4h']","['5d', '6d', '5s', '2h']",,7h,100,100
81,Turn,0,-896,896,CHECK,0,"['Ad', '6h']","['8s', '4h']","['5d', '6d', '5s', '2h']",,7h,100,100
81,River,1,-896,896,CHECK,0,"['Ad', '6h']","['8s', '4h']","['5d', '6d', '5s', '2h', '2s']",,7h,100,100
81,River,0,-896,896,CHECK,0,"['Ad', '6h']","['8s', '4h']","['5d', '6d', '5s', '2h', '2s']",,7h,100,100
82,Pre-Flop,0,-796,796,RAISE,98,"['5h', '4h']","['As', '6h']","['5d', 'Ad']",,,1,1
82,Pre-Flop,1,-796,796,CALL,0,"['5h', '4h']","['As', '6h']","['5d', 'Ad']",,,2,2
82,Flop,0,-796,796,CHECK,0,"['5h', '4h']","['As', '6h']","['5d', 'Ad', '6d']",,,100,100
82,Flop,1,-796,796,DISCARD,0,"['5h', '4h']","['As', '6h']","['5d', 'Ad', '6d']",,,100,100
82,Flop,1,-796,796,CHECK,0,"['5h', '4h']","['As', '6s']","['5d', 'Ad', '6d']",,6h,100,100
82,Turn,0,-796,796,CHECK,0,"['5h', '4h']","['As', '6s']","['5d', 'Ad', '6d', '2s']",,6h,100,100
82,Turn,1,-796,796,CHECK,0,"['5h', '4h']","['As', '6s']","['5d', 'Ad', '6d', '2s']",,6h,100,100
82,River,0,-796,796,CHECK,0,"['5h', '4h']","['As', '6s']","['5d', 'Ad', '6d', '2s', '4d']",,6h,100,100
82,River,1,-796,796,CHECK,0,"['5h', '4h']","['As', '6s']","['5d', 'Ad', '6d', '2s', '4d']",,6h,100,100
83,Pre-Flop,1,-896,896,RAISE,3,"['2h', '7s']","['8s', '4h']","['8d', '2s']",,,1,1
83,Pre-Flop,0,-896,896,RAISE,95,"['2h', '7s']","['8s', '4h']","['8d', '2s']",,,2,2
83,Pre-Flop,1,-896,896,CALL,0,"['2h', '7s']","['8s', '4h']","['8d', '2s']",,,5,5
83,Pre-Flop,0,-896,896,CHECK,0,"['2h', '7s']","['8s', '4h']","['8d', '2s']",,,100,100
83,Flop,1,-896,896,DISCARD,0,"['2h', '7s']","['8s', '4h']","['8d', '2s', '3s']",,,100,100
83,Flop,1,-896,896,CHECK,0,"['2h', '7s']","['8s', '4d']","['8d', '2s', '3s']",,4h,100,100
83,Flop,0,-896,896,CHECK,0,"['2h', '7s']","['8s', '4d']","['8d', '2s', '3s']",,4h,100,100
83,Turn,1,-896,896,CHECK,0,"['2h', '7s']","['8s', '4d']","['8d', '2s', '3s', '7d']",,4h,100,100
83,Turn,0,-896,896,CHECK,0,"['2h', '7s']","['8s', '4d']","['8d', '2s', '3s', '7d']",,4h,100,100
83,River,1,-896,896,CHECK,0,"['2h', '7s']","['8s', '4d']","['8d', '2s', '3s', '7d', '5s']",,4h,100,100
83,River,0,-896,896,CHECK,0,"['2h', '7s']","['8s', '4d']","['8d', '2s', '3s', '7d', '5s']",,4h,100,100
84,Pre-Flop,0,-796,796,RAISE,98,"['8h', '9h']","['8s', '7s']","['3d', '5d']",,,1,1
84,Pre-Flop,1,-796,796,CALL,0,"['8h', '9h']","['8s', '7s']","['3d', '5d']",,,2,2
84,Flop,0,-796,796,CHECK,0,"['8h', '9h']","['8s', '7s']","['3d', '5d', '4s']",,,100,100
84,Flop,1,-796,796,DISCARD,0,"['8h', '9h']","['8s', '7s']","['3d', '5d', '4s']",,,100,100
84,Flop,1,-796,796,CHECK,0,"['8h', '9h']","['Ah', '7s']","['3d', '5d', '4s']",,8s,100,100
84,Turn,0,-796,796,CHECK,0,"['8h', '9h']","['Ah', '7s']","['3d', '5d', '4s', '3h']",,8s,100,100
84,Turn,1,-796,796,CHECK,0,"['8h', '9h']","['Ah', '7s']","['3d', '5d', '4s', '3h']",,8s,100,100
84,River,0,-796,796,CHECK,0,"['8h', '9h']","['Ah', '7s']","['3d', '5d', '4s', '3h', '9s']",,8s,100,100
84,River,1,-796,796,CHECK,0,"['8h', '9h']","['Ah', '7s']","['3d', '5d', '4s', '3h', '9s']",,8s,100,100
85,Pre-Flop,1,-696,696,CALL,0,"['As', '7h']","['3d', 'Ah']","['3s', '4s']",,,1,1
85,Pre-Flop,0,-696,696,RAISE,98,"['As', '7h']","['3d', 'Ah']","['3s', '4s']",,,2,2
85,Pre-Flop,1,-696,696,CALL,0,"['As', '7h']","['3d', 'Ah']","['3s', '4s']",,,2,2
85,Pre-Flop,0,-696,696,CHECK,0,"['As', '7h']","['3d', 'Ah']","['3s', '4s']",,,100,100
85,Flop,1,-696,696,DISCARD,0,"['As', '7h']","['3d', 'Ah']","['3s', '4s', '5h']",,,100,100
85,Flop,1,-696,696,CHECK,0,"['As', '7h']","['3h', 'Ah']","['3s', '4s', '5h']",,3d,100,100
85,Flop,0,-696,696,CHECK,0,"['As', '7h']","['3h', 'Ah']","['3s', '4s', '5h']",,3d,100,100
85,Turn,1,-696,696,CHECK,0,"['As', '7h']","['3h', 'Ah']","['3s', '4s', '5h', '6h']",,3d,100,100
85,Turn,0,-696,696,CHECK,0,"['As', '7h']","['3h', 'Ah']","['3s', '4s', '5h', '6h']",,3d,100,100
85,River,1,-696,696,CHECK,0,"['As', '7h']","['3h', 'Ah']","['3s', '4s', '5h', '6h', '7d']",,3d,100,100
85,River,0,-696,696,CHECK,0,"['As', '7h']","['3h', 'Ah']","['3s', '4s', '5h', '6h', '7d']",,3d,100,100
86,Pre-Flop,0,-696,696,RAISE,98,"['4h', '7d']","['5h', '7h']","['9d', 'Ad']",,,1,1
86,Pre-Flop,1,-696,696,CALL,0,"['4h', '7d']","['5h', '7h']","['9d', 'Ad']",,,2,2
86,Flop,0,-696,696,CHECK,0,"['4h', '7d']","['5h', '7h']","['9d', 'Ad', '2d']",,,100,100
86,Flop,1,-696,696,CHECK,0,"['4h', '7d']","['5h', '7h']","['9d', 'Ad', '2d']",,,100,100
86,Turn,0,-696,696,CHECK,0,"['4h', '7d']","['5h', '7h']","['9d', 'Ad', '2d', '3d']",,,100,100
86,Turn,1,-696,696,CHECK,0,"['4h', '7d']","['5h', '7h']","['9d', 'Ad', '2d', '3d']",,,100,100
86,River,0,-696,696,CHECK,0,"['4h', '7d']","['5h', '7h']","['9d', 'Ad', '2d', '3d', '6h']",,,100,100
86,River,1,-696,696,CHECK,0,"['4h', '7d']","['5h', '7h']","['9d', 'Ad', '2d', '3d', '6h']",,,100,100
87,Pre-Flop,1,-596,596,RAISE,2,"['7h', '7d']","['5d', '3s']","['5s', '9s']",,,1,1
87,Pre-Flop,0,-596,596,RAISE,96,"['7h', '7d']","['5d', '3s']","['5s', '9s']",,,2,2
87,Pre-Flop,1,-596,596,CALL,0,"['7h', '7d']","['5d', '3s']","['5s', '9s']",,,4,4
87,Pre-Flop,0,-596,596,CHECK,0,"['7h', '7d']","['5d', '3s']","['5s', '9s']",,,100,100
87,Flop,1,-596,596,DISCARD,0,"['7h', '7d']","['5d', '3s']","['5s', '9s', '2d']",,,100,100
87,Flop,1,-596,596,CHECK,0,"['7h', '7d']","['2s', '3s']","['5s', '9s', '2d']",,5d,100,100
87,Flop,0,-596,596,CHECK,0,"['7h', '7d']","['2s', '3s']","['5s', '9s', '2d']",,5d,100,100
87,Turn,1,-596,596,CHECK,0,"['7h', '7d']","['2s', '3s']","['5s', '9s', '2d', '4h']",,5d,100,100
87,Turn,0,-596,596,CHECK,0,"['7h', '7d']","['2s', '3s']","['5s', '9s', '2d', '4h']",,5d,100,100
87,River,1,-596,596,CHECK,0,"['7h', '7d']","['2s', '3s']","['5s', '9s', '2d', '4h', '9d']",,5d,100,100
87,River,0,-596,596,CHECK,0,"['7h', '7d']","['2s', '3s']","['5s', '9s', '2d', '4h', '9d']",,5d,100,100
88,Pre-Flop,0,-496,496,RAISE,98,"['3h', '8s']","['5d', '8d']","['4s', 'Ah']",,,1,1
88,Pre-Flop,1,-496,496,CALL,0,"['3h', '8s']","['5d', '8d']","['4s', 'Ah']",,,2,2
88,Flop,0,-496,496,CHECK,0,"['3h', '8s']","['5d', '8d']","['4s', 'Ah', '4h']",,,100,100
88,Flop,1,-496,496,DISCARD,0,"['3h', '8s']","['5d', '8d']","['4s', 'Ah', '4h']",,,100,100
88,Flop,1,-496,496,CHECK,0,"['3h', '8s']","['5s', '8d']","['4s', 'Ah', '4h']",,5d,100,100
88,Turn,0,-496,496,CHECK,0,"['3h', '8s']","['5s', '8d']","['4s', 'Ah', '4h', '8h']",,5d,100,100
88,Turn,1,-496,496,CHECK,0,"['3h', '8s']","['5s', '8d']","['4s', 'Ah', '4h', '8h']",,5d,100,100
88,River,0,-496,496,CHECK,0,"['3h', '8s']","['5s', '8d']","['4s', 'Ah', '4h', '8h', '7h']",,5d,100,100
88,River,1,-496,496,CHECK,0,"['3h', '8s']","['5s', '8d']","['4s', 'Ah', '4h', '8h', '7h']",,5d,100,100
89,Pre-Flop,1,-396,396,RAISE,2,"['3h', '4s']","['7s', '3s']","['7h', '9s']",,,1,1
89,Pre-Flop,0,-396,396,RAISE,96,"['3h', '4s']","['7s', '3s']","['7h', '9s']",,,2,2
89,Pre-Flop,1,-396,396,CALL,0,"['3h', '4s']","['7s', '3s']","['7h', '9s']",,,4,4
89,Pre-Flop,0,-396,396,CHECK,0,"['3h', '4s']","['7s', '3s']","['7h', '9s']",,,100,100
89,Flop,1,-396,396,DISCARD,0,"['3h', '4s']","['7s', '3s']","['7h', '9s', '4d']",,,100,100
89,Flop,1,-396,396,CHECK,0,"['3h', '4s']","['7s', '4h']","['7h', '9s', '4d']",,3s,100,100
89,Flop,0,-396,396,CHECK,0,"['3h', '4s']","['7s', '4h']","['7h', '9s', '4d']",,3s,100,100
89,Turn,1,-396,396,CHECK,0,"['3h', '4s']","['7s', '4h']","['7h', '9s', '4d', '5d']",,3s,100,100
89,Turn,0,-396,396,CHECK,0,"['3h', '4s']","['7s', '4h']","['7h', '9s', '4d', '5d']",,3s,100,100
89,River,1,-396,396,CHECK,0,"['3h', '4s']","['7s', '4h']","['7h', '9s', '4d', '5d', '2s']",,3s,100,100
89,River,0,-396,396,CHECK,0,"['3h', '4s']","['7s', '4h']","['7h', '9s', '4d', '5d', '2s']",,3s,100,100
90,Pre-Flop,0,-496,496,RAISE,98,"['7h', '8s']","['7d', '7s']","['3h', '4s']",,,1,1
90,Pre-Flop,1,-496,496,CALL,0,"['7h', '8s']","['7d', '7s']","['3h', '4s']",,,2,2
90,Flop,0,-496,496,CHECK,0,"['7h', '8s']","['7d', '7s']","['3h', '4s', '4d']",,,100,100
90,Flop,1,-496,496,DISCARD,0,"['7h', '8s']","['7d', '7s']","['3h', '4s', '4d']",,,100,100
90,Flop,1,-496,496,CHECK,0,"['7h', '8s']","['2h', '7s']","['3h', '4s', '4d']",,7d,100,100
90,Turn,0,-496,496,CHECK,0,"['7h', '8s']","['2h', '7s']","['3h', '4s', '4d', '9d']",,7d,100,100
90,Turn,1,-496,496,CHECK,0,"['7h', '8s']","['2h', '7s']","['3h', '4s', '4d', '9d']",,7d,100,100
90,River,0,-496,496,CHECK,0,"['7h', '8s']","['2h', '7s']","['3h', '4s', '4d', '9d', '8d']",,7d,100,100
90,River,1,-496,496,CHECK,0,"['7h', '8s']","['2h', '7s']","['3h', '4s', '4d', '9d', '8d']",,7d,100,100
91,Pre-Flop,1,-396,396,RAISE,2,"['Ad', '8d']","['3s', '2h']","['2s', '9s']",,,1,1
91,Pre-Flop,0,-396,396,RAISE,96,"['Ad', '8d']","['3s', '2h']","['2s', '9s']",,,2,2
91,Pre-Flop,1,-396,396,CALL,0,"['Ad', '8d']","['3s', '2h']","['2s', '9s']",,,4,4
91,Pre-Flop,0,-396,396,CHECK,0,"['Ad', '8d']","['3s', '2h']","['2s', '9s']",,,100,100
91,Flop,1,-396,396,DISCARD,0,"['Ad', '8d']","['3s', '2h']","['2s', '9s', '6d']",,,100,100
91,Flop,1,-396,396,CHECK,0,"['Ad', '8d']","['3s', '7h']","['2s', '9s', '6d']",,2h,100,100
91,Flop,0,-396,396,CHECK,0,"['Ad', '8d']","['3s', '7h']","['2s', '9s', '6d']",,2h,100,100
91,Turn,1,-396,396,CHECK,0,"['Ad', '8d']","['3s', '7h']","['2s', '9s', '6d', '7s']",,2h,100,100
91,Turn,0,-396,396,CHECK,0,"['Ad', '8d']","['3s', '7h']","['2s', '9s', '6d', '7s']",,2h,100,100
91,River,1,-396,396,CHECK,0,"['Ad', '8d']","['3s', '7h']","['2s', '9s', '6d', '7s', '4h']",,2h,100,100
91,River,0,-396,396,CHECK,0,"['Ad', '8d']","['3s', '7h']","['2s', '9s', '6d', '7s', '4h']",,2h,100,100
92,Pre-Flop,0,-296,296,RAISE,98,"['7h', '6d']","['3d', 'Ah']","['5s', '8s']",,,1,1
92,Pre-Flop,1,-296,296,CALL,0,"['7h', '6d']","['3d', 'Ah']","['5s', '8s']",,,2,2
92,Flop,0,-296,296,CHECK,0,"['7h', '6d']","['3d', 'Ah']","['5s', '8s', '9s']",,,100,100
92,Flop,1,-296,296,DISCARD,0,"['7h', '6d']","['3d', 'Ah']","['5s', '8s', '9s']",,,100,100
92,Flop,1,-296,296,CHECK,0,"['7h', '6d']","['5d', 'Ah']","['5s', '8s', '9s']",,3d,100,100
92,Turn,0,-296,296,CHECK,0,"['7h', '6d']","['5d', 'Ah']","['5s', '8s', '9s', '4h']",,3d,100,100
92,Turn,1,-296,296,CHECK,0,"['7h', '6d']","['5d', 'Ah']","['5s', '8s', '9s', '4h']",,3d,100,100
92,River,0,-296,296,CHECK,0,"['7h', '6d']","['5d', 'Ah']","['5s', '8s', '9s', '4h', '4d']",,3d,100,100
92,River,1,-296,296,CHECK,0,"['7h', '6d']","['5d', 'Ah']","['5s', '8s', '9s', '4h', '4d']",,3d,100,100
93,Pre-Flop,1,-196,196,RAISE,2,"['2d', '8h']","['3s', '2h']","['9h', '5h']",,,1,1
93,Pre-Flop,0,-196,196,RAISE,96,"['2d', '8h']","['3s', '2h']","['9h', '5h']",,,2,2
93,Pre-Flop,1,-196,196,DISCARD,0,"['2d', '8h']","['3s', '2h']","['9h', '5h']",,,4,4
93,Pre-Flop,1,-196,196,CALL,0,"['2d', '8h']","['3s', '4h']","['9h', '5h']",,2h,4,4
93,Pre-Flop,0,-196,196,CHECK,0,"['2d', '8h']","['3s', '4h']","['9h', '5h']",,2h,100,100
93,Flop,1,-196,196,CHECK,0,"['2d', '8h']","['3s', '4h']","['9h', '5h', 'Ad']",,2h,100,100
93,Flop,0,-196,196,CHECK,0,"['2d', '8h']","['3s', '4h']","['9h', '5h', 'Ad']",,2h,100,100
93,Turn,1,-196,196,CHECK,0,"['2d', '8h']","['3s', '4h']","['9h', '5h', 'Ad', '6d']",,2h,100,100
93,Turn,0,-196,196,CHECK,0,"['2d', '8h']","['3s', '4h']","['9h', '5h', 'Ad', '6d']",,2h,100,100
93,River,1,-196,196,CHECK,0,"['2d', '8h']","['3s', '4h']","['9h', '5h', 'Ad', '6d', '7s']",,2h,100,100
93,River,0,-196,196,CHECK,0,"['2d', '8h']","['3s', '4h']","['9h', '5h', 'Ad', '6d', '7s']",,2h,100,100
94,Pre-Flop,0,-96,96,RAISE,98,"['4h', '6h']","['7d', 'Ah']","['3d', '6d']",,,1,1
94,Pre-Flop,1,-96,96,CALL,0,"['4h', '6h']","['7d', 'Ah']","['3d', '6d']",,,2,2
94,Flop,0,-96,96,CHECK,0,"['4h', '6h']","['7d', 'Ah']","['3d', '6d', '5d']",,,100,100
94,Flop,1,-96,96,DISCARD,0,"['4h', '6h']","['7d', 'Ah']","['3d', '6d', '5d']",,,100,100
94,Flop,1,-96,96,CHECK,0,"['4h', '6h']","['7d', '3h']","['3d', '6d', '5d']",,Ah,100,100
94,Turn,0,-96,96,CHECK,0,"['4h', '6h']","['7d', '3h']","['3d', '6d', '5d', '7h']",,Ah,100,100
94,Turn,1,-96,96,CHECK,0,"['4h', '6h']","['7d', '3h']","['3d', '6d', '5d', '7h']",,Ah,100,100
94,River,0,-96,96,CHECK,0,"['4h', '6h']","['7d', '3h']","['3d', '6d', '5d', '7h', '6s']",,Ah,100,100
94,River,1,-96,96,CHECK,0,"['4h', '6h']","['7d', '3h']","['3d', '6d', '5d', '7h', '6s']",,Ah,100,100
95,Pre-Flop,1,4,-4,RAISE,2,"['4d', '6h']","['4s', '5s']","['9h', 'Ad']",,,1,1
95,Pre-Flop,0,4,-4,RAISE,96,"['4d', '6h']","['4s', '5s']","['9h', 'Ad']",,,2,2
95,Pre-Flop,1,4,-4,CALL,0,"['4d', '6h']","['4s', '5s']","['9h', 'Ad']",,,4,4
95,Pre-Flop,0,4,-4,CHECK,0,"['4d', '6h']","['4s', '5s']","['9h', 'Ad']",,,100,100
95,Flop,1,4,-4,DISCARD,0,"['4d', '6h']","['4s', '5s']","['9h', 'Ad', '9s']",,,100,100
95,Flop,1,4,-4,CHECK,0,"['4d', '6h']","['8s', '5s']","['9h', 'Ad', '9s']",,4s,100,100
95,Flop,0,4,-4,CHECK,0,"['4d', '6h']","['8s', '5s']","['9h', 'Ad', '9s']",,4s,100,100
95,Turn,1,4,-4,CHECK,0,"['4d', '6h']","['8s', '5s']","['9h', 'Ad', '9s', '7h']",,4s,100,100
95,Turn,0,4,-4,CHECK,0,"['4d', '6h']","['8s', '5s']","['9h', 'Ad', '9s', '7h']",,4s,100,100
95,River,1,4,-4,CHECK,0,"['4d', '6h']","['8s', '5s']","['9h', 'Ad', '9s', '7h', '2s']",,4s,100,100
95,River,0,4,-4,CHECK,0,"['4d', '6h']","['8s', '5s']","['9h', 'Ad', '9s', '7h', '2s']",,4s,100,100
96,Pre-Flop,0,-96,96,RAISE,98,"['4h', '5d']","['9h', '4s']","['5h', '2d']",,,1,1
96,Pre-Flop,1,-96,96,CALL,0,"['4h', '5d']","['9h', '4s']","['5h', '2d']",,,2,2
96,Flop,0,-96,96,CHECK,0,"['4h', '5d']","['9h', '4s']","['5h', '2d', '3s']",,,100,100
96,Flop,1,-96,96,DISCARD,0,"['4h', '5d']","['9h', '4s']","['5h', '2d', '3s']",,,100,100
96,Flop,1,-96,96,CHECK,0,"['4h', '5d']","['As', '4s']","['5h', '2d', '3s']",,9h,100,100
96,Turn,0,-96,96,CHECK,0,"['4h', '5d']","['As', '4s']","['5h', '2d', '3s', '7s']",,9h,100,100
96,Turn,1,-96,96,CHECK,0,"['4h', '5d']","['As', '4s']","['5h', '2d', '3s', '7s']",,9h,100,100
96,River,0,-96,96,CHECK,0,"['4h', '5d']","['As', '4s']","['5h', '2d', '3s', '7s', '5s']",,9h,100,100
96,River,1,-96,96,CHECK,0,"['4h', '5d']","['As', '4s']","['5h', '2d', '3s', '7s', '5s']",,9h,100,100
97,Pre-Flop,1,-196,196,RAISE,2,"['6s', '8d']","['8h', '6h']","['9h', '4s']",,,1,1
97,Pre-Flop,0,-196,196,RAISE,96,"['6s', '8d']","['8h', '6h']","['9h', '4s']",,,2,2
97,Pre-Flop,1,-196,196,CALL,0,"['6s', '8d']","['8h', '6h']","['9h', '4s']",,,4,4
97,Pre-Flop,0,-196,196,CHECK,0,"['6s', '8d']","['8h', '6h']","['9h', '4s']",,,100,100
97,Flop,1,-196,196,DISCARD,0,"['6s', '8d']","['8h', '6h']","['9h', '4s', '7s']",,,100,100
97,Flop,1,-196,196,CHECK,0,"['6s', '8d']","['8h', '5h']","['9h', '4s', '7s']",,6h,100,100
97,Flop,0,-196,196,CHECK,0,"['6s', '8d']","['8h', '5h']","['9h', '4s', '7s']",,6h,100,100
97,Turn,1,-196,196,CHECK,0,"['6s', '8d']","['8h', '5h']","['9h', '4s', '7s', '5s']",,6h,100,100
97,Turn,0,-196,196,CHECK,0,"['6s', '8d']","['8h', '5h']","['9h', '4s', '7s', '5s']",,6h,100,100
97,River,1,-196,196,CHECK,0,"['6s', '8d']","['8h', '5h']","['9h', '4s', '7s', '5s', 'Ah']",,6h,100,100
97,River,0,-196,196,CHECK,0,"['6s', '8d']","['8h', '5h']","['9h', '4s', '7s', '5s', 'Ah']",,6h,100,100
98,Pre-Flop,0,-96,96,RAISE,98,"['Ah', '2h']","['9s', '8h']","['7h', '7s']",,,1,1
98,Pre-Flop,1,-96,96,CALL,0,"['Ah', '2h']","['9s', '8h']","['7h', '7s']",,,2,2
98,Flop,0,-96,96,CHECK,0,"['Ah', '2h']","['9s', '8h']","['7h', '7s', '4d']",,,100,100
98,Flop,1,-96,96,DISCARD,0,"['Ah', '2h']","['9s', '8h']","['7h', '7s', '4d']",,,100,100
98,Flop,1,-96,96,CHECK,0,"['Ah', '2h']","['9s', '6s']","['7h', '7s', '4d']",,8h,100,100
98,Turn,0,-96,96,CHECK,0,"['Ah', '2h']","['9s', '6s']","['7h', '7s', '4d', '2s']",,8h,100,100
98,Turn,1,-96,96,CHECK,0,"['Ah', '2h']","['9s', '6s']","['7h', '7s', '4d', '2s']",,8h,100,100
98,River,0,-96,96,CHECK,0,"['Ah', '2h']","['9s', '6s']","['7h', '7s', '4d', '2s', '5h']",,8h,100,100
98,River,1,-96,96,CHECK,0,"['Ah', '2h']","['9s', '6s']","['7h', '7s', '4d', '2s', '5h']",,8h,100,100
99,Pre-Flop,1,4,-4,RAISE,2,"['3h', '5s']","['Ad', '7h']","['6s', '2h']",,,1,1
99,Pre-Flop,0,4,-4,RAISE,96,"['3h', '5s']","['Ad', '7h']","['6s', '2h']",,,2,2
99,Pre-Flop,1,4,-4,CALL,0,"['3h', '5s']","['Ad', '7h']","['6s', '2h']",,,4,4
99,Pre-Flop,0,4,-4,CHECK,0,"['3h', '5s']","['Ad', '7h']","['6s', '2h']",,,100,100
99,Flop,1,4,-4,DISCARD,0,"['3h', '5s']","['Ad', '7h']","['6s', '2h', '8s']",,,100,100
99,Flop,1,4,-4,CHECK,0,"['3h', '5s']","['Ad', '9s']","['6s', '2h', '8s']",,7h,100,100
99,Flop,0,4,-4,CHECK,0,"['3h', '5s']","['Ad', '9s']","['6s', '2h', '8s']",,7h,100,100
99,Turn,1,4,-4,CHECK,0,"['3h', '5s']","['Ad', '9s']","['6s', '2h', '8s', '7d']",,7h,100,100
99,Turn,0,4,-4,CHECK,0,"['3h', '5s']","['Ad', '9s']","['6s', '2h', '8s', '7d']",,7h,100,100
99,River,1,4,-4,CHECK,0,"['3h', '5s']","['Ad', '9s']","['6s', '2h', '8s', '7d', '2d']",,7h,100,100
99,River,0,4,-4,CHECK,0,"['3h', '5s']","['Ad', '9s']","['6s', '2h', '8s', '7d', '2d']",,7h,100,100
100,Pre-Flop,0,-96,96,RAISE,98,"['6d', '6s']","['7s', 'Ad']","['8h', '9s']",,,1,1
100,Pre-Flop,1,-96,96,DISCARD,0,"['6d', '6s']","['7s', 'Ad']","['8h', '9s']",,,2,2
100,Pre-Flop,1,-96,96,CALL,0,"['6d', '6s']","['7s', '4h']","['8h', '9s']",,Ad,2,2
100,Flop,0,-96,96,CHECK,0,"['6d', '6s']","['7s', '4h']","['8h', '9s', '4d']",,Ad,100,100
100,Flop,1,-96,96,CHECK,0,"['6d', '6s']","['7s', '4h']","['8h', '9s', '4d']",,Ad,100,100
100,Turn,0,-96,96,CHECK,0,"['6d', '6s']","['7s', '4h']","['8h', '9s', '4d', '8s']",,Ad,100,100
100,Turn,1,-96,96,CHECK,0,"['6d', '6s']","['7s', '4h']","['8h', '9s', '4d', '8s']",,Ad,100,100
100,River,0,-96,96,CHECK,0,"['6d', '6s']","['7s', '4h']","['8h', '9s', '4d', '8s', '2s']",,Ad,100,100
100,River,1,-96,96,CHECK,0,"['6d', '6s']","['7s', '4h']","['8h', '9s', '4d', '8s', '2s']",,Ad,100,100
101,Pre-Flop,1,4,-4,RAISE,2,"['As', '2s']","['3d', '6s']","['9h', '6d']",,,1,1
101,Pre-Flop,0,4,-4,RAISE,96,"['As', '2s']","['3d', '6s']","['9h', '6d']",,,2,2
101,Pre-Flop,1,4,-4,CALL,0,"['As', '2s']","['3d', '6s']","['9h', '6d']",,,4,4
101,Pre-Flop,0,4,-4,CHECK,0,"['As', '2s']","['3d', '6s']","['9h', '6d']",,,100,100
101,Flop,1,4,-4,DISCARD,0,"['As', '2s']","['3d', '6s']","['9h', '6d', '5s']",,,100,100
101,Flop,1,4,-4,CHECK,0,"['As', '2s']","['3h', '6s']","['9h', '6d', '5s']",,3d,100,100
101,Flop,0,4,-4,CHECK,0,"['As', '2s']","['3h', '6s']","['9h', '6d', '5s']",,3d,100,100
101,Turn,1,4,-4,CHECK,0,"['As', '2s']","['3h', '6s']","['9h', '6d', '5s', '7s']",,3d,100,100
101,Turn,0,4,-4,CHECK,0,"['As', '2s']","['3h', '6s']","['9h', '6d', '5s', '7s']",,3d,100,100
101,River,1,4,-4,CHECK,0,"['As', '2s']","['3h', '6s']","['9h', '6d', '5s', '7s', '4h']",,3d,100,100
101,River,0,4,-4,CHECK,0,"['As', '2s']","['3h', '6s']","['9h', '6d', '5s', '7s', '4h']",,3d,100,100
102,Pre-Flop,0,-96,96,RAISE,98,"['7s', 'Ah']","['3d', '7h']","['6h', '8h']",,,1,1
102,Pre-Flop,1,-96,96,CALL,0,"['7s', 'Ah']","['3d', '7h']","['6h', '8h']",,,2,2
102,Flop,0,-96,96,CHECK,0,"['7s', 'Ah']","['3d', '7h']","['6h', '8h', '6d']",,,100,100
102,Flop,1,-96,96,DISCARD,0,"['7s', 'Ah']","['3d', '7h']","['6h', '8h', '6d']",,,100,100
102,Flop,1,-96,96,CHECK,0,"['7s', 'Ah']","['9h', '7h']","['6h', '8h', '6d']",,3d,100,100
102,Turn,0,-96,96,CHECK,0,"['7s', 'Ah']","['9h', '7h']","['6h', '8h', '6d', '4d']",,3d,100,100
102,Turn,1,-96,96,CHECK,0,"['7s', 'Ah']","['9h', '7h']","['6h', '8h', '6d', '4d']",,3d,100,100
102,River,0,-96,96,CHECK,0,"['7s', 'Ah']","['9h', '7h']","['6h', '8h', '6d', '4d', '5d']",,3d,100,100
102,River,1,-96,96,CHECK,0,"['7s', 'Ah']","['9h', '7h']","['6h', '8h', '6d', '4d', '5d']",,3d,100,100
103,Pre-Flop,1,-196,196,RAISE,2,"['9s', '8h']","['4h', '7d']","['3h', '5h']",,,1,1
103,Pre-Flop,0,-196,196,RAISE,96,"['9s', '8h']","['4h', '7d']","['3h', '5h']",,,2,2
103,Pre-Flop,1,-196,196,CALL,0,"['9s', '8h']","['4h', '7d']","['3h', '5h']",,,4,4
103,Pre-Flop,0,-196,196,CHECK,0,"['9s', '8h']","['4h', '7d']","['3h', '5h']",,,100,100
103,Flop,1,-196,196,DISCARD,0,"['9s', '8h']","['4h', '7d']","['3h', '5h', '8d']",,,100,100
103,Flop,1,-196,196,CHECK,0,"['9s', '8h']","['2d', '7d']","['3h', '5h', '8d']",,4h,100,100
103,Flop,0,-196,196,CHECK,0,"['9s', '8h']","['2d', '7d']","['3h', '5h', '8d']",,4h,100,100
103,Turn,1,-196,196,CHECK,0,"['9s', '8h']","['2d', '7d']","['3h', '5h', '8d', '4d']",,4h,100,100
103,Turn,0,-196,196,CHECK,0,"['9s', '8h']","['2d', '7d']","['3h', '5h', '8d', '4d']",,4h,100,100
103,River,1,-196,196,CHECK,0,"['9s', '8h']","['2d', '7d']","['3h', '5h', '8d', '4d', 'As']",,4h,100,100
103,River,0,-196,196,CHECK,0,"['9s', '8h']","['2d', '7d']","['3h', '5h', '8d', '4d', 'As']",,4h,100,100
104,Pre-Flop,0,-296,296,RAISE,98,"['7h', '6s']","['5d', '2s']","['2d', '8s']",,,1,1
104,Pre-Flop,1,-296,296,CALL,0,"['7h', '6s']","['5d', '2s']","['2d', '8s']",,,2,2
104,Flop,0,-296,296,CHECK,0,"['7h', '6s']","['5d', '2s']","['2d', '8s', '7s']",,,100,100
104,Flop,1,-296,296,DISCARD,0,"['7h', '6s']","['5d', '2s']","['2d', '8s', '7s']",,,100,100
104,Flop,1,-296,296,CHECK,0,"['7h', '6s']","['9h', '2s']","['2d', '8s', '7s']",,5d,100,100
104,Turn,0,-296,296,CHECK,0,"['7h', '6s']","['9h', '2s']","['2d', '8s', '7s', '7d']",,5d,100,100
104,Turn,1,-296,296,CHECK,0,"['7h', '6s']","['9h', '2s']","['2d', '8s', '7s', '7d']",,5d,100,100
104,River,0,-296,296,CHECK,0,"['7h', '6s']","['9h', '2s']","['2d', '8s', '7s', '7d', '6d']",,5d,100,100
104,River,1,-296,296,CHECK,0,"['7h', '6s']","['9h', '2s']","['2d', '8s', '7s', '7d', '6d']",,5d,100,100
105,Pre-Flop,1,-196,196,RAISE,2,"['6s', '7d']","['4d', '9s']","['4s', '4h']",,,1,1
105,Pre-Flop,0,-196,196,RAISE,96,"['6s', '7d']","['4d', '9s']","['4s', '4h']",,,2,2
105,Pre-Flop,1,-196,196,CALL,0,"['6s', '7d']","['4d', '9s']","['4s', '4h']",,,4,4
105,Pre-Flop,0,-196,196,CHECK,0,"['6s', '7d']","['4d', '9s']","['4s', '4h']",,,100,100
105,Flop,1,-196,196,DISCARD,0,"['6s', '7d']","['4d', '9s']","['4s', '4h', '9d']",,,100,100
105,Flop,1,-196,196,CHECK,0,"['6s', '7d']","['2h', '9s']","['4s', '4h', '9d']",,4d,100,100
105,Flop,0,-196,196,CHECK,0,"['6s', '7d']","['2h', '9s']","['4s', '4h', '9d']",,4d,100,100
105,Turn,1,-196,196,CHECK,0,"['6s', '7d']","['2h', '9s']","['4s', '4h', '9d', '9h']",,4d,100,100
105,Turn,0,-196,196,CHECK,0,"['6s', '7d']","['2h', '9s']","['4s', '4h', '9d', '9h']",,4d,100,100
105,River,1,-196,196,CHECK,0,"['6s', '7d']","['2h', '9s']","['4s', '4h', '9d', '9h', '7s']",,4d,100,100
105,River,0,-196,196,CHECK,0,"['6s', '7d']","['2h', '9s']","['4s', '4h', '9d', '9h', '7s']",,4d,100,100
106,Pre-Flop,0,-296,296,RAISE,98,"['8s', '6h']","['6d', '2d']","['3s', '8h']",,,1,1
106,Pre-Flop,1,-296,296,CALL,0,"['8s', '6h']","['6d', '2d']","['3s', '8h']",,,2,2
106,Flop,0,-296,296,CHECK,0,"['8s', '6h']","['6d', '2d']","['3s', '8h', '9s']",,,100,100
106,Flop,1,-296,296,DISCARD,0,"['8s', '6h']","['6d', '2d']","['3s', '8h', '9s']",,,100,100
106,Flop,1,-296,296,CHECK,0,"['8s', '6h']","['6d', '5d']","['3s', '8h', '9s']",,2d,100,100
106,Turn,0,-296,296,CHECK,0,"['8s', '6h']","['6d', '5d']","['3s', '8h', '9s', '8d']",,2d,100,100
106,Turn,1,-296,296,CHECK,0,"['8s', '6h']","['6d', '5d']","['3s', '8h', '9s', '8d']",,2d,100,100
106,River,0,-296,296,CHECK,0,"['8s', '6h']","['6d', '5d']","['3s', '8h', '9s', '8d', '4h']",,2d,100,100
106,River,1,-296,296,CHECK,0,"['8s', '6h']","['6d', '5d']","['3s', '8h', '9s', '8d', '4h']",,2d,100,100
107,Pre-Flop,1,-196,196,RAISE,2,"['3h', '4h']","['7h', '4s']","['9d', 'Ah']",,,1,1
107,Pre-Flop,0,-196,196,RAISE,96,"['3h', '4h']","['7h', '4s']","['9d', 'Ah']",,,2,2
107,Pre-Flop,1,-196,196,CALL,0,"['3h', '4h']","['7h', '4s']","['9d', 'Ah']",,,4,4
107,Pre-Flop,0,-196,196,CHECK,0,"['3h', '4h']","['7h', '4s']","['9d', 'Ah']",,,100,100
107,Flop,1,-196,196,CHECK,0,"['3h', '4h']","['7h', '4s']","['9d', 'Ah', '2h']",,,100,100
107,Flop,0,-196,196,CHECK,0,"['3h', '4h']","['7h', '4s']","['9d', 'Ah', '2h']",,,100,100
107,Turn,1,-196,196,CHECK,0,"['3h', '4h']","['7h', '4s']","['9d', 'Ah', '2h', '7s']",,,100,100
107,Turn,0,-196,196,CHECK,0,"['3h', '4h']","['7h', '4s']","['9d', 'Ah', '2h', '7s']",,,100,100
107,River,1,-196,196,CHECK,0,"['3h', '4h']","['7h', '4s']","['9d', 'Ah', '2h', '7s', '3d']",,,100,100
107,River,0,-196,196,CHECK,0,"['3h', '4h']","['7h', '4s']","['9d', 'Ah', '2h', '7s', '3d']",,,100,100
108,Pre-Flop,0,-296,296,RAISE,98,"['8d', '4h']","['9s', '9d']","['5s', '6h']",,,1,1
108,Pre-Flop,1,-296,296,CALL,0,"['8d', '4h']","['9s', '9d']","['5s', '6h']",,,2,2
108,Flop,0,-296,296,CHECK,0,"['8d', '4h']","['9s', '9d']","['5s', '6h', '4s']",,,100,100
108,Flop,1,-296,296,DISCARD,0,"['8d', '4h']","['9s', '9d']","['5s', '6h', '4s']",,,100,100
108,Flop,1,-296,296,CHECK,0,"['8d', '4h']","['9s', '8h']","['5s', '6h', '4s']",,9d,100,100
108,Turn,0,-296,296,CHECK,0,"['8d', '4h']","['9s', '8h']","['5s', '6h', '4s', '9h']",,9d,100,100
108,Turn,1,-296,296,CHECK,0,"['8d', '4h']","['9s', '8h']","['5s', '6h', '4s', '9h']",,9d,100,100
108,River,0,-296,296,CHECK,0,"['8d', '4h']","['9s', '8h']","['5s', '6h', '4s', '9h', 'Ah']",,9d,100,100
108,River,1,-296,296,CHECK,0,"['8d', '4h']","['9s', '8h']","['5s', '6h', '4s', '9h', 'Ah']",,9d,100,100
109,Pre-Flop,1,-396,396,RAISE,2,"['As', '6h']","['5s', '9h']","['5h', '2h']",,,1,1
109,Pre-Flop,0,-396,396,RAISE,96,"['As', '6h']","['5s', '9h']","['5h', '2h']",,,2,2
109,Pre-Flop,1,-396,396,DISCARD,0,"['As', '6h']","['5s', '9h']","['5h', '2h']",,,4,4
109,Pre-Flop,1,-396,396,CALL,0,"['As', '6h']","['5s', '7d']","['5h', '2h']",,9h,4,4
109,Pre-Flop,0,-396,396,CHECK,0,"['As', '6h']","['5s', '7d']","['5h', '2h']",,9h,100,100
109,Flop,1,-396,396,CHECK,0,"['As', '6h']","['5s', '7d']","['5h', '2h', '4h']",,9h,100,100
109,Flop,0,-396,396,CHECK,0,"['As', '6h']","['5s', '7d']","['5h', '2h', '4h']",,9h,100,100
109,Turn,1,-396,396,CHECK,0,"['As', '6h']","['5s', '7d']","['5h', '2h', '4h', '6d']",,9h,100,100
109,Turn,0,-396,396,CHECK,0,"['As', '6h']","['5s', '7d']","['5h', '2h', '4h', '6d']",,9h,100,100
109,River,1,-396,396,CHECK,0,"['As', '6h']","['5s', '7d']","['5h', '2h', '4h', '6d', '4s']",,9h,100,100
109,River,0,-396,396,CHECK,0,"['As', '6h']","['5s', '7d']","['5h', '2h', '4h', '6d', '4s']",,9h,100,100
110,Pre-Flop,0,-296,296,RAISE,98,"['4h', '9d']","['8s', '4s']","['5h', '4d']",,,1,1
110,Pre-Flop,1,-296,296,DISCARD,0,"['4h', '9d']","['8s', '4s']","['5h', '4d']",,,2,2
110,Pre-Flop,1,-296,296,CALL,0,"['4h', '9d']","['8s', '2s']","['5h', '4d']",,4s,2,2
110,Flop,0,-296,296,CHECK,0,"['4h', '9d']","['8s', '2s']","['5h', '4d', 'As']",,4s,100,100
110,Flop,1,-296,296,CHECK,0,"['4h', '9d']","['8s', '2s']","['5h', '4d', 'As']",,4s,100,100
110,Turn,0,-296,296,CHECK,0,"['4h', '9d']","['8s', '2s']","['5h', '4d', 'As', 'Ah']",,4s,100,100
110,Turn,1,-296,296,CHECK,0,"['4h', '9d']","['8s', '2s']","['5h', '4d', 'As', 'Ah']",,4s,100,100
110,River,0,-296,296,CHECK,0,"['4h', '9d']","['8s', '2s']","['5h', '4d', 'As', 'Ah', '7h']",,4s,100,100
110,River,1,-296,296,CHECK,0,"['4h', '9d']","['8s', '2s']","['5h', '4d', 'As', 'Ah', '7h']",,4s,100,100
111,Pre-Flop,1,-196,196,RAISE,2,"['8d', 'As']","['7h', '3s']","['7s', '4s']",,,1,1
111,Pre-Flop,0,-196,196,RAISE,96,"['8d', 'As']","['7h', '3s']","['7s', '4s']",,,2,2
111,Pre-Flop,1,-196,196,CALL,0,"['8d', 'As']","['7h', '3s']","['7s', '4s']",,,4,4
111,Pre-Flop,0,-196,196,CHECK,0,"['8d', 'As']","['7h', '3s']","['7s', '4s']",,,100,100
111,Flop,1,-196,196,DISCARD,0,"['8d', 'As']","['7h', '3s']","['7s', '4s', '3h']",,,100,100
111,Flop,1,-196,196,CHECK,0,"['8d', 'As']","['7h', '8s']","['7s', '4s', '3h']",,3s,100,100
111,Flop,0,-196,196,CHECK,0,"['8d', 'As']","['7h', '8s']","['7s', '4s', '3h']",,3s,100,100
111,Turn,1,-196,196,CHECK,0,"['8d', 'As']","['7h', '8s']","['7s', '4s', '3h', '6d']",,3s,100,100
111,Turn,0,-196,196,CHECK,0,"['8d', 'As']","['7h', '8s']","['7s', '4s', '3h', '6d']",,3s,100,100
111,River,1,-196,196,CHECK,0,"['8d', 'As']","['7h', '8s']","['7s', '4s', '3h', '6d', '6h']",,3s,100,100
111,River,0,-196,196,CHECK,0,"['8d', 'As']","['7h', '8s']","['7s', '4s', '3h', '6d', '6h']",,3s,100,100
112,Pre-Flop,0,-296,296,RAISE,98,"['Ah', '2s']","['6h', '9s']","['8s', '9h']",,,1,1
112,Pre-Flop,1,-296,296,CALL,0,"['Ah', '2s']","['6h', '9s']","['8s', '9h']",,,2,2
112,Flop,0,-296,296,CHECK,0,"['Ah', '2s']","['6h', '9s']","['8s', '9h', '5h']",,,100,100
112,Flop,1,-296,296,CHECK,0,"['Ah', '2s']","['6h', '9s']","['8s', '9h', '5h']",,,100,100
112,Turn,0,-296,296,CHECK,0,"['Ah', '2s']","['6h', '9s']","['8s', '9h', '5h', '2h']",,,100,100
112,Turn,1,-296,296,CHECK,0,"['Ah', '2s']","['6h', '9s']","['8s', '9h', '5h', '2h']",,,100,100
112,River,0,-296,296,CHECK,0,"['Ah', '2s']","['6h', '9s']","['8s', '9h', '5h', '2h', '7d']",,,100,100
112,River,1,-296,296,CHECK,0,"['Ah', '2s']","['6h', '9s']","['8s', '9h', '5h', '2h', '7d']",,,100,100
113,Pre-Flop,1,-396,396,RAISE,3,"['3d', '2s']","['3h', '9s']","['6d', '7d']",,,1,1
113,Pre-Flop,0,-396,396,RAISE,95,"['3d', '2s']","['3h', '9s']","['6d', '7d']",,,2,2
113,Pre-Flop,1,-396,396,CALL,0,"['3d', '2s']","['3h', '9s']","['6d', '7d']",,,5,5
113,Pre-Flop,0,-396,396,CHECK,0,"['3d', '2s']","['3h', '9s']","['6d', '7d']",,,100,100
113,Flop,1,-396,396,DISCARD,0,"['3d', '2s']","['3h', '9s']","['6d', '7d', '4s']",,,100,100
113,Flop,1,-396,396,CHECK,0,"['3d', '2s']","['3s', '9s']","['6d', '7d', '4s']",,3h,100,100
113,Flop,0,-396,396,CHECK,0,"['3d', '2s']","['3s', '9s']","['6d', '7d', '4s']",,3h,100,100
113,Turn,1,-396,396,CHECK,0,"['3d', '2s']","['3s', '9s']","['6d', '7d', '4s', '8s']",,3h,100,100
113,Turn,0,-396,396,CHECK,0,"['3d', '2s']","['3s', '9s']","['6d', '7d', '4s', '8s']",,3h,100,100
113,River,1,-396,396,CHECK,0,"['3d', '2s']","['3s', '9s']","['6d', '7d', '4s', '8s', '6s']",,3h,100,100
113,River,0,-396,396,CHECK,0,"['3d', '2s']","['3s', '9s']","['6d', '7d', '4s', '8s', '6s']",,3h,100,100
114,Pre-Flop,0,-496,496,RAISE,98,"['3h', 'Ah']","['As', '6h']","['2s', '6s']",,,1,1
114,Pre-Flop,1,-496,496,CALL,0,"['3h', 'Ah']","['As', '6h']","['2s', '6s']",,,2,2
114,Flop,0,-496,496,CHECK,0,"['3h', 'Ah']","['As', '6h']","['2s', '6s', '7s']",,,100,100
114,Flop,1,-496,496,DISCARD,0,"['3h', 'Ah']","['As', '6h']","['2s', '6s', '7s']",,,100,100
114,Flop,1,-496,496,CHECK,0,"['3h', 'Ah']","['As', '3d']","['2s', '6s', '7s']",,6h,100,100
114,Turn,0,-496,496,CHECK,0,"['3h', 'Ah']","['As', '3d']","['2s', '6s', '7s', '8d']",,6h,100,100
114,Turn,1,-496,496,CHECK,0,"['3h', 'Ah']","['As', '3d']","['2s', '6s', '7s', '8d']",,6h,100,100
114,River,0,-496,496,CHECK,0,"['3h', 'Ah']","['As', '3d']","['2s', '6s', '7s', '8d', '6d']",,6h,100,100
114,River,1,-496,496,CHECK,0,"['3h', 'Ah']","['As', '3d']","['2s', '6s', '7s', '8d', '6d']",,6h,100,100
115,Pre-Flop,1,-496,496,RAISE,2,"['2d', '7d']","['9h', 'Ad']","['7s', '9d']",,,1,1
115,Pre-Flop,0,-496,496,RAISE,96,"['2d', '7d']","['9h', 'Ad']","['7s', '9d']",,,2,2
115,Pre-Flop,1,-496,496,CALL,0,"['2d', '7d']","['9h', 'Ad']","['7s', '9d']",,,4,4
115,Pre-Flop,0,-496,496,CHECK,0,"['2d', '7d']","['9h', 'Ad']","['7s', '9d']",,,100,100
115,Flop,1,-496,496,DISCARD,0,"['2d', '7d']","['9h', 'Ad']","['7s', '9d', '2s']",,,100,100
115,Flop,1,-496,496,CHECK,0,"['2d', '7d']","['Ah', 'Ad']","['7s', '9d', '2s']",,9h,100,100
115,Flop,0,-496,496,CHECK,0,"['2d', '7d']","['Ah', 'Ad']","['7s', '9d', '2s']",,9h,100,100
115,Turn,1,-496,496,CHECK,0,"['2d', '7d']","['Ah', 'Ad']","['7s', '9d', '2s', '8h']",,9h,100,100
115,Turn,0,-496,496,CHECK,0,"['2d', '7d']","['Ah', 'Ad']","['7s', '9d', '2s', '8h']",,9h,100,100
115,River,1,-496,496,CHECK,0,"['2d', '7d']","['Ah', 'Ad']","['7s', '9d', '2s', '8h', '4d']",,9h,100,100
115,River,0,-496,496,CHECK,0,"['2d', '7d']","['Ah', 'Ad']","['7s', '9d', '2s', '8h', '4d']",,9h,100,100
116,Pre-Flop,0,-396,396,RAISE,98,"['4d', '2h']","['6h', '9s']","['3d', '5h']",,,1,1
116,Pre-Flop,1,-396,396,DISCARD,0,"['4d', '2h']","['6h', '9s']","['3d', '5h']",,,2,2
116,Pre-Flop,1,-396,396,CALL,0,"['4d', '2h']","['4h', '9s']","['3d', '5h']",,6h,2,2
116,Flop,0,-396,396,CHECK,0,"['4d', '2h']","['4h', '9s']","['3d', '5h', 'Ad']",,6h,100,100
116,Flop,1,-396,396,CHECK,0,"['4d', '2h']","['4h', '9s']","['3d', '5h', 'Ad']",,6h,100,100
116,Turn,0,-396,396,CHECK,0,"['4d', '2h']","['4h', '9s']","['3d', '5h', 'Ad', '4s']",,6h,100,100
116,Turn,1,-396,396,CHECK,0,"['4d', '2h']","['4h', '9s']","['3d', '5h', 'Ad', '4s']",,6h,100,100
116,River,0,-396,396,CHECK,0,"['4d', '2h']","['4h', '9s']","['3d', '5h', 'Ad', '4s', '6d']",,6h,100,100
116,River,1,-396,396,CHECK,0,"['4d', '2h']","['4h', '9s']","['3d', '5h', 'Ad', '4s', '6d']",,6h,100,100
117,Pre-Flop,1,-296,296,RAISE,2,"['7s', '5s']","['8d', '5h']","['2h', 'As']",,,1,1
117,Pre-Flop,0,-296,296,RAISE,96,"['7s', '5s']","['8d', '5h']","['2h', 'As']",,,2,2
117,Pre-Flop,1,-296,296,CALL,0,"['7s', '5s']","['8d', '5h']","['2h', 'As']",,,4,4
117,Pre-Flop,0,-296,296,CHECK,0,"['7s', '5s']","['8d', '5h']","['2h', 'As']",,,100,100
117,Flop,1,-296,296,DISCARD,0,"['7s', '5s']","['8d', '5h']","['2h', 'As', '7d']",,,100,100
117,Flop,1,-296,296,CHECK,0,"['7s', '5s']","['8d', '5d']","['2h', 'As', '7d']",,5h,100,100
117,Flop,0,-296,296,CHECK,0,"['7s', '5s']","['8d', '5d']","['2h', 'As', '7d']",,5h,100,100
117,Turn,1,-296,296,CHECK,0,"['7s', '5s']","['8d', '5d']","['2h', 'As', '7d', '4s']",,5h,100,100
117,Turn,0,-296,296,CHECK,0,"['7s', '5s']","['8d', '5d']","['2h', 'As', '7d', '4s']",,5h,100,100
117,River,1,-296,296,CHECK,0,"['7s', '5s']","['8d', '5d']","['2h', 'As', '7d', '4s', 'Ad']",,5h,100,100
117,River,0,-296,296,CHECK,0,"['7s', '5s']","['8d', '5d']","['2h', 'As', '7d', '4s', 'Ad']",,5h,100,100
118,Pre-Flop,0,-196,196,RAISE,98,"['2s', 'As']","['6d', '2h']","['3s', '8s']",,,1,1
118,Pre-Flop,1,-196,196,CALL,0,"['2s', 'As']","['6d', '2h']","['3s', '8s']",,,2,2
118,Flop,0,-196,196,CHECK,0,"['2s', 'As']","['6d', '2h']","['3s', '8s', '7h']",,,100,100
118,Flop,1,-196,196,DISCARD,0,"['2s', 'As']","['6d', '2h']","['3s', '8s', '7h']",,,100,100
118,Flop,1,-196,196,CHECK,0,"['2s', 'As']","['6d', '5s']","['3s', '8s', '7h']",,2h,100,100
118,Turn,0,-196,196,CHECK,0,"['2s', 'As']","['6d', '5s']","['3s', '8s', '7h', '9h']",,2h,100,100
118,Turn,1,-196,196,CHECK,0,"['2s', 'As']","['6d', '5s']","['3s', '8s', '7h', '9h']",,2h,100,100
118,River,0,-196,196,CHECK,0,"['2s', 'As']","['6d', '5s']","['3s', '8s', '7h', '9h', '4d']",,2h,100,100
118,River,1,-196,196,CHECK,0,"['2s', 'As']","['6d', '5s']","['3s', '8s', '7h', '9h', '4d']",,2h,100,100
119,Pre-Flop,1,-296,296,RAISE,2,"['7d', '2h']","['4h', '4s']","['7s', '5s']",,,1,1
119,Pre-Flop,0,-296,296,RAISE,96,"['7d', '2h']","['4h', '4s']","['7s', '5s']",,,2,2
119,Pre-Flop,1,-296,296,CALL,0,"['7d', '2h']","['4h', '4s']","['7s', '5s']",,,4,4
119,Pre-Flop,0,-296,296,CHECK,0,"['7d', '2h']","['4h', '4s']","['7s', '5s']",,,100,100
119,Flop,1,-296,296,DISCARD,0,"['7d', '2h']","['4h', '4s']","['7s', '5s', '6s']",,,100,100
119,Flop,1,-296,296,CHECK,0,"['7d', '2h']","['5d', '4s']","['7s', '5s', '6s']",,4h,100,100
119,Flop,0,-296,296,CHECK,0,"['7d', '2h']","['5d', '4s']","['7s', '5s', '6s']",,4h,100,100
119,Turn,1,-296,296,CHECK,0,"['7d', '2h']","['5d', '4s']","['7s', '5s', '6s', '2d']",,4h,100,100
119,Turn,0,-296,296,CHECK,0,"['7d', '2h']","['5d', '4s']","['7s', '5s', '6s', '2d']",,4h,100,100
119,River,1,-296,296,CHECK,0,"['7d', '2h']","['5d', '4s']","['7s', '5s', '6s', '2d', '7h']",,4h,100,100
119,River,0,-296,296,CHECK,0,"['7d', '2h']","['5d', '4s']","['7s', '5s', '6s', '2d', '7h']",,4h,100,100
120,Pre-Flop,0,-196,196,RAISE,98,"['7d', '9s']","['3h', 'Ah']","['8s', '3s']",,,1,1
120,Pre-Flop,1,-196,196,CALL,0,"['7d', '9s']","['3h', 'Ah']","['8s', '3s']",,,2,2
120,Flop,0,-196,196,CHECK,0,"['7d', '9s']","['3h', 'Ah']","['8s', '3s', '8h']",,,100,100
120,Flop,1,-196,196,DISCARD,0,"['7d', '9s']","['3h', 'Ah']","['8s', '3s', '8h']",,,100,100
120,Flop,1,-196,196,CHECK,0,"['7d', '9s']","['6d', 'Ah']","['8s', '3s', '8h']",,3h,100,100
120,Turn,0,-196,196,CHECK,0,"['7d', '9s']","['6d', 'Ah']","['8s', '3s', '8h', '2s']",,3h,100,100
120,Turn,1,-196,196,CHECK,0,"['7d', '9s']","['6d', 'Ah']","['8s', '3s', '8h', '2s']",,3h,100,100
120,River,0,-196,196,CHECK,0,"['7d', '9s']","['6d', 'Ah']","['8s', '3s', '8h', '2s', '5d']",,3h,100,100
120,River,1,-196,196,CHECK,0,"['7d', '9s']","['6d', 'Ah']","['8s', '3s', '8h', '2s', '5d']",,3h,100,100
121,Pre-Flop,1,-296,296,DISCARD,0,"['3s', '6s']","['8d', '9s']","['9d', '4d']",,,1,1
121,Pre-Flop,1,-296,296,RAISE,3,"['3s', '6s']","['4h', '9s']","['9d', '4d']",,8d,1,1
121,Pre-Flop,0,-296,296,RAISE,95,"['3s', '6s']","['4h', '9s']","['9d', '4d']",,8d,2,2
121,Pre-Flop,1,-296,296,CALL,0,"['3s', '6s']","['4h', '9s']","['9d', '4d']",,8d,5,5
121,Pre-Flop,0,-296,296,CHECK,0,"['3s', '6s']","['4h', '9s']","['9d', '4d']",,8d,100,100
121,Flop,1,-296,296,CHECK,0,"['3s', '6s']","['4h', '9s']","['9d', '4d', '7s']",,8d,100,100
121,Flop,0,-296,296,CHECK,0,"['3s', '6s']","['4h', '9s']","['9d', '4d', '7s']",,8d,100,100
121,Turn,1,-296,296,CHECK,0,"['3s', '6s']","['4h', '9s']","['9d', '4d', '7s', '5s']",,8d,100,100
121,Turn,0,-296,296,CHECK,0,"['3s', '6s']","['4h', '9s']","['9d', '4d', '7s', '5s']",,8d,100,100
121,River,1,-296,296,CHECK,0,"['3s', '6s']","['4h', '9s']","['9d', '4d', '7s', '5s', '8h']",,8d,100,100
121,River,0,-296,296,CHECK,0,"['3s', '6s']","['4h', '9s']","['9d', '4d', '7s', '5s', '8h']",,8d,100,100
122,Pre-Flop,0,-196,196,RAISE,98,"['5s', '5d']","['6d', 'Ah']","['8s', '9d']",,,1,1
122,Pre-Flop,1,-196,196,CALL,0,"['5s', '5d']","['6d', 'Ah']","['8s', '9d']",,,2,2
122,Flop,0,-196,196,CHECK,0,"['5s', '5d']","['6d', 'Ah']","['8s', '9d', '5h']",,,100,100
122,Flop,1,-196,196,DISCARD,0,"['5s', '5d']","['6d', 'Ah']","['8s', '9d', '5h']",,,100,100
122,Flop,1,-196,196,CHECK,0,"['5s', '5d']","['9s', 'Ah']","['8s', '9d', '5h']",,6d,100,100
122,Turn,0,-196,196,CHECK,0,"['5s', '5d']","['9s', 'Ah']","['8s', '9d', '5h', '3s']",,6d,100,100
122,Turn,1,-196,196,CHECK,0,"['5s', '5d']","['9s', 'Ah']","['8s', '9d', '5h', '3s']",,6d,100,100
122,River,0,-196,196,CHECK,0,"['5s', '5d']","['9s', 'Ah']","['8s', '9d', '5h', '3s', '4d']",,6d,100,100
122,River,1,-196,196,CHECK,0,"['5s', '5d']","['9s', 'Ah']","['8s', '9d', '5h', '3s', '4d']",,6d,100,100
123,Pre-Flop,1,-96,96,RAISE,2,"['7s', '6s']","['2h', 'Ad']","['5h', '2d']",,,1,1
123,Pre-Flop,0,-96,96,RAISE,96,"['7s', '6s']","['2h', 'Ad']","['5h', '2d']",,,2,2
123,Pre-Flop,1,-96,96,CALL,0,"['7s', '6s']","['2h', 'Ad']","['5h', '2d']",,,4,4
123,Pre-Flop,0,-96,96,CHECK,0,"['7s', '6s']","['2h', 'Ad']","['5h', '2d']",,,100,100
123,Flop,1,-96,96,DISCARD,0,"['7s', '6s']","['2h', 'Ad']","['5h', '2d', 'As']",,,100,100
123,Flop,1,-96,96,CHECK,0,"['7s', '6s']","['2h', '8s']","['5h', '2d', 'As']",,Ad,100,100
123,Flop,0,-96,96,CHECK,0,"['7s', '6s']","['2h', '8s']","['5h', '2d', 'As']",,Ad,100,100
123,Turn,1,-96,96,CHECK,0,"['7s', '6s']","['2h', '8s']","['5h', '2d', 'As', '4h']",,Ad,100,100
123,Turn,0,-96,96,CHECK,0,"['7s', '6s']","['2h', '8s']","['5h', '2d', 'As', '4h']",,Ad,100,100
123,River,1,-96,96,CHECK,0,"['7s', '6s']","['2h', '8s']","['5h', '2d', 'As', '4h', '2s']",,Ad,100,100
123,River,0,-96,96,CHECK,0,"['7s', '6s']","['2h', '8s']","['5h', '2d', 'As', '4h', '2s']",,Ad,100,100
124,Pre-Flop,0,-196,196,RAISE,98,"['Ad', '3s']","['9h', '5d']","['8s', '3d']",,,1,1
124,Pre-Flop,1,-196,196,CALL,0,"['Ad', '3s']","['9h', '5d']","['8s', '3d']",,,2,2
124,Flop,0,-196,196,CHECK,0,"['Ad', '3s']","['9h', '5d']","['8s', '3d', '7s']",,,100,100
124,Flop,1,-196,196,DISCARD,0,"['Ad', '3s']","['9h', '5d']","['8s', '3d', '7s']",,,100,100
124,Flop,1,-196,196,CHECK,0,"['Ad', '3s']","['9h', '7h']","['8s', '3d', '7s']",,5d,100,100
124,Turn,0,-196,196,CHECK,0,"['Ad', '3s']","['9h', '7h']","['8s', '3d', '7s', '2s']",,5d,100,100
124,Turn,1,-196,196,CHECK,0,"['Ad', '3s']","['9h', '7h']","['8s', '3d', '7s', '2s']",,5d,100,100
124,River,0,-196,196,CHECK,0,"['Ad', '3s']","['9h', '7h']","['8s', '3d', '7s', '2s', 'Ah']",,5d,100,100
124,River,1,-196,196,CHECK,0,"['Ad', '3s']","['9h', '7h']","['8s', '3d', '7s', '2s', 'Ah']",,5d,100,100
125,Pre-Flop,1,-96,96,CALL,0,"['9h', '5d']","['6d', '2d']","['8d', '2h']",,,1,1
125,Pre-Flop,0,-96,96,RAISE,98,"['9h', '5d']","['6d', '2d']","['8d', '2h']",,,2,2
125,Pre-Flop,1,-96,96,CALL,0,"['9h', '5d']","['6d', '2d']","['8d', '2h']",,,2,2
125,Pre-Flop,0,-96,96,CHECK,0,"['9h', '5d']","['6d', '2d']","['8d', '2h']",,,100,100
125,Flop,1,-96,96,DISCARD,0,"['9h', '5d']","['6d', '2d']","['8d', '2h', '3h']",,,100,100
125,Flop,1,-96,96,CHECK,0,"['9h', '5d']","['6d', '8s']","['8d', '2h', '3h']",,2d,100,100
125,Flop,0,-96,96,CHECK,0,"['9h', '5d']","['6d', '8s']","['8d', '2h', '3h']",,2d,100,100
125,Turn,1,-96,96,CHECK,0,"['9h', '5d']","['6d', '8s']","['8d', '2h', '3h', '7h']",,2d,100,100
125,Turn,0,-96,96,CHECK,0,"['9h', '5d']","['6d', '8s']","['8d', '2h', '3h', '7h']",,2d,100,100
125,River,1,-96,96,CHECK,0,"['9h', '5d']","['6d', '8s']","['8d', '2h', '3h', '7h', '2s']",,2d,100,100
125,River,0,-96,96,CHECK,0,"['9h', '5d']","['6d', '8s']","['8d', '2h', '3h', '7h', '2s']",,2d,100,100
126,Pre-Flop,0,-196,196,RAISE,98,"['7h', '3h']","['9d', '7d']","['5d', '2h']",,,1,1
126,Pre-Flop,1,-196,196,CALL,0,"['7h', '3h']","['9d', '7d']","['5d', '2h']",,,2,2
126,Flop,0,-196,196,CHECK,0,"['7h', '3h']","['9d', '7d']","['5d', '2h', '8s']",,,100,100
126,Flop,1,-196,196,DISCARD,0,"['7h', '3h']","['9d', '7d']","['5d', '2h', '8s']",,,100,100
126,Flop,1,-196,196,CHECK,0,"['7h', '3h']","['9d', '6d']","['5d', '2h', '8s']",,7d,100,100
126,Turn,0,-196,196,CHECK,0,"['7h', '3h']","['9d', '6d']","['5d', '2h', '8s', '5s']",,7d,100,100
126,Turn,1,-196,196,CHECK,0,"['7h', '3h']","['9d', '6d']","['5d', '2h', '8s', '5s']",,7d,100,100
126,River,0,-196,196,CHECK,0,"['7h', '3h']","['9d', '6d']","['5d', '2h', '8s', '5s', '9h']",,7d,100,100
126,River,1,-196,196,CHECK,0,"['7h', '3h']","['9d', '6d']","['5d', '2h', '8s', '5s', '9h']",,7d,100,100
127,Pre-Flop,1,-296,296,RAISE,3,"['3d', '2d']","['9s', '6s']","['4h', '8h']",,,1,1
127,Pre-Flop,0,-296,296,RAISE,95,"['3d', '2d']","['9s', '6s']","['4h', '8h']",,,2,2
127,Pre-Flop,1,-296,296,CALL,0,"['3d', '2d']","['9s', '6s']","['4h', '8h']",,,5,5
127,Pre-Flop,0,-296,296,CHECK,0,"['3d', '2d']","['9s', '6s']","['4h', '8h']",,,100,100
127,Flop,1,-296,296,DISCARD,0,"['3d', '2d']","['9s', '6s']","['4h', '8h', '7s']",,,100,100
127,Flop,1,-296,296,CHECK,0,"['3d', '2d']","['6h', '6s']","['4h', '8h', '7s']",,9s,100,100
127,Flop,0,-296,296,CHECK,0,"['3d', '2d']","['6h', '6s']","['4h', '8h', '7s']",,9s,100,100
127,Turn,1,-296,296,CHECK,0,"['3d', '2d']","['6h', '6s']","['4h', '8h', '7s', '3s']",,9s,100,100
127,Turn,0,-296,296,CHECK,0,"['3d', '2d']","['6h', '6s']","['4h', '8h', '7s', '3s']",,9s,100,100
127,River,1,-296,296,CHECK,0,"['3d', '2d']","['6h', '6s']","['4h', '8h', '7s', '3s', '6d']",,9s,100,100
127,River,0,-296,296,CHECK,0,"['3d', '2d']","['6h', '6s']","['4h', '8h', '7s', '3s', '6d']",,9s,100,100
128,Pre-Flop,0,-396,396,RAISE,98,"['4h', 'Ah']","['9h', '2h']","['4s', '6h']",,,1,1
128,Pre-Flop,1,-396,396,CALL,0,"['4h', 'Ah']","['9h', '2h']","['4s', '6h']",,,2,2
128,Flop,0,-396,396,CHECK,0,"['4h', 'Ah']","['9h', '2h']","['4s', '6h', '2d']",,,100,100
128,Flop,1,-396,396,DISCARD,0,"['4h', 'Ah']","['9h', '2h']","['4s', '6h', '2d']",,,100,100
128,Flop,1,-396,396,CHECK,0,"['4h', 'Ah']","['9h', '5h']","['4s', '6h', '2d']",,2h,100,100
128,Turn,0,-396,396,CHECK,0,"['4h', 'Ah']","['9h', '5h']","['4s', '6h', '2d', '6d']",,2h,100,100
128,Turn,1,-396,396,CHECK,0,"['4h', 'Ah']","['9h', '5h']","['4s', '6h', '2d', '6d']",,2h,100,100
128,River,0,-396,396,CHECK,0,"['4h', 'Ah']","['9h', '5h']","['4s', '6h', '2d', '6d', '5d']",,2h,100,100
128,River,1,-396,396,CHECK,0,"['4h', 'Ah']","['9h', '5h']","['4s', '6h', '2d', '6d', '5d']",,2h,100,100
129,Pre-Flop,1,-496,496,RAISE,2,"['3s', '6h']","['2d', '2h']","['7h', 'Ad']",,,1,1
129,Pre-Flop,0,-496,496,RAISE,96,"['3s', '6h']","['2d', '2h']","['7h', 'Ad']",,,2,2
129,Pre-Flop,1,-496,496,CALL,0,"['3s', '6h']","['2d', '2h']","['7h', 'Ad']",,,4,4
129,Pre-Flop,0,-496,496,CHECK,0,"['3s', '6h']","['2d', '2h']","['7h', 'Ad']",,,100,100
129,Flop,1,-496,496,DISCARD,0,"['3s', '6h']","['2d', '2h']","['7h', 'Ad', '5h']",,,100,100
129,Flop,1,-496,496,CHECK,0,"['3s', '6h']","['2d', 'Ah']","['7h', 'Ad', '5h']",,2h,100,100
129,Flop,0,-496,496,CHECK,0,"['3s', '6h']","['2d', 'Ah']","['7h', 'Ad', '5h']",,2h,100,100
129,Turn,1,-496,496,CHECK,0,"['3s', '6h']","['2d', 'Ah']","['7h', 'Ad', '5h', '9s']",,2h,100,100
129,Turn,0,-496,496,CHECK,0,"['3s', '6h']","['2d', 'Ah']","['7h', 'Ad', '5h', '9s']",,2h,100,100
129,River,1,-496,496,CHECK,0,"['3s', '6h']","['2d', 'Ah']","['7h', 'Ad', '5h', '9s', '8s']",,2h,100,100
129,River,0,-496,496,CHECK,0,"['3s', '6h']","['2d', 'Ah']","['7h', 'Ad', '5h', '9s', '8s']",,2h,100,100
130,Pre-Flop,0,-396,396,RAISE,98,"['7d', '7h']","['2h', '2d']","['8h', '5h']",,,1,1
130,Pre-Flop,1,-396,396,CALL,0,"['7d', '7h']","['2h', '2d']","['8h', '5h']",,,2,2
130,Flop,0,-396,396,CHECK,0,"['7d', '7h']","['2h', '2d']","['8h', '5h', '8d']",,,100,100
130,Flop,1,-396,396,CHECK,0,"['7d', '7h']","['2h', '2d']","['8h', '5h', '8d']",,,100,100
130,Turn,0,-396,396,CHECK,0,"['7d', '7h']","['2h', '2d']","['8h', '5h', '8d', '3d']",,,100,100
130,Turn,1,-396,396,CHECK,0,"['7d', '7h']","['2h', '2d']","['8h', '5h', '8d', '3d']",,,100,100
130,River,0,-396,396,CHECK,0,"['7d', '7h']","['2h', '2d']","['8h', '5h', '8d', '3d', '4h']",,,100,100
130,River,1,-396,396,CHECK,0,"['7d', '7h']","['2h', '2d']","['8h', '5h', '8d', '3d', '4h']",,,100,100
131,Pre-Flop,1,-296,296,RAISE,2,"['5s', '7d']","['2h', '5d']","['4s', '9s']",,,1,1
131,Pre-Flop,0,-296,296,RAISE,96,"['5s', '7d']","['2h', '5d']","['4s', '9s']",,,2,2
131,Pre-Flop,1,-296,296,CALL,0,"['5s', '7d']","['2h', '5d']","['4s', '9s']",,,4,4
131,Pre-Flop,0,-296,296,CHECK,0,"['5s', '7d']","['2h', '5d']","['4s', '9s']",,,100,100
131,Flop,1,-296,296,DISCARD,0,"['5s', '7d']","['2h', '5d']","['4s', '9s', '6h']",,,100,100
131,Flop,1,-296,296,CHECK,0,"['5s', '7d']","['2h', '9d']","['4s', '9s', '6h']",,5d,100,100
131,Flop,0,-296,296,CHECK,0,"['5s', '7d']","['2h', '9d']","['4s', '9s', '6h']",,5d,100,100
131,Turn,1,-296,296,CHECK,0,"['5s', '7d']","['2h', '9d']","['4s', '9s', '6h', '7h']",,5d,100,100
131,Turn,0,-296,296,CHECK,0,"['5s', '7d']","['2h', '9d']","['4s', '9s', '6h', '7h']",,5d,100,100
131,River,1,-296,296,CHECK,0,"['5s', '7d']","['2h', '9d']","['4s', '9s', '6h', '7h', '9h']",,5d,100,100
131,River,0,-296,296,CHECK,0,"['5s', '7d']","['2h', '9d']","['4s', '9s', '6h', '7h', '9h']",,5d,100,100
132,Pre-Flop,0,-396,396,RAISE,98,"['2s', 'Ah']","['8d', '2d']","['7d', '8h']",,,1,1
132,Pre-Flop,1,-396,396,CALL,0,"['2s', 'Ah']","['8d', '2d']","['7d', '8h']",,,2,2
132,Flop,0,-396,396,CHECK,0,"['2s', 'Ah']","['8d', '2d']","['7d', '8h', '4d']",,,100,100
132,Flop,1,-396,396,DISCARD,0,"['2s', 'Ah']","['8d', '2d']","['7d', '8h', '4d']",,,100,100
132,Flop,1,-396,396,CHECK,0,"['2s', 'Ah']","['6d', '2d']","['7d', '8h', '4d']",,8d,100,100
132,Turn,0,-396,396,CHECK,0,"['2s', 'Ah']","['6d', '2d']","['7d', '8h', '4d', '9h']",,8d,100,100
132,Turn,1,-396,396,CHECK,0,"['2s', 'Ah']","['6d', '2d']","['7d', '8h', '4d', '9h']",,8d,100,100
132,River,0,-396,396,CHECK,0,"['2s', 'Ah']","['6d', '2d']","['7d', '8h', '4d', '9h', '9d']",,8d,100,100
132,River,1,-396,396,CHECK,0,"['2s', 'Ah']","['6d', '2d']","['7d', '8h', '4d', '9h', '9d']",,8d,100,100
133,Pre-Flop,1,-496,496,RAISE,2,"['5s', '3d']","['5h', '4h']","['8d', '9d']",,,1,1
133,Pre-Flop,0,-496,496,RAISE,96,"['5s', '3d']","['5h', '4h']","['8d', '9d']",,,2,2
133,Pre-Flop,1,-496,496,CALL,0,"['5s', '3d']","['5h', '4h']","['8d', '9d']",,,4,4
133,Pre-Flop,0,-496,496,CHECK,0,"['5s', '3d']","['5h', '4h']","['8d', '9d']",,,100,100
133,Flop,1,-496,496,DISCARD,0,"['5s', '3d']","['5h', '4h']","['8d', '9d', '9h']",,,100,100
133,Flop,1,-496,496,CHECK,0,"['5s', '3d']","['5h', '6d']","['8d', '9d', '9h']",,4h,100,100
133,Flop,0,-496,496,CHECK,0,"['5s', '3d']","['5h', '6d']","['8d', '9d', '9h']",,4h,100,100
133,Turn,1,-496,496,CHECK,0,"['5s', '3d']","['5h', '6d']","['8d', '9d', '9h', '6s']",,4h,100,100
133,Turn,0,-496,496,CHECK,0,"['5s', '3d']","['5h', '6d']","['8d', '9d', '9h', '6s']",,4h,100,100
133,River,1,-496,496,CHECK,0,"['5s', '3d']","['5h', '6d']","['8d', '9d', '9h', '6s', 'Ah']",,4h,100,100
133,River,0,-496,496,CHECK,0,"['5s', '3d']","['5h', '6d']","['8d', '9d', '9h', '6s', 'Ah']",,4h,100,100
134,Pre-Flop,0,-596,596,RAISE,98,"['5h', '8h']","['2d', '6h']","['7s', '6d']",,,1,1
134,Pre-Flop,1,-596,596,CALL,0,"['5h', '8h']","['2d', '6h']","['7s', '6d']",,,2,2
134,Flop,0,-596,596,CHECK,0,"['5h', '8h']","['2d', '6h']","['7s', '6d', '4s']",,,100,100
134,Flop,1,-596,596,DISCARD,0,"['5h', '8h']","['2d', '6h']","['7s', '6d', '4s']",,,100,100
134,Flop,1,-596,596,CHECK,0,"['5h', '8h']","['2d', '9s']","['7s', '6d', '4s']",,6h,100,100
134,Turn,0,-596,596,CHECK,0,"['5h', '8h']","['2d', '9s']","['7s', '6d', '4s', '7h']",,6h,100,100
134,Turn,1,-596,596,CHECK,0,"['5h', '8h']","['2d', '9s']","['7s', '6d', '4s', '7h']",,6h,100,100
134,River,0,-596,596,CHECK,0,"['5h', '8h']","['2d', '9s']","['7s', '6d', '4s', '7h', '4d']",,6h,100,100
134,River,1,-596,596,CHECK,0,"['5h', '8h']","['2d', '9s']","['7s', '6d', '4s', '7h', '4d']",,6h,100,100
135,Pre-Flop,1,-496,496,RAISE,2,"['5d', '5h']","['7h', '2s']","['8s', '4d']",,,1,1
135,Pre-Flop,0,-496,496,RAISE,96,"['5d', '5h']","['7h', '2s']","['8s', '4d']",,,2,2
135,Pre-Flop,1,-496,496,CALL,0,"['5d', '5h']","['7h', '2s']","['8s', '4d']",,,4,4
135,Pre-Flop,0,-496,496,CHECK,0,"['5d', '5h']","['7h', '2s']","['8s', '4d']",,,100,100
135,Flop,1,-496,496,DISCARD,0,"['5d', '5h']","['7h', '2s']","['8s', '4d', '5s']",,,100,100
135,Flop,1,-496,496,CHECK,0,"['5d', '5h']","['4h', '2s']","['8s', '4d', '5s']",,7h,100,100
135,Flop,0,-496,496,CHECK,0,"['5d', '5h']","['4h', '2s']","['8s', '4d', '5s']",,7h,100,100
135,Turn,1,-496,496,CHECK,0,"['5d', '5h']","['4h', '2s']","['8s', '4d', '5s', '2d']",,7h,100,100
135,Turn,0,-496,496,CHECK,0,"['5d', '5h']","['4h', '2s']","['8s', '4d', '5s', '2d']",,7h,100,100
135,River,1,-496,496,CHECK,0,"['5d', '5h']","['4h', '2s']","['8s', '4d', '5s', '2d', '9h']",,7h,100,100
135,River,0,-496,496,CHECK,0,"['5d', '5h']","['4h', '2s']","['8s', '4d', '5s', '2d', '9h']",,7h,100,100
136,Pre-Flop,0,-396,396,RAISE,98,"['4d', '6h']","['As', '4h']","['5s', '2s']",,,1,1
136,Pre-Flop,1,-396,396,CALL,0,"['4d', '6h']","['As', '4h']","['5s', '2s']",,,2,2
136,Flop,0,-396,396,CHECK,0,"['4d', '6h']","['As', '4h']","['5s', '2s', '2d']",,,100,100
136,Flop,1,-396,396,DISCARD,0,"['4d', '6h']","['As', '4h']","['5s', '2s', '2d']",,,100,100
136,Flop,1,-396,396,CHECK,0,"['4d', '6h']","['As', 'Ad']","['5s', '2s', '2d']",,4h,100,100
136,Turn,0,-396,396,CHECK,0,"['4d', '6h']","['As', 'Ad']","['5s', '2s', '2d', '5d']",,4h,100,100
136,Turn,1,-396,396,CHECK,0,"['4d', '6h']","['As', 'Ad']","['5s', '2s', '2d', '5d']",,4h,100,100
136,River,0,-396,396,CHECK,0,"['4d', '6h']","['As', 'Ad']","['5s', '2s', '2d', '5d', '6s']",,4h,100,100
136,River,1,-396,396,CHECK,0,"['4d', '6h']","['As', 'Ad']","['5s', '2s', '2d', '5d', '6s']",,4h,100,100
137,Pre-Flop,1,-496,496,CALL,0,"['8h', '3d']","['7d', '3h']","['2h', '9h']",,,1,1
137,Pre-Flop,0,-496,496,RAISE,98,"['8h', '3d']","['7d', '3h']","['2h', '9h']",,,2,2
137,Pre-Flop,1,-496,496,CALL,0,"['8h', '3d']","['7d', '3h']","['2h', '9h']",,,2,2
137,Pre-Flop,0,-496,496,CHECK,0,"['8h', '3d']","['7d', '3h']","['2h', '9h']",,,100,100
137,Flop,1,-496,496,DISCARD,0,"['8h', '3d']","['7d', '3h']","['2h', '9h', '4d']",,,100,100
137,Flop,1,-496,496,CHECK,0,"['8h', '3d']","['3s', '3h']","['2h', '9h', '4d']",,7d,100,100
137,Flop,0,-496,496,CHECK,0,"['8h', '3d']","['3s', '3h']","['2h', '9h', '4d']",,7d,100,100
137,Turn,1,-496,496,CHECK,0,"['8h', '3d']","['3s', '3h']","['2h', '9h', '4d', '9d']",,7d,100,100
137,Turn,0,-496,496,CHECK,0,"['8h', '3d']","['3s', '3h']","['2h', '9h', '4d', '9d']",,7d,100,100
137,River,1,-496,496,CHECK,0,"['8h', '3d']","['3s', '3h']","['2h', '9h', '4d', '9d', 'Ad']",,7d,100,100
137,River,0,-496,496,CHECK,0,"['8h', '3d']","['3s', '3h']","['2h', '9h', '4d', '9d', 'Ad']",,7d,100,100
138,Pre-Flop,0,-596,596,RAISE,98,"['6h', 'Ad']","['4h', 'Ah']","['4s', '7s']",,,1,1
138,Pre-Flop,1,-596,596,CALL,0,"['6h', 'Ad']","['4h', 'Ah']","['4s', '7s']",,,2,2
138,Flop,0,-596,596,CHECK,0,"['6h', 'Ad']","['4h', 'Ah']","['4s', '7s', '3d']",,,100,100
138,Flop,1,-596,596,DISCARD,0,"['6h', 'Ad']","['4h', 'Ah']","['4s', '7s', '3d']",,,100,100
138,Flop,1,-596,596,CHECK,0,"['6h', 'Ad']","['9s', 'Ah']","['4s', '7s', '3d']",,4h,100,100
138,Turn,0,-596,596,CHECK,0,"['6h', 'Ad']","['9s', 'Ah']","['4s', '7s', '3d', '3s']",,4h,100,100
138,Turn,1,-596,596,CHECK,0,"['6h', 'Ad']","['9s', 'Ah']","['4s', '7s', '3d', '3s']",,4h,100,100
138,River,0,-596,596,CHECK,0,"['6h', 'Ad']","['9s', 'Ah']","['4s', '7s', '3d', '3s', '5d']",,4h,100,100
138,River,1,-596,596,CHECK,0,"['6h', 'Ad']","['9s', 'Ah']","['4s', '7s', '3d', '3s', '5d']",,4h,100,100
139,Pre-Flop,1,-496,496,RAISE,2,"['8d', '9s']","['3h', '6h']","['6s', '4d']",,,1,1
139,Pre-Flop,0,-496,496,RAISE,96,"['8d', '9s']","['3h', '6h']","['6s', '4d']",,,2,2
139,Pre-Flop,1,-496,496,CALL,0,"['8d', '9s']","['3h', '6h']","['6s', '4d']",,,4,4
139,Pre-Flop,0,-496,496,CHECK,0,"['8d', '9s']","['3h', '6h']","['6s', '4d']",,,100,100
139,Flop,1,-496,496,DISCARD,0,"['8d', '9s']","['3h', '6h']","['6s', '4d', '7d']",,,100,100
139,Flop,1,-496,496,CHECK,0,"['8d', '9s']","['3h', '2h']","['6s', '4d', '7d']",,6h,100,100
139,Flop,0,-496,496,CHECK,0,"['8d', '9s']","['3h', '2h']","['6s', '4d', '7d']",,6h,100,100
139,Turn,1,-496,496,CHECK,0,"['8d', '9s']","['3h', '2h']","['6s', '4d', '7d', '8s']",,6h,100,100
139,Turn,0,-496,496,CHECK,0,"['8d', '9s']","['3h', '2h']","['6s', '4d', '7d', '8s']",,6h,100,100
139,River,1,-496,496,CHECK,0,"['8d', '9s']","['3h', '2h']","['6s', '4d', '7d', '8s', 'Ad']",,6h,100,100
139,River,0,-496,496,CHECK,0,"['8d', '9s']","['3h', '2h']","['6s', '4d', '7d', '8s', 'Ad']",,6h,100,100
140,Pre-Flop,0,-396,396,RAISE,98,"['5h', '2d']","['2s', '3s']","['9h', '6h']",,,1,1
140,Pre-Flop,1,-396,396,CALL,0,"['5h', '2d']","['2s', '3s']","['9h', '6h']",,,2,2
140,Flop,0,-396,396,CHECK,0,"['5h', '2d']","['2s', '3s']","['9h', '6h', '7d']",,,100,100
140,Flop,1,-396,396,CHECK,0,"['5h', '2d']","['2s', '3s']","['9h', '6h', '7d']",,,100,100
140,Turn,0,-396,396,CHECK,0,"['5h', '2d']","['2s', '3s']","['9h', '6h', '7d', '6s']",,,100,100
140,Turn,1,-396,396,CHECK,0,"['5h', '2d']","['2s', '3s']","['9h', '6h', '7d', '6s']",,,100,100
140,River,0,-396,396,CHECK,0,"['5h', '2d']","['2s', '3s']","['9h', '6h', '7d', '6s', '4h']",,,100,100
140,River,1,-396,396,CHECK,0,"['5h', '2d']","['2s', '3s']","['9h', '6h', '7d', '6s', '4h']",,,100,100
141,Pre-Flop,1,-296,296,DISCARD,0,"['4h', '9d']","['2h', '3h']","['8h', '4d']",,,1,1
141,Pre-Flop,1,-296,296,RAISE,2,"['4h', '9d']","['2h', '7h']","['8h', '4d']",,3h,1,1
141,Pre-Flop,0,-296,296,RAISE,96,"['4h', '9d']","['2h', '7h']","['8h', '4d']",,3h,2,2
141,Pre-Flop,1,-296,296,CALL,0,"['4h', '9d']","['2h', '7h']","['8h', '4d']",,3h,4,4
141,Pre-Flop,0,-296,296,CHECK,0,"['4h', '9d']","['2h', '7h']","['8h', '4d']",,3h,100,100
141,Flop,1,-296,296,CHECK,0,"['4h', '9d']","['2h', '7h']","['8h', '4d', '5d']",,3h,100,100
141,Flop,0,-296,296,CHECK,0,"['4h', '9d']","['2h', '7h']","['8h', '4d', '5d']",,3h,100,100
141,Turn,1,-296,296,CHECK,0,"['4h', '9d']","['2h', '7h']","['8h', '4d', '5d', '6s']",,3h,100,100
141,Turn,0,-296,296,CHECK,0,"['4h', '9d']","['2h', '7h']","['8h', '4d', '5d', '6s']",,3h,100,100
141,River,1,-296,296,CHECK,0,"['4h', '9d']","['2h', '7h']","['8h', '4d', '5d', '6s', '8s']",,3h,100,100
141,River,0,-296,296,CHECK,0,"['4h', '9d']","['2h', '7h']","['8h', '4d', '5d', '6s', '8s']",,3h,100,100
142,Pre-Flop,0,-396,396,RAISE,98,"['6d', '5s']","['8h', '8d']","['Ah', '7s']",,,1,1
142,Pre-Flop,1,-396,396,CALL,0,"['6d', '5s']","['8h', '8d']","['Ah', '7s']",,,2,2
142,Flop,0,-396,396,CHECK,0,"['6d', '5s']","['8h', '8d']","['Ah', '7s', '6h']",,,100,100
142,Flop,1,-396,396,DISCARD,0,"['6d', '5s']","['8h', '8d']","['Ah', '7s', '6h']",,,100,100
142,Flop,1,-396,396,CHECK,0,"['6d', '5s']","['8h', '7h']","['Ah', '7s', '6h']",,8d,100,100
142,Turn,0,-396,396,CHECK,0,"['6d', '5s']","['8h', '7h']","['Ah', '7s', '6h', '9s']",,8d,100,100
142,Turn,1,-396,396,CHECK,0,"['6d', '5s']","['8h', '7h']","['Ah', '7s', '6h', '9s']",,8d,100,100
142,River,0,-396,396,CHECK,0,"['6d', '5s']","['8h', '7h']","['Ah', '7s', '6h', '9s', '2s']",,8d,100,100
142,River,1,-396,396,CHECK,0,"['6d', '5s']","['8h', '7h']","['Ah', '7s', '6h', '9s', '2s']",,8d,100,100
143,Pre-Flop,1,-496,496,DISCARD,0,"['9s', '8h']","['Ah', '3h']","['As', '4h']",,,1,1
143,Pre-Flop,1,-496,496,RAISE,2,"['9s', '8h']","['Ah', '7d']","['As', '4h']",,3h,1,1
143,Pre-Flop,0,-496,496,RAISE,96,"['9s', '8h']","['Ah', '7d']","['As', '4h']",,3h,2,2
143,Pre-Flop,1,-496,496,CALL,0,"['9s', '8h']","['Ah', '7d']","['As', '4h']",,3h,4,4
143,Pre-Flop,0,-496,496,CHECK,0,"['9s', '8h']","['Ah', '7d']","['As', '4h']",,3h,100,100
143,Flop,1,-496,496,CHECK,0,"['9s', '8h']","['Ah', '7d']","['As', '4h', '5d']",,3h,100,100
143,Flop,0,-496,496,CHECK,0,"['9s', '8h']","['Ah', '7d']","['As', '4h', '5d']",,3h,100,100
143,Turn,1,-496,496,CHECK,0,"['9s', '8h']","['Ah', '7d']","['As', '4h', '5d', '7s']",,3h,100,100
143,Turn,0,-496,496,CHECK,0,"['9s', '8h']","['Ah', '7d']","['As', '4h', '5d', '7s']",,3h,100,100
143,River,1,-496,496,CHECK,0,"['9s', '8h']","['Ah', '7d']","['As', '4h', '5d', '7s', 'Ad']",,3h,100,100
143,River,0,-496,496,CHECK,0,"['9s', '8h']","['Ah', '7d']","['As', '4h', '5d', '7s', 'Ad']",,3h,100,100
144,Pre-Flop,0,-596,596,RAISE,98,"['9s', '5s']","['6d', 'Ad']","['2h', '6h']",,,1,1
144,Pre-Flop,1,-596,596,CALL,0,"['9s', '5s']","['6d', 'Ad']","['2h', '6h']",,,2,2
144,Flop,0,-596,596,CHECK,0,"['9s', '5s']","['6d', 'Ad']","['2h', '6h', '4s']",,,100,100
144,Flop,1,-596,596,DISCARD,0,"['9s', '5s']","['6d', 'Ad']","['2h', '6h', '4s']",,,100,100
144,Flop,1,-596,596,CHECK,0,"['9s', '5s']","['Ah', 'Ad']","['2h', '6h', '4s']",,6d,100,100
144,Turn,0,-596,596,CHECK,0,"['9s', '5s']","['Ah', 'Ad']","['2h', '6h', '4s', 'As']",,6d,100,100
144,Turn,1,-596,596,CHECK,0,"['9s', '5s']","['Ah', 'Ad']","['2h', '6h', '4s', 'As']",,6d,100,100
144,River,0,-596,596,CHECK,0,"['9s', '5s']","['Ah', 'Ad']","['2h', '6h', '4s', 'As', '3d']",,6d,100,100
144,River,1,-596,596,CHECK,0,"['9s', '5s']","['Ah', 'Ad']","['2h', '6h', '4s', 'As', '3d']",,6d,100,100
145,Pre-Flop,1,-496,496,RAISE,3,"['6h', 'Ad']","['9s', '8s']","['9h', '8d']",,,1,1
145,Pre-Flop,0,-496,496,RAISE,95,"['6h', 'Ad']","['9s', '8s']","['9h', '8d']",,,2,2
145,Pre-Flop,1,-496,496,CALL,0,"['6h', 'Ad']","['9s', '8s']","['9h', '8d']",,,5,5
145,Pre-Flop,0,-496,496,CHECK,0,"['6h', 'Ad']","['9s', '8s']","['9h', '8d']",,,100,100
145,Flop,1,-496,496,CHECK,0,"['6h', 'Ad']","['9s', '8s']","['9h', '8d', '4h']",,,100,100
145,Flop,0,-496,496,CHECK,0,"['6h', 'Ad']","['9s', '8s']","['9h', '8d', '4h']",,,100,100
145,Turn,1,-496,496,CHECK,0,"['6h', 'Ad']","['9s', '8s']","['9h', '8d', '4h', '3h']",,,100,100
145,Turn,0,-496,496,CHECK,0,"['6h', 'Ad']","['9s', '8s']","['9h', '8d', '4h', '3h']",,,100,100
145,River,1,-496,496,CHECK,0,"['6h', 'Ad']","['9s', '8s']","['9h', '8d', '4h', '3h', '7s']",,,100,100
145,River,0,-496,496,CHECK,0,"['6h', 'Ad']","['9s', '8s']","['9h', '8d', '4h', '3h', '7s']",,,100,100
146,Pre-Flop,0,-396,396,RAISE,98,"['8h', '4d']","['5h', '6d']","['4h', '8s']",,,1,1
146,Pre-Flop,1,-396,396,DISCARD,0,"['8h', '4d']","['5h', '6d']","['4h', '8s']",,,2,2
146,Pre-Flop,1,-396,396,CALL,0,"['8h', '4d']","['5h', '2s']","['4h', '8s']",,6d,2,2
146,Flop,0,-396,396,CHECK,0,"['8h', '4d']","['5h', '2s']","['4h', '8s', '9d']",,6d,100,100
146,Flop,1,-396,396,CHECK,0,"['8h', '4d']","['5h', '2s']","['4h', '8s', '9d']",,6d,100,100
146,Turn,0,-396,396,CHECK,0,"['8h', '4d']","['5h', '2s']","['4h', '8s', '9d', '3d']",,6d,100,100
146,Turn,1,-396,396,CHECK,0,"['8h', '4d']","['5h', '2s']","['4h', '8s', '9d', '3d']",,6d,100,100
146,River,0,-396,396,CHECK,0,"['8h', '4d']","['5h', '2s']","['4h', '8s', '9d', '3d', '3s']",,6d,100,100
146,River,1,-396,396,CHECK,0,"['8h', '4d']","['5h', '2s']","['4h', '8s', '9d', '3d', '3s']",,6d,100,100
147,Pre-Flop,1,-296,296,RAISE,2,"['5d', 'As']","['Ad', '9h']","['Ah', '3d']",,,1,1
147,Pre-Flop,0,-296,296,RAISE,96,"['5d', 'As']","['Ad', '9h']","['Ah', '3d']",,,2,2
147,Pre-Flop,1,-296,296,CALL,0,"['5d', 'As']","['Ad', '9h']","['Ah', '3d']",,,4,4
147,Pre-Flop,0,-296,296,CHECK,0,"['5d', 'As']","['Ad', '9h']","['Ah', '3d']",,,100,100
147,Flop,1,-296,296,DISCARD,0,"['5d', 'As']","['Ad', '9h']","['Ah', '3d', '5s']",,,100,100
147,Flop,1,-296,296,CHECK,0,"['5d', 'As']","['2d', '9h']","['Ah', '3d', '5s']",,Ad,100,100
147,Flop,0,-296,296,CHECK,0,"['5d', 'As']","['2d', '9h']","['Ah', '3d', '5s']",,Ad,100,100
147,Turn,1,-296,296,CHECK,0,"['5d', 'As']","['2d', '9h']","['Ah', '3d', '5s', '7s']",,Ad,100,100
147,Turn,0,-296,296,CHECK,0,"['5d', 'As']","['2d', '9h']","['Ah', '3d', '5s', '7s']",,Ad,100,100
147,River,1,-296,296,CHECK,0,"['5d', 'As']","['2d', '9h']","['Ah', '3d', '5s', '7s', '4s']",,Ad,100,100
147,River,0,-296,296,CHECK,0,"['5d', 'As']","['2d', '9h']","['Ah', '3d', '5s', '7s', '4s']",,Ad,100,100
148,Pre-Flop,0,-396,396,RAISE,98,"['6h', '7h']","['3h', '8d']","['As', 'Ad']",,,1,1
148,Pre-Flop,1,-396,396,CALL,0,"['6h', '7h']","['3h', '8d']","['As', 'Ad']",,,2,2
148,Flop,0,-396,396,CHECK,0,"['6h', '7h']","['3h', '8d']","['As', 'Ad', '5h']",,,100,100
148,Flop,1,-396,396,DISCARD,0,"['6h', '7h']","['3h', '8d']","['As', 'Ad', '5h']",,,100,100
148,Flop,1,-396,396,CHECK,0,"['6h', '7h']","['Ah', '8d']","['As', 'Ad', '5h']",,3h,100,100
148,Turn,0,-396,396,CHECK,0,"['6h', '7h']","['Ah', '8d']","['As', 'Ad', '5h', '5d']",,3h,100,100
148,Turn,1,-396,396,CHECK,0,"['6h', '7h']","['Ah', '8d']","['As', 'Ad', '5h', '5d']",,3h,100,100
148,River,0,-396,396,CHECK,0,"['6h', '7h']","['Ah', '8d']","['As', 'Ad', '5h', '5d', '8s']",,3h,100,100
148,River,1,-396,396,CHECK,0,"['6h', '7h']","['Ah', '8d']","['As', 'Ad', '5h', '5d', '8s']",,3h,100,100
149,Pre-Flop,1,-496,496,RAISE,2,"['4s', '2h']","['8h', '2d']","['4h', '5h']",,,1,1
149,Pre-Flop,0,-496,496,RAISE,96,"['4s', '2h']","['8h', '2d']","['4h', '5h']",,,2,2
149,Pre-Flop,1,-496,496,CALL,0,"['4s', '2h']","['8h', '2d']","['4h', '5h']",,,4,4
149,Pre-Flop,0,-496,496,CHECK,0,"['4s', '2h']","['8h', '2d']","['4h', '5h']",,,100,100
149,Flop,1,-496,496,DISCARD,0,"['4s', '2h']","['8h', '2d']","['4h', '5h', '9d']",,,100,100
149,Flop,1,-496,496,CHECK,0,"['4s', '2h']","['8h', 'Ad']","['4h', '5h', '9d']",,2d,100,100
149,Flop,0,-496,496,CHECK,0,"['4s', '2h']","['8h', 'Ad']","['4h', '5h', '9d']",,2d,100,100
149,Turn,1,-496,496,CHECK,0,"['4s', '2h']","['8h', 'Ad']","['4h', '5h', '9d', '4d']",,2d,100,100
149,Turn,0,-496,496,CHECK,0,"['4s', '2h']","['8h', 'Ad']","['4h', '5h', '9d', '4d']",,2d,100,100
149,River,1,-496,496,CHECK,0,"['4s', '2h']","['8h', 'Ad']","['4h', '5h', '9d', '4d', '5d']",,2d,100,100
149,River,0,-496,496,CHECK,0,"['4s', '2h']","['8h', 'Ad']","['4h', '5h', '9d', '4d', '5d']",,2d,100,100
150,Pre-Flop,0,-396,396,RAISE,98,"['5s', '7s']","['4h', '7h']","['3d', '7d']",,,1,1
150,Pre-Flop,1,-396,396,CALL,0,"['5s', '7s']","['4h', '7h']","['3d', '7d']",,,2,2
150,Flop,0,-396,396,CHECK,0,"['5s', '7s']","['4h', '7h']","['3d', '7d', 'Ah']",,,100,100
150,Flop,1,-396,396,DISCARD,0,"['5s', '7s']","['4h', '7h']","['3d', '7d', 'Ah']",,,100,100
150,Flop,1,-396,396,CHECK,0,"['5s', '7s']","['4h', '5h']","['3d', '7d', 'Ah']",,7h,100,100
150,Turn,0,-396,396,CHECK,0,"['5s', '7s']","['4h', '5h']","['3d', '7d', 'Ah', '2s']",,7h,100,100
150,Turn,1,-396,396,CHECK,0,"['5s', '7s']","['4h', '5h']","['3d', '7d', 'Ah', '2s']",,7h,100,100
150,River,0,-396,396,CHECK,0,"['5s', '7s']","['4h', '5h']","['3d', '7d', 'Ah', '2s', '4d']",,7h,100,100
150,River,1,-396,396,CHECK,0,"['5s', '7s']","['4h', '5h']","['3d', '7d', 'Ah', '2s', '4d']",,7h,100,100
151,Pre-Flop,1,-396,396,RAISE,3,"['Ah', '6s']","['8s', '2d']","['6h', '6d']",,,1,1
151,Pre-Flop,0,-396,396,RAISE,95,"['Ah', '6s']","['8s', '2d']","['6h', '6d']",,,2,2
151,Pre-Flop,1,-396,396,CALL,0,"['Ah', '6s']","['8s', '2d']","['6h', '6d']",,,5,5
151,Pre-Flop,0,-396,396,CHECK,0,"['Ah', '6s']","['8s', '2d']","['6h', '6d']",,,100,100
151,Flop,1,-396,396,DISCARD,0,"['Ah', '6s']","['8s', '2d']","['6h', '6d', '4s']",,,100,100
151,Flop,1,-396,396,CHECK,0,"['Ah', '6s']","['8s', '8d']","['6h', '6d', '4s']",,2d,100,100
151,Flop,0,-396,396,CHECK,0,"['Ah', '6s']","['8s', '8d']","['6h', '6d', '4s']",,2d,100,100
151,Turn,1,-396,396,CHECK,0,"['Ah', '6s']","['8s', '8d']","['6h', '6d', '4s', '2h']",,2d,100,100
151,Turn,0,-396,396,CHECK,0,"['Ah', '6s']","['8s', '8d']","['6h', '6d', '4s', '2h']",,2d,100,100
151,River,1,-396,396,CHECK,0,"['Ah', '6s']","['8s', '8d']","['6h', '6d', '4s', '2h', '2s']",,2d,100,100
151,River,0,-396,396,CHECK,0,"['Ah', '6s']","['8s', '8d']","['6h', '6d', '4s', '2h', '2s']",,2d,100,100
152,Pre-Flop,0,-296,296,RAISE,98,"['8d', '3d']","['8h', '9d']","['Ah', '6d']",,,1,1
152,Pre-Flop,1,-296,296,DISCARD,0,"['8d', '3d']","['8h', '9d']","['Ah', '6d']",,,2,2
152,Pre-Flop,1,-296,296,CALL,0,"['8d', '3d']","['8h', '4s']","['Ah', '6d']",,9d,2,2
152,Flop,0,-296,296,CHECK,0,"['8d', '3d']","['8h', '4s']","['Ah', '6d', '5d']",,9d,100,100
152,Flop,1,-296,296,CHECK,0,"['8d', '3d']","['8h', '4s']","['Ah', '6d', '5d']",,9d,100,100
152,Turn,0,-296,296,CHECK,0,"['8d', '3d']","['8h', '4s']","['Ah', '6d', '5d', '6h']",,9d,100,100
152,Turn,1,-296,296,CHECK,0,"['8d', '3d']","['8h', '4s']","['Ah', '6d', '5d', '6h']",,9d,100,100
152,River,0,-296,296,CHECK,0,"['8d', '3d']","['8h', '4s']","['Ah', '6d', '5d', '6h', '5s']",,9d,100,100
152,River,1,-296,296,CHECK,0,"['8d', '3d']","['8h', '4s']","['Ah', '6d', '5d', '6h', '5s']",,9d,100,100
153,Pre-Flop,1,-296,296,RAISE,3,"['Ah', '3h']","['8s', '3s']","['4d', '6s']",,,1,1
153,Pre-Flop,0,-296,296,RAISE,95,"['Ah', '3h']","['8s', '3s']","['4d', '6s']",,,2,2
153,Pre-Flop,1,-296,296,CALL,0,"['Ah', '3h']","['8s', '3s']","['4d', '6s']",,,5,5
153,Pre-Flop,0,-296,296,CHECK,0,"['Ah', '3h']","['8s', '3s']","['4d', '6s']",,,100,100
153,Flop,1,-296,296,DISCARD,0,"['Ah', '3h']","['8s', '3s']","['4d', '6s', '2s']",,,100,100
153,Flop,1,-296,296,CHECK,0,"['Ah', '3h']","['As', '3s']","['4d', '6s', '2s']",,8s,100,100
153,Flop,0,-296,296,CHECK,0,"['Ah', '3h']","['As', '3s']","['4d', '6s', '2s']",,8s,100,100
153,Turn,1,-296,296,CHECK,0,"['Ah', '3h']","['As', '3s']","['4d', '6s', '2s', '2d']",,8s,100,100
153,Turn,0,-296,296,CHECK,0,"['Ah', '3h']","['As', '3s']","['4d', '6s', '2s', '2d']",,8s,100,100
153,River,1,-296,296,CHECK,0,"['Ah', '3h']","['As', '3s']","['4d', '6s', '2s', '2d', '7d']",,8s,100,100
153,River,0,-296,296,CHECK,0,"['Ah', '3h']","['As', '3s']","['4d', '6s', '2s', '2d', '7d']",,8s,100,100
154,Pre-Flop,0,-296,296,RAISE,98,"['3d', '7d']","['9d', 'Ad']","['2h', '8d']",,,1,1
154,Pre-Flop,1,-296,296,CALL,0,"['3d', '7d']","['9d', 'Ad']","['2h', '8d']",,,2,2
154,Flop,0,-296,296,CHECK,0,"['3d', '7d']","['9d', 'Ad']","['2h', '8d', '3h']",,,100,100
154,Flop,1,-296,296,CHECK,0,"['3d', '7d']","['9d', 'Ad']","['2h', '8d', '3h']",,,100,100
154,Turn,0,-296,296,CHECK,0,"['3d', '7d']","['9d', 'Ad']","['2h', '8d', '3h', '2s']",,,100,100
154,Turn,1,-296,296,CHECK,0,"['3d', '7d']","['9d', 'Ad']","['2h', '8d', '3h', '2s']",,,100,100
154,River,0,-296,296,CHECK,0,"['3d', '7d']","['9d', 'Ad']","['2h', '8d', '3h', '2s', '7s']",,,100,100
154,River,1,-296,296,CHECK,0,"['3d', '7d']","['9d', 'Ad']","['2h', '8d', '3h', '2s', '7s']",,,100,100
155,Pre-Flop,1,-196,196,DISCARD,0,"['5s', '6s']","['8h', '3d']","['4d', '9s']",,,1,1
155,Pre-Flop,1,-196,196,RAISE,2,"['5s', '6s']","['8h', '4s']","['4d', '9s']",,3d,1,1
155,Pre-Flop,0,-196,196,RAISE,96,"['5s', '6s']","['8h', '4s']","['4d', '9s']",,3d,2,2
155,Pre-Flop,1,-196,196,CALL,0,"['5s', '6s']","['8h', '4s']","['4d', '9s']",,3d,4,4
155,Pre-Flop,0,-196,196,CHECK,0,"['5s', '6s']","['8h', '4s']","['4d', '9s']",,3d,100,100
155,Flop,1,-196,196,CHECK,0,"['5s', '6s']","['8h', '4s']","['4d', '9s', '3s']",,3d,100,100
155,Flop,0,-196,196,CHECK,0,"['5s', '6s']","['8h', '4s']","['4d', '9s', '3s']",,3d,100,100
155,Turn,1,-196,196,CHECK,0,"['5s', '6s']","['8h', '4s']","['4d', '9s', '3s', '2d']",,3d,100,100
155,Turn,0,-196,196,CHECK,0,"['5s', '6s']","['8h', '4s']","['4d', '9s', '3s', '2d']",,3d,100,100
155,River,1,-196,196,CHECK,0,"['5s', '6s']","['8h', '4s']","['4d', '9s', '3s', '2d', '9h']",,3d,100,100
155,River,0,-196,196,CHECK,0,"['5s', '6s']","['8h', '4s']","['4d', '9s', '3s', '2d', '9h']",,3d,100,100
156,Pre-Flop,0,-96,96,RAISE,98,"['6s', '3h']","['9d', 'Ad']","['4h', '5s']",,,1,1
156,Pre-Flop,1,-96,96,CALL,0,"['6s', '3h']","['9d', 'Ad']","['4h', '5s']",,,2,2
156,Flop,0,-96,96,CHECK,0,"['6s', '3h']","['9d', 'Ad']","['4h', '5s', '6d']",,,100,100
156,Flop,1,-96,96,CHECK,0,"['6s', '3h']","['9d', 'Ad']","['4h', '5s', '6d']",,,100,100
156,Turn,0,-96,96,CHECK,0,"['6s', '3h']","['9d', 'Ad']","['4h', '5s', '6d', '5h']",,,100,100
156,Turn,1,-96,96,CHECK,0,"['6s', '3h']","['9d', 'Ad']","['4h', '5s', '6d', '5h']",,,100,100
156,River,0,-96,96,CHECK,0,"['6s', '3h']","['9d', 'Ad']","['4h', '5s', '6d', '5h', 'Ah']",,,100,100
156,River,1,-96,96,CHECK,0,"['6s', '3h']","['9d', 'Ad']","['4h', '5s', '6d', '5h', 'Ah']",,,100,100
157,Pre-Flop,1,-196,196,RAISE,2,"['8h', '3h']","['As', '6h']","['9h', '8s']",,,1,1
157,Pre-Flop,0,-196,196,RAISE,96,"['8h', '3h']","['As', '6h']","['9h', '8s']",,,2,2
157,Pre-Flop,1,-196,196,CALL,0,"['8h', '3h']","['As', '6h']","['9h', '8s']",,,4,4
157,Pre-Flop,0,-196,196,CHECK,0,"['8h', '3h']","['As', '6h']","['9h', '8s']",,,100,100
157,Flop,1,-196,196,DISCARD,0,"['8h', '3h']","['As', '6h']","['9h', '8s', '4s']",,,100,100
157,Flop,1,-196,196,CHECK,0,"['8h', '3h']","['As', 'Ah']","['9h', '8s', '4s']",,6h,100,100
157,Flop,0,-196,196,CHECK,0,"['8h', '3h']","['As', 'Ah']","['9h', '8s', '4s']",,6h,100,100
157,Turn,1,-196,196,CHECK,0,"['8h', '3h']","['As', 'Ah']","['9h', '8s', '4s', '6s']",,6h,100,100
157,Turn,0,-196,196,CHECK,0,"['8h', '3h']","['As', 'Ah']","['9h', '8s', '4s', '6s']",,6h,100,100
157,River,1,-196,196,CHECK,0,"['8h', '3h']","['As', 'Ah']","['9h', '8s', '4s', '6s', '6d']",,6h,100,100
157,River,0,-196,196,CHECK,0,"['8h', '3h']","['As', 'Ah']","['9h', '8s', '4s', '6s', '6d']",,6h,100,100
158,Pre-Flop,0,-296,296,RAISE,98,"['As', '7d']","['2d', '9h']","['3d', '5s']",,,1,1
158,Pre-Flop,1,-296,296,CALL,0,"['As', '7d']","['2d', '9h']","['3d', '5s']",,,2,2
158,Flop,0,-296,296,CHECK,0,"['As', '7d']","['2d', '9h']","['3d', '5s', '4d']",,,100,100
158,Flop,1,-296,296,DISCARD,0,"['As', '7d']","['2d', '9h']","['3d', '5s', '4d']",,,100,100
158,Flop,1,-296,296,CHECK,0,"['As', '7d']","['2d', '9s']","['3d', '5s', '4d']",,9h,100,100
158,Turn,0,-296,296,CHECK,0,"['As', '7d']","['2d', '9s']","['3d', '5s', '4d', '3s']",,9h,100,100
158,Turn,1,-296,296,CHECK,0,"['As', '7d']","['2d', '9s']","['3d', '5s', '4d', '3s']",,9h,100,100
158,River,0,-296,296,CHECK,0,"['As', '7d']","['2d', '9s']","['3d', '5s', '4d', '3s', '8s']",,9h,100,100
158,River,1,-296,296,CHECK,0,"['As', '7d']","['2d', '9s']","['3d', '5s', '4d', '3s', '8s']",,9h,100,100
159,Pre-Flop,1,-196,196,RAISE,2,"['3h', 'Ah']","['2d', '7s']","['4d', '5s']",,,1,1
159,Pre-Flop,0,-196,196,RAISE,96,"['3h', 'Ah']","['2d', '7s']","['4d', '5s']",,,2,2
159,Pre-Flop,1,-196,196,DISCARD,0,"['3h', 'Ah']","['2d', '7s']","['4d', '5s']",,,4,4
159,Pre-Flop,1,-196,196,CALL,0,"['3h', 'Ah']","['9h', '7s']","['4d', '5s']",,2d,4,4
159,Pre-Flop,0,-196,196,CHECK,0,"['3h', 'Ah']","['9h', '7s']","['4d', '5s']",,2d,100,100
159,Flop,1,-196,196,CHECK,0,"['3h', 'Ah']","['9h', '7s']","['4d', '5s', 'Ad']",,2d,100,100
159,Flop,0,-196,196,CHECK,0,"['3h', 'Ah']","['9h', '7s']","['4d', '5s', 'Ad']",,2d,100,100
159,Turn,1,-196,196,CHECK,0,"['3h', 'Ah']","['9h', '7s']","['4d', '5s', 'Ad', '3s']",,2d,100,100
159,Turn,0,-196,196,CHECK,0,"['3h', 'Ah']","['9h', '7s']","['4d', '5s', 'Ad', '3s']",,2d,100,100
159,River,1,-196,196,CHECK,0,"['3h', 'Ah']","['9h', '7s']","['4d', '5s', 'Ad', '3s', '4h']",,2d,100,100
159,River,0,-196,196,CHECK,0,"['3h', 'Ah']","['9h', '7s']","['4d', '5s', 'Ad', '3s', '4h']",,2d,100,100
160,Pre-Flop,0,-96,96,RAISE,98,"['8s', '2d']","['2s', '8d']","['9h', 'As']",,,1,1
160,Pre-Flop,1,-96,96,CALL,0,"['8s', '2d']","['2s', '8d']","['9h', 'As']",,,2,2
160,Flop,0,-96,96,CHECK,0,"['8s', '2d']","['2s', '8d']","['9h', 'As', '3s']",,,100,100
160,Flop,1,-96,96,DISCARD,0,"['8s', '2d']","['2s', '8d']","['9h', 'As', '3s']",,,100,100
160,Flop,1,-96,96,CHECK,0,"['8s', '2d']","['2s', '4s']","['9h', 'As', '3s']",,8d,100,100
160,Turn,0,-96,96,CHECK,0,"['8s', '2d']","['2s', '4s']","['9h', 'As', '3s', '6h']",,8d,100,100
160,Turn,1,-96,96,CHECK,0,"['8s', '2d']","['2s', '4s']","['9h', 'As', '3s', '6h']",,8d,100,100
160,River,0,-96,96,CHECK,0,"['8s', '2d']","['2s', '4s']","['9h', 'As', '3s', '6h', '5s']",,8d,100,100
160,River,1,-96,96,CHECK,0,"['8s', '2d']","['2s', '4s']","['9h', 'As', '3s', '6h', '5s']",,8d,100,100
161,Pre-Flop,1,-196,196,RAISE,2,"['9s', '5s']","['2s', 'Ah']","['5h', '5d']",,,1,1
161,Pre-Flop,0,-196,196,RAISE,96,"['9s', '5s']","['2s', 'Ah']","['5h', '5d']",,,2,2
161,Pre-Flop,1,-196,196,DISCARD,0,"['9s', '5s']","['2s', 'Ah']","['5h', '5d']",,,4,4
161,Pre-Flop,1,-196,196,CALL,0,"['9s', '5s']","['2s', '7s']","['5h', '5d']",,Ah,4,4
161,Pre-Flop,0,-196,196,CHECK,0,"['9s', '5s']","['2s', '7s']","['5h', '5d']",,Ah,100,100
161,Flop,1,-196,196,CHECK,0,"['9s', '5s']","['2s', '7s']","['5h', '5d', '8d']",,Ah,100,100
161,Flop,0,-196,196,CHECK,0,"['9s', '5s']","['2s', '7s']","['5h', '5d', '8d']",,Ah,100,100
161,Turn,1,-196,196,CHECK,0,"['9s', '5s']","['2s', '7s']","['5h', '5d', '8d', '6s']",,Ah,100,100
161,Turn,0,-196,196,CHECK,0,"['9s', '5s']","['2s', '7s']","['5h', '5d', '8d', '6s']",,Ah,100,100
161,River,1,-196,196,CHECK,0,"['9s', '5s']","['2s', '7s']","['5h', '5d', '8d', '6s', '7d']",,Ah,100,100
161,River,0,-196,196,CHECK,0,"['9s', '5s']","['2s', '7s']","['5h', '5d', '8d', '6s', '7d']",,Ah,100,100
162,Pre-Flop,0,-96,96,RAISE,98,"['6s', '5h']","['4d', '7d']","['8h', '5s']",,,1,1
162,Pre-Flop,1,-96,96,CALL,0,"['6s', '5h']","['4d', '7d']","['8h', '5s']",,,2,2
162,Flop,0,-96,96,CHECK,0,"['6s', '5h']","['4d', '7d']","['8h', '5s', '8s']",,,100,100
162,Flop,1,-96,96,DISCARD,0,"['6s', '5h']","['4d', '7d']","['8h', '5s', '8s']",,,100,100
162,Flop,1,-96,96,CHECK,0,"['6s', '5h']","['4d', '4s']","['8h', '5s', '8s']",,7d,100,100
162,Turn,0,-96,96,CHECK,0,"['6s', '5h']","['4d', '4s']","['8h', '5s', '8s', '9s']",,7d,100,100
162,Turn,1,-96,96,CHECK,0,"['6s', '5h']","['4d', '4s']","['8h', '5s', '8s', '9s']",,7d,100,100
162,River,0,-96,96,CHECK,0,"['6s', '5h']","['4d', '4s']","['8h', '5s', '8s', '9s', '9h']",,7d,100,100
162,River,1,-96,96,CHECK,0,"['6s', '5h']","['4d', '4s']","['8h', '5s', '8s', '9s', '9h']",,7d,100,100
163,Pre-Flop,1,4,-4,RAISE,2,"['7s', '9s']","['3s', '7d']","['2h', '9d']",,,1,1
163,Pre-Flop,0,4,-4,RAISE,96,"['7s', '9s']","['3s', '7d']","['2h', '9d']",,,2,2
163,Pre-Flop,1,4,-4,CALL,0,"['7s', '9s']","['3s', '7d']","['2h', '9d']",,,4,4
163,Pre-Flop,0,4,-4,CHECK,0,"['7s', '9s']","['3s', '7d']","['2h', '9d']",,,100,100
163,Flop,1,4,-4,DISCARD,0,"['7s', '9s']","['3s', '7d']","['2h', '9d', 'Ah']",,,100,100
163,Flop,1,4,-4,CHECK,0,"['7s', '9s']","['3s', '8h']","['2h', '9d', 'Ah']",,7d,100,100
163,Flop,0,4,-4,CHECK,0,"['7s', '9s']","['3s', '8h']","['2h', '9d', 'Ah']",,7d,100,100
163,Turn,1,4,-4,CHECK,0,"['7s', '9s']","['3s', '8h']","['2h', '9d', 'Ah', '2s']",,7d,100,100
163,Turn,0,4,-4,CHECK,0,"['7s', '9s']","['3s', '8h']","['2h', '9d', 'Ah', '2s']",,7d,100,100
163,River,1,4,-4,CHECK,0,"['7s', '9s']","['3s', '8h']","['2h', '9d', 'Ah', '2s', '8d']",,7d,100,100
163,River,0,4,-4,CHECK,0,"['7s', '9s']","['3s', '8h']","['2h', '9d', 'Ah', '2s', '8d']",,7d,100,100
164,Pre-Flop,0,104,-104,RAISE,98,"['6h', '6s']","['2h', '8s']","['3s', '9s']",,,1,1
164,Pre-Flop,1,104,-104,CALL,0,"['6h', '6s']","['2h', '8s']","['3s', '9s']",,,2,2
164,Flop,0,104,-104,CHECK,0,"['6h', '6s']","['2h', '8s']","['3s', '9s', '2s']",,,100,100
164,Flop,1,104,-104,DISCARD,0,"['6h', '6s']","['2h', '8s']","['3s', '9s', '2s']",,,100,100
164,Flop,1,104,-104,CHECK,0,"['6h', '6s']","['8h', '8s']","['3s', '9s', '2s']",,2h,100,100
164,Turn,0,104,-104,CHECK,0,"['6h', '6s']","['8h', '8s']","['3s', '9s', '2s', '3d']",,2h,100,100
164,Turn,1,104,-104,CHECK,0,"['6h', '6s']","['8h', '8s']","['3s', '9s', '2s', '3d']",,2h,100,100
164,River,0,104,-104,CHECK,0,"['6h', '6s']","['8h', '8s']","['3s', '9s', '2s', '3d', '5d']",,2h,100,100
164,River,1,104,-104,CHECK,0,"['6h', '6s']","['8h', '8s']","['3s', '9s', '2s', '3d', '5d']",,2h,100,100
165,Pre-Flop,1,4,-4,RAISE,2,"['4d', '3h']","['5h', 'Ah']","['6h', '3s']",,,1,1
165,Pre-Flop,0,4,-4,RAISE,96,"['4d', '3h']","['5h', 'Ah']","['6h', '3s']",,,2,2
165,Pre-Flop,1,4,-4,CALL,0,"['4d', '3h']","['5h', 'Ah']","['6h', '3s']",,,4,4
165,Pre-Flop,0,4,-4,CHECK,0,"['4d', '3h']","['5h', 'Ah']","['6h', '3s']",,,100,100
165,Flop,1,4,-4,DISCARD,0,"['4d', '3h']","['5h', 'Ah']","['6h', '3s', '8s']",,,100,100
165,Flop,1,4,-4,CHECK,0,"['4d', '3h']","['5h', '5s']","['6h', '3s', '8s']",,Ah,100,100
165,Flop,0,4,-4,CHECK,0,"['4d', '3h']","['5h', '5s']","['6h', '3s', '8s']",,Ah,100,100
165,Turn,1,4,-4,CHECK,0,"['4d', '3h']","['5h', '5s']","['6h', '3s', '8s', '7s']",,Ah,100,100
165,Turn,0,4,-4,CHECK,0,"['4d', '3h']","['5h', '5s']","['6h', '3s', '8s', '7s']",,Ah,100,100
165,River,1,4,-4,CHECK,0,"['4d', '3h']","['5h', '5s']","['6h', '3s', '8s', '7s', '6d']",,Ah,100,100
165,River,0,4,-4,CHECK,0,"['4d', '3h']","['5h', '5s']","['6h', '3s', '8s', '7s', '6d']",,Ah,100,100
166,Pre-Flop,0,-96,96,RAISE,98,"['2h', '6s']","['Ad', '2s']","['4s', '4h']",,,1,1
166,Pre-Flop,1,-96,96,CALL,0,"['2h', '6s']","['Ad', '2s']","['4s', '4h']",,,2,2
166,Flop,0,-96,96,CHECK,0,"['2h', '6s']","['Ad', '2s']","['4s', '4h', '6d']",,,100,100
166,Flop,1,-96,96,DISCARD,0,"['2h', '6s']","['Ad', '2s']","['4s', '4h', '6d']",,,100,100
166,Flop,1,-96,96,CHECK,0,"['2h', '6s']","['7d', '2s']","['4s', '4h', '6d']",,Ad,100,100
166,Turn,0,-96,96,CHECK,0,"['2h', '6s']","['7d', '2s']","['4s', '4h', '6d', 'Ah']",,Ad,100,100
166,Turn,1,-96,96,CHECK,0,"['2h', '6s']","['7d', '2s']","['4s', '4h', '6d', 'Ah']",,Ad,100,100
166,River,0,-96,96,CHECK,0,"['2h', '6s']","['7d', '2s']","['4s', '4h', '6d', 'Ah', '9d']",,Ad,100,100
166,River,1,-96,96,CHECK,0,"['2h', '6s']","['7d', '2s']","['4s', '4h', '6d', 'Ah', '9d']",,Ad,100,100
167,Pre-Flop,1,4,-4,RAISE,2,"['Ah', '9h']","['4d', '4h']","['6h', '8s']",,,1,1
167,Pre-Flop,0,4,-4,RAISE,96,"['Ah', '9h']","['4d', '4h']","['6h', '8s']",,,2,2
167,Pre-Flop,1,4,-4,CALL,0,"['Ah', '9h']","['4d', '4h']","['6h', '8s']",,,4,4
167,Pre-Flop,0,4,-4,CHECK,0,"['Ah', '9h']","['4d', '4h']","['6h', '8s']",,,100,100
167,Flop,1,4,-4,DISCARD,0,"['Ah', '9h']","['4d', '4h']","['6h', '8s', '8d']",,,100,100
167,Flop,1,4,-4,CHECK,0,"['Ah', '9h']","['4d', '5h']","['6h', '8s', '8d']",,4h,100,100
167,Flop,0,4,-4,CHECK,0,"['Ah', '9h']","['4d', '5h']","['6h', '8s', '8d']",,4h,100,100
167,Turn,1,4,-4,CHECK,0,"['Ah', '9h']","['4d', '5h']","['6h', '8s', '8d', '3d']",,4h,100,100
167,Turn,0,4,-4,CHECK,0,"['Ah', '9h']","['4d', '5h']","['6h', '8s', '8d', '3d']",,4h,100,100
167,River,1,4,-4,CHECK,0,"['Ah', '9h']","['4d', '5h']","['6h', '8s', '8d', '3d', '9d']",,4h,100,100
167,River,0,4,-4,CHECK,0,"['Ah', '9h']","['4d', '5h']","['6h', '8s', '8d', '3d', '9d']",,4h,100,100
168,Pre-Flop,0,104,-104,RAISE,98,"['Ah', '4s']","['5h', '8s']","['As', '2h']",,,1,1
168,Pre-Flop,1,104,-104,CALL,0,"['Ah', '4s']","['5h', '8s']","['As', '2h']",,,2,2
168,Flop,0,104,-104,CHECK,0,"['Ah', '4s']","['5h', '8s']","['As', '2h', '8d']",,,100,100
168,Flop,1,104,-104,DISCARD,0,"['Ah', '4s']","['5h', '8s']","['As', '2h', '8d']",,,100,100
168,Flop,1,104,-104,CHECK,0,"['Ah', '4s']","['8h', '8s']","['As', '2h', '8d']",,5h,100,100
168,Turn,0,104,-104,CHECK,0,"['Ah', '4s']","['8h', '8s']","['As', '2h', '8d', '4d']",,5h,100,100
168,Turn,1,104,-104,CHECK,0,"['Ah', '4s']","['8h', '8s']","['As', '2h', '8d', '4d']",,5h,100,100
168,River,0,104,-104,CHECK,0,"['Ah', '4s']","['8h', '8s']","['As', '2h', '8d', '4d', '3h']",,5h,100,100
168,River,1,104,-104,CHECK,0,"['Ah', '4s']","['8h', '8s']","['As', '2h', '8d', '4d', '3h']",,5h,100,100
169,Pre-Flop,1,4,-4,RAISE,2,"['9d', '2s']","['4h', '9h']","['5s', '3d']",,,1,1
169,Pre-Flop,0,4,-4,RAISE,96,"['9d', '2s']","['4h', '9h']","['5s', '3d']",,,2,2
169,Pre-Flop,1,4,-4,CALL,0,"['9d', '2s']","['4h', '9h']","['5s', '3d']",,,4,4
169,Pre-Flop,0,4,-4,CHECK,0,"['9d', '2s']","['4h', '9h']","['5s', '3d']",,,100,100
169,Flop,1,4,-4,DISCARD,0,"['9d', '2s']","['4h', '9h']","['5s', '3d', '7d']",,,100,100
169,Flop,1,4,-4,CHECK,0,"['9d', '2s']","['4h', '4d']","['5s', '3d', '7d']",,9h,100,100
169,Flop,0,4,-4,CHECK,0,"['9d', '2s']","['4h', '4d']","['5s', '3d', '7d']",,9h,100,100
169,Turn,1,4,-4,CHECK,0,"['9d', '2s']","['4h', '4d']","['5s', '3d', '7d', 'Ad']",,9h,100,100
169,Turn,0,4,-4,CHECK,0,"['9d', '2s']","['4h', '4d']","['5s', '3d', '7d', 'Ad']",,9h,100,100
169,River,1,4,-4,CHECK,0,"['9d', '2s']","['4h', '4d']","['5s', '3d', '7d', 'Ad', '5h']",,9h,100,100
169,River,0,4,-4,CHECK,0,"['9d', '2s']","['4h', '4d']","['5s', '3d', '7d', 'Ad', '5h']",,9h,100,100
170,Pre-Flop,0,-96,96,RAISE,98,"['4d', '6h']","['9d', '9s']","['7d', '8s']",,,1,1
170,Pre-Flop,1,-96,96,CALL,0,"['4d', '6h']","['9d', '9s']","['7d', '8s']",,,2,2
170,Flop,0,-96,96,CHECK,0,"['4d', '6h']","['9d', '9s']","['7d', '8s', '7h']",,,100,100
170,Flop,1,-96,96,DISCARD,0,"['4d', '6h']","['9d', '9s']","['7d', '8s', '7h']",,,100,100
170,Flop,1,-96,96,CHECK,0,"['4d', '6h']","['2s', '9s']","['7d', '8s', '7h']",,9d,100,100
170,Turn,0,-96,96,CHECK,0,"['4d', '6h']","['2s', '9s']","['7d', '8s', '7h', '3h']",,9d,100,100
170,Turn,1,-96,96,CHECK,0,"['4d', '6h']","['2s', '9s']","['7d', '8s', '7h', '3h']",,9d,100,100
170,River,0,-96,96,CHECK,0,"['4d', '6h']","['2s', '9s']","['7d', '8s', '7h', '3h', '8h']",,9d,100,100
170,River,1,-96,96,CHECK,0,"['4d', '6h']","['2s', '9s']","['7d', '8s', '7h', '3h', '8h']",,9d,100,100
171,Pre-Flop,1,-196,196,RAISE,2,"['4d', '5s']","['6d', '2d']","['4h', 'Ad']",,,1,1
171,Pre-Flop,0,-196,196,RAISE,96,"['4d', '5s']","['6d', '2d']","['4h', 'Ad']",,,2,2
171,Pre-Flop,1,-196,196,CALL,0,"['4d', '5s']","['6d', '2d']","['4h', 'Ad']",,,4,4
171,Pre-Flop,0,-196,196,CHECK,0,"['4d', '5s']","['6d', '2d']","['4h', 'Ad']",,,100,100
171,Flop,1,-196,196,DISCARD,0,"['4d', '5s']","['6d', '2d']","['4h', 'Ad', '3d']",,,100,100
171,Flop,1,-196,196,CHECK,0,"['4d', '5s']","['6d', '8h']","['4h', 'Ad', '3d']",,2d,100,100
171,Flop,0,-196,196,CHECK,0,"['4d', '5s']","['6d', '8h']","['4h', 'Ad', '3d']",,2d,100,100
171,Turn,1,-196,196,CHECK,0,"['4d', '5s']","['6d', '8h']","['4h', 'Ad', '3d', '7s']",,2d,100,100
171,Turn,0,-196,196,CHECK,0,"['4d', '5s']","['6d', '8h']","['4h', 'Ad', '3d', '7s']",,2d,100,100
171,River,1,-196,196,CHECK,0,"['4d', '5s']","['6d', '8h']","['4h', 'Ad', '3d', '7s', '5d']",,2d,100,100
171,River,0,-196,196,CHECK,0,"['4d', '5s']","['6d', '8h']","['4h', 'Ad', '3d', '7s', '5d']",,2d,100,100
172,Pre-Flop,0,-296,296,RAISE,98,"['5s', '9d']","['4h', 'Ah']","['9s', '2d']",,,1,1
172,Pre-Flop,1,-296,296,CALL,0,"['5s', '9d']","['4h', 'Ah']","['9s', '2d']",,,2,2
172,Flop,0,-296,296,CHECK,0,"['5s', '9d']","['4h', 'Ah']","['9s', '2d', 'As']",,,100,100
172,Flop,1,-296,296,DISCARD,0,"['5s', '9d']","['4h', 'Ah']","['9s', '2d', 'As']",,,100,100
172,Flop,1,-296,296,CHECK,0,"['5s', '9d']","['Ad', 'Ah']","['9s', '2d', 'As']",,4h,100,100
172,Turn,0,-296,296,CHECK,0,"['5s', '9d']","['Ad', 'Ah']","['9s', '2d', 'As', '7s']",,4h,100,100
172,Turn,1,-296,296,CHECK,0,"['5s', '9d']","['Ad', 'Ah']","['9s', '2d', 'As', '7s']",,4h,100,100
172,River,0,-296,296,CHECK,0,"['5s', '9d']","['Ad', 'Ah']","['9s', '2d', 'As', '7s', '4s']",,4h,100,100
172,River,1,-296,296,CHECK,0,"['5s', '9d']","['Ad', 'Ah']","['9s', '2d', 'As', '7s', '4s']",,4h,100,100
173,Pre-Flop,1,-196,196,RAISE,2,"['6d', '4s']","['6s', '8h']","['7s', '7h']",,,1,1
173,Pre-Flop,0,-196,196,RAISE,96,"['6d', '4s']","['6s', '8h']","['7s', '7h']",,,2,2
173,Pre-Flop,1,-196,196,CALL,0,"['6d', '4s']","['6s', '8h']","['7s', '7h']",,,4,4
173,Pre-Flop,0,-196,196,CHECK,0,"['6d', '4s']","['6s', '8h']","['7s', '7h']",,,100,100
173,Flop,1,-196,196,DISCARD,0,"['6d', '4s']","['6s', '8h']","['7s', '7h', '5d']",,,100,100
173,Flop,1,-196,196,CHECK,0,"['6d', '4s']","['6s', '2s']","['7s', '7h', '5d']",,8h,100,100
173,Flop,0,-196,196,CHECK,0,"['6d', '4s']","['6s', '2s']","['7s', '7h', '5d']",,8h,100,100
173,Turn,1,-196,196,CHECK,0,"['6d', '4s']","['6s', '2s']","['7s', '7h', '5d', '7d']",,8h,100,100
173,Turn,0,-196,196,CHECK,0,"['6d', '4s']","['6s', '2s']","['7s', '7h', '5d', '7d']",,8h,100,100
173,River,1,-196,196,CHECK,0,"['6d', '4s']","['6s', '2s']","['7s', '7h', '5d', '7d', '2h']",,8h,100,100
173,River,0,-196,196,CHECK,0,"['6d', '4s']","['6s', '2s']","['7s', '7h', '5d', '7d', '2h']",,8h,100,100
174,Pre-Flop,0,-296,296,RAISE,98,"['Ah', '7s']","['8h', '8d']","['7h', '5s']",,,1,1
174,Pre-Flop,1,-296,296,DISCARD,0,"['Ah', '7s']","['8h', '8d']","['7h', '5s']",,,2,2
174,Pre-Flop,1,-296,296,CALL,0,"['Ah', '7s']","['8h', '7d']","['7h', '5s']",,8d,2,2
174,Flop,0,-296,296,CHECK,0,"['Ah', '7s']","['8h', '7d']","['7h', '5s', '2d']",,8d,100,100
174,Flop,1,-296,296,CHECK,0,"['Ah', '7s']","['8h', '7d']","['7h', '5s', '2d']",,8d,100,100
174,Turn,0,-296,296,CHECK,0,"['Ah', '7s']","['8h', '7d']","['7h', '5s', '2d', '9d']",,8d,100,100
174,Turn,1,-296,296,CHECK,0,"['Ah', '7s']","['8h', '7d']","['7h', '5s', '2d', '9d']",,8d,100,100
174,River,0,-296,296,CHECK,0,"['Ah', '7s']","['8h', '7d']","['7h', '5s', '2d', '9d', 'Ad']",,8d,100,100
174,River,1,-296,296,CHECK,0,"['Ah', '7s']","['8h', '7d']","['7h', '5s', '2d', '9d', 'Ad']",,8d,100,100
175,Pre-Flop,1,-196,196,RAISE,3,"['5d', '7h']","['2s', '8s']","['8h', '7d']",,,1,1
175,Pre-Flop,0,-196,196,RAISE,95,"['5d', '7h']","['2s', '8s']","['8h', '7d']",,,2,2
175,Pre-Flop,1,-196,196,CALL,0,"['5d', '7h']","['2s', '8s']","['8h', '7d']",,,5,5
175,Pre-Flop,0,-196,196,CHECK,0,"['5d', '7h']","['2s', '8s']","['8h', '7d']",,,100,100
175,Flop,1,-196,196,DISCARD,0,"['5d', '7h']","['2s', '8s']","['8h', '7d', '7s']",,,100,100
175,Flop,1,-196,196,CHECK,0,"['5d', '7h']","['As', '8s']","['8h', '7d', '7s']",,2s,100,100
175,Flop,0,-196,196,CHECK,0,"['5d', '7h']","['As', '8s']","['8h', '7d', '7s']",,2s,100,100
175,Turn,1,-196,196,CHECK,0,"['5d', '7h']","['As', '8s']","['8h', '7d', '7s', '4d']",,2s,100,100
175,Turn,0,-196,196,CHECK,0,"['5d', '7h']","['As', '8s']","['8h', '7d', '7s', '4d']",,2s,100,100
175,River,1,-196,196,CHECK,0,"['5d', '7h']","['As', '8s']","['8h', '7d', '7s', '4d', '9d']",,2s,100,100
175,River,0,-196,196,CHECK,0,"['5d', '7h']","['As', '8s']","['8h', '7d', '7s', '4d', '9d']",,2s,100,100
176,Pre-Flop,0,-96,96,RAISE,98,"['8s', '5s']","['7h', '9d']","['5d', '2h']",,,1,1
176,Pre-Flop,1,-96,96,CALL,0,"['8s', '5s']","['7h', '9d']","['5d', '2h']",,,2,2
176,Flop,0,-96,96,CHECK,0,"['8s', '5s']","['7h', '9d']","['5d', '2h', 'Ad']",,,100,100
176,Flop,1,-96,96,DISCARD,0,"['8s', '5s']","['7h', '9d']","['5d', '2h', 'Ad']",,,100,100
176,Flop,1,-96,96,CHECK,0,"['8s', '5s']","['7h', '7s']","['5d', '2h', 'Ad']",,9d,100,100
176,Turn,0,-96,96,CHECK,0,"['8s', '5s']","['7h', '7s']","['5d', '2h', 'Ad', 'Ah']",,9d,100,100
176,Turn,1,-96,96,CHECK,0,"['8s', '5s']","['7h', '7s']","['5d', '2h', 'Ad', 'Ah']",,9d,100,100
176,River,0,-96,96,CHECK,0,"['8s', '5s']","['7h', '7s']","['5d', '2h', 'Ad', 'Ah', '5h']",,9d,100,100
176,River,1,-96,96,CHECK,0,"['8s', '5s']","['7h', '7s']","['5d', '2h', 'Ad', 'Ah', '5h']",,9d,100,100
177,Pre-Flop,1,4,-4,RAISE,2,"['3d', '5h']","['2h', '3h']","['7s', '8h']",,,1,1
177,Pre-Flop,0,4,-4,RAISE,96,"['3d', '5h']","['2h', '3h']","['7s', '8h']",,,2,2
177,Pre-Flop,1,4,-4,CALL,0,"['3d', '5h']","['2h', '3h']","['7s', '8h']",,,4,4
177,Pre-Flop,0,4,-4,CHECK,0,"['3d', '5h']","['2h', '3h']","['7s', '8h']",,,100,100
177,Flop,1,4,-4,CHECK,0,"['3d', '5h']","['2h', '3h']","['7s', '8h', '9s']",,,100,100
177,Flop,0,4,-4,CHECK,0,"['3d', '5h']","['2h', '3h']","['7s', '8h', '9s']",,,100,100
177,Turn,1,4,-4,CHECK,0,"['3d', '5h']","['2h', '3h']","['7s', '8h', '9s', '5s']",,,100,100
177,Turn,0,4,-4,CHECK,0,"['3d', '5h']","['2h', '3h']","['7s', '8h', '9s', '5s']",,,100,100
177,River,1,4,-4,CHECK,0,"['3d', '5h']","['2h', '3h']","['7s', '8h', '9s', '5s', 'Ad']",,,100,100
177,River,0,4,-4,CHECK,0,"['3d', '5h']","['2h', '3h']","['7s', '8h', '9s', '5s', 'Ad']",,,100,100
178,Pre-Flop,0,104,-104,RAISE,98,"['4d', 'Ad']","['9s', '2d']","['3h', 'As']",,,1,1
178,Pre-Flop,1,104,-104,CALL,0,"['4d', 'Ad']","['9s', '2d']","['3h', 'As']",,,2,2
178,Flop,0,104,-104,CHECK,0,"['4d', 'Ad']","['9s', '2d']","['3h', 'As', '7s']",,,100,100
178,Flop,1,104,-104,DISCARD,0,"['4d', 'Ad']","['9s', '2d']","['3h', 'As', '7s']",,,100,100
178,Flop,1,104,-104,CHECK,0,"['4d', 'Ad']","['9s', '9h']","['3h', 'As', '7s']",,2d,100,100
178,Turn,0,104,-104,CHECK,0,"['4d', 'Ad']","['9s', '9h']","['3h', 'As', '7s', '6d']",,2d,100,100
178,Turn,1,104,-104,CHECK,0,"['4d', 'Ad']","['9s', '9h']","['3h', 'As', '7s', '6d']",,2d,100,100
178,River,0,104,-104,CHECK,0,"['4d', 'Ad']","['9s', '9h']","['3h', 'As', '7s', '6d', '6s']",,2d,100,100
178,River,1,104,-104,CHECK,0,"['4d', 'Ad']","['9s', '9h']","['3h', 'As', '7s', '6d', '6s']",,2d,100,100
179,Pre-Flop,1,204,-204,RAISE,2,"['4s', '6d']","['Ad', '5s']","['4h', '6s']",,,1,1
179,Pre-Flop,0,204,-204,RAISE,96,"['4s', '6d']","['Ad', '5s']","['4h', '6s']",,,2,2
179,Pre-Flop,1,204,-204,CALL,0,"['4s', '6d']","['Ad', '5s']","['4h', '6s']",,,4,4
179,Pre-Flop,0,204,-204,CHECK,0,"['4s', '6d']","['Ad', '5s']","['4h', '6s']",,,100,100
179,Flop,1,204,-204,DISCARD,0,"['4s', '6d']","['Ad', '5s']","['4h', '6s', '2h']",,,100,100
179,Flop,1,204,-204,CHECK,0,"['4s', '6d']","['8s', '5s']","['4h', '6s', '2h']",,Ad,100,100
179,Flop,0,204,-204,CHECK,0,"['4s', '6d']","['8s', '5s']","['4h', '6s', '2h']",,Ad,100,100
179,Turn,1,204,-204,CHECK,0,"['4s', '6d']","['8s', '5s']","['4h', '6s', '2h', '9d']",,Ad,100,100
179,Turn,0,204,-204,CHECK,0,"['4s', '6d']","['8s', '5s']","['4h', '6s', '2h', '9d']",,Ad,100,100
179,River,1,204,-204,CHECK,0,"['4s', '6d']","['8s', '5s']","['4h', '6s', '2h', '9d', '5d']",,Ad,100,100
179,River,0,204,-204,CHECK,0,"['4s', '6d']","['8s', '5s']","['4h', '6s', '2h', '9d', '5d']",,Ad,100,100
180,Pre-Flop,0,304,-304,RAISE,98,"['8s', 'Ad']","['4s', '7s']","['6d', '3s']",,,1,1
180,Pre-Flop,1,304,-304,CALL,0,"['8s', 'Ad']","['4s', '7s']","['6d', '3s']",,,2,2
180,Flop,0,304,-304,CHECK,0,"['8s', 'Ad']","['4s', '7s']","['6d', '3s', '9s']",,,100,100
180,Flop,1,304,-304,DISCARD,0,"['8s', 'Ad']","['4s', '7s']","['6d', '3s', '9s']",,,100,100
180,Flop,1,304,-304,CHECK,0,"['8s', 'Ad']","['4s', '6s']","['6d', '3s', '9s']",,7s,100,100
180,Turn,0,304,-304,CHECK,0,"['8s', 'Ad']","['4s', '6s']","['6d', '3s', '9s', '3d']",,7s,100,100
180,Turn,1,304,-304,CHECK,0,"['8s', 'Ad']","['4s', '6s']","['6d', '3s', '9s', '3d']",,7s,100,100
180,River,0,304,-304,CHECK,0,"['8s', 'Ad']","['4s', '6s']","['6d', '3s', '9s', '3d', '8d']",,7s,100,100
180,River,1,304,-304,CHECK,0,"['8s', 'Ad']","['4s', '6s']","['6d', '3s', '9s', '3d', '8d']",,7s,100,100
181,Pre-Flop,1,404,-404,RAISE,2,"['3s', '8s']","['4d', '6s']","['2h', '7s']",,,1,1
181,Pre-Flop,0,404,-404,RAISE,96,"['3s', '8s']","['4d', '6s']","['2h', '7s']",,,2,2
181,Pre-Flop,1,404,-404,CALL,0,"['3s', '8s']","['4d', '6s']","['2h', '7s']",,,4,4
181,Pre-Flop,0,404,-404,CHECK,0,"['3s', '8s']","['4d', '6s']","['2h', '7s']",,,100,100
181,Flop,1,404,-404,DISCARD,0,"['3s', '8s']","['4d', '6s']","['2h', '7s', '8h']",,,100,100
181,Flop,1,404,-404,CHECK,0,"['3s', '8s']","['9d', '6s']","['2h', '7s', '8h']",,4d,100,100
181,Flop,0,404,-404,CHECK,0,"['3s', '8s']","['9d', '6s']","['2h', '7s', '8h']",,4d,100,100
181,Turn,1,404,-404,CHECK,0,"['3s', '8s']","['9d', '6s']","['2h', '7s', '8h', 'Ah']",,4d,100,100
181,Turn,0,404,-404,CHECK,0,"['3s', '8s']","['9d', '6s']","['2h', '7s', '8h', 'Ah']",,4d,100,100
181,River,1,404,-404,CHECK,0,"['3s', '8s']","['9d', '6s']","['2h', '7s', '8h', 'Ah', '9h']",,4d,100,100
181,River,0,404,-404,CHECK,0,"['3s', '8s']","['9d', '6s']","['2h', '7s', '8h', 'Ah', '9h']",,4d,100,100
182,Pre-Flop,0,304,-304,RAISE,98,"['4s', '5s']","['3h', '6h']","['As', '5d']",,,1,1
182,Pre-Flop,1,304,-304,CALL,0,"['4s', '5s']","['3h', '6h']","['As', '5d']",,,2,2
182,Flop,0,304,-304,CHECK,0,"['4s', '5s']","['3h', '6h']","['As', '5d', '9s']",,,100,100
182,Flop,1,304,-304,DISCARD,0,"['4s', '5s']","['3h', '6h']","['As', '5d', '9s']",,,100,100
182,Flop,1,304,-304,CHECK,0,"['4s', '5s']","['2h', '6h']","['As', '5d', '9s']",,3h,100,100
182,Turn,0,304,-304,CHECK,0,"['4s', '5s']","['2h', '6h']","['As', '5d', '9s', 'Ah']",,3h,100,100
182,Turn,1,304,-304,CHECK,0,"['4s', '5s']","['2h', '6h']","['As', '5d', '9s', 'Ah']",,3h,100,100
182,River,0,304,-304,CHECK,0,"['4s', '5s']","['2h', '6h']","['As', '5d', '9s', 'Ah', '6d']",,3h,100,100
182,River,1,304,-304,CHECK,0,"['4s', '5s']","['2h', '6h']","['As', '5d', '9s', 'Ah', '6d']",,3h,100,100
183,Pre-Flop,1,204,-204,RAISE,2,"['2s', '7s']","['5s', '5h']","['9s', '2h']",,,1,1
183,Pre-Flop,0,204,-204,RAISE,96,"['2s', '7s']","['5s', '5h']","['9s', '2h']",,,2,2
183,Pre-Flop,1,204,-204,CALL,0,"['2s', '7s']","['5s', '5h']","['9s', '2h']",,,4,4
183,Pre-Flop,0,204,-204,CHECK,0,"['2s', '7s']","['5s', '5h']","['9s', '2h']",,,100,100
183,Flop,1,204,-204,DISCARD,0,"['2s', '7s']","['5s', '5h']","['9s', '2h', '8d']",,,100,100
183,Flop,1,204,-204,CHECK,0,"['2s', '7s']","['5s', '4h']","['9s', '2h', '8d']",,5h,100,100
183,Flop,0,204,-204,CHECK,0,"['2s', '7s']","['5s', '4h']","['9s', '2h', '8d']",,5h,100,100
183,Turn,1,204,-204,CHECK,0,"['2s', '7s']","['5s', '4h']","['9s', '2h', '8d', '7d']",,5h,100,100
183,Turn,0,204,-204,CHECK,0,"['2s', '7s']","['5s', '4h']","['9s', '2h', '8d', '7d']",,5h,100,100
183,River,1,204,-204,CHECK,0,"['2s', '7s']","['5s', '4h']","['9s', '2h', '8d', '7d', '4s']",,5h,100,100
183,River,0,204,-204,CHECK,0,"['2s', '7s']","['5s', '4h']","['9s', '2h', '8d', '7d', '4s']",,5h,100,100
184,Pre-Flop,0,304,-304,RAISE,98,"['4h', '5h']","['8d', '2d']","['8s', 'Ad']",,,1,1
184,Pre-Flop,1,304,-304,CALL,0,"['4h', '5h']","['8d', '2d']","['8s', 'Ad']",,,2,2
184,Flop,0,304,-304,CHECK,0,"['4h', '5h']","['8d', '2d']","['8s', 'Ad', '3s']",,,100,100
184,Flop,1,304,-304,DISCARD,0,"['4h', '5h']","['8d', '2d']","['8s', 'Ad', '3s']",,,100,100
184,Flop,1,304,-304,CHECK,0,"['4h', '5h']","['8d', '7s']","['8s', 'Ad', '3s']",,2d,100,100
184,Turn,0,304,-304,CHECK,0,"['4h', '5h']","['8d', '7s']","['8s', 'Ad', '3s', '8h']",,2d,100,100
184,Turn,1,304,-304,CHECK,0,"['4h', '5h']","['8d', '7s']","['8s', 'Ad', '3s', '8h']",,2d,100,100
184,River,0,304,-304,CHECK,0,"['4h', '5h']","['8d', '7s']","['8s', 'Ad', '3s', '8h', '7h']",,2d,100,100
184,River,1,304,-304,CHECK,0,"['4h', '5h']","['8d', '7s']","['8s', 'Ad', '3s', '8h', '7h']",,2d,100,100
185,Pre-Flop,1,204,-204,RAISE,2,"['Ad', '3h']","['3d', '6s']","['6h', '5s']",,,1,1
185,Pre-Flop,0,204,-204,RAISE,96,"['Ad', '3h']","['3d', '6s']","['6h', '5s']",,,2,2
185,Pre-Flop,1,204,-204,CALL,0,"['Ad', '3h']","['3d', '6s']","['6h', '5s']",,,4,4
185,Pre-Flop,0,204,-204,CHECK,0,"['Ad', '3h']","['3d', '6s']","['6h', '5s']",,,100,100
185,Flop,1,204,-204,DISCARD,0,"['Ad', '3h']","['3d', '6s']","['6h', '5s', '7h']",,,100,100
185,Flop,1,204,-204,CHECK,0,"['Ad', '3h']","['6d', '6s']","['6h', '5s', '7h']",,3d,100,100
185,Flop,0,204,-204,CHECK,0,"['Ad', '3h']","['6d', '6s']","['6h', '5s', '7h']",,3d,100,100
185,Turn,1,204,-204,CHECK,0,"['Ad', '3h']","['6d', '6s']","['6h', '5s', '7h', '5h']",,3d,100,100
185,Turn,0,204,-204,CHECK,0,"['Ad', '3h']","['6d', '6s']","['6h', '5s', '7h', '5h']",,3d,100,100
185,River,1,204,-204,CHECK,0,"['Ad', '3h']","['6d', '6s']","['6h', '5s', '7h', '5h', '4s']",,3d,100,100
185,River,0,204,-204,CHECK,0,"['Ad', '3h']","['6d', '6s']","['6h', '5s', '7h', '5h', '4s']",,3d,100,100
186,Pre-Flop,0,104,-104,RAISE,98,"['8h', '7s']","['2h', '3s']","['9h', '5h']",,,1,1
186,Pre-Flop,1,104,-104,CALL,0,"['8h', '7s']","['2h', '3s']","['9h', '5h']",,,2,2
186,Flop,0,104,-104,CHECK,0,"['8h', '7s']","['2h', '3s']","['9h', '5h', '7d']",,,100,100
186,Flop,1,104,-104,DISCARD,0,"['8h', '7s']","['2h', '3s']","['9h', '5h', '7d']",,,100,100
186,Flop,1,104,-104,CHECK,0,"['8h', '7s']","['2h', '6s']","['9h', '5h', '7d']",,3s,100,100
186,Turn,0,104,-104,CHECK,0,"['8h', '7s']","['2h', '6s']","['9h', '5h', '7d', 'As']",,3s,100,100
186,Turn,1,104,-104,CHECK,0,"['8h', '7s']","['2h', '6s']","['9h', '5h', '7d', 'As']",,3s,100,100
186,River,0,104,-104,CHECK,0,"['8h', '7s']","['2h', '6s']","['9h', '5h', '7d', 'As', '4h']",,3s,100,100
186,River,1,104,-104,CHECK,0,"['8h', '7s']","['2h', '6s']","['9h', '5h', '7d', 'As', '4h']",,3s,100,100
187,Pre-Flop,1,204,-204,DISCARD,0,"['Ah', '6d']","['9s', '9d']","['8s', '4s']",,,1,1
187,Pre-Flop,1,204,-204,RAISE,2,"['Ah', '6d']","['9s', '5d']","['8s', '4s']",,9d,1,1
187,Pre-Flop,0,204,-204,RAISE,96,"['Ah', '6d']","['9s', '5d']","['8s', '4s']",,9d,2,2
187,Pre-Flop,1,204,-204,CALL,0,"['Ah', '6d']","['9s', '5d']","['8s', '4s']",,9d,4,4
187,Pre-Flop,0,204,-204,CHECK,0,"['Ah', '6d']","['9s', '5d']","['8s', '4s']",,9d,100,100
187,Flop,1,204,-204,CHECK,0,"['Ah', '6d']","['9s', '5d']","['8s', '4s', '5s']",,9d,100,100
187,Flop,0,204,-204,CHECK,0,"['Ah', '6d']","['9s', '5d']","['8s', '4s', '5s']",,9d,100,100
187,Turn,1,204,-204,CHECK,0,"['Ah', '6d']","['9s', '5d']","['8s', '4s', '5s', '2h']",,9d,100,100
187,Turn,0,204,-204,CHECK,0,"['Ah', '6d']","['9s', '5d']","['8s', '4s', '5s', '2h']",,9d,100,100
187,River,1,204,-204,CHECK,0,"['Ah', '6d']","['9s', '5d']","['8s', '4s', '5s', '2h', '3s']",,9d,100,100
187,River,0,204,-204,CHECK,0,"['Ah', '6d']","['9s', '5d']","['8s', '4s', '5s', '2h', '3s']",,9d,100,100
188,Pre-Flop,0,104,-104,RAISE,98,"['4d', '3s']","['8d', '4h']","['6s', '6h']",,,1,1
188,Pre-Flop,1,104,-104,CALL,0,"['4d', '3s']","['8d', '4h']","['6s', '6h']",,,2,2
188,Flop,0,104,-104,CHECK,0,"['4d', '3s']","['8d', '4h']","['6s', '6h', '7d']",,,100,100
188,Flop,1,104,-104,DISCARD,0,"['4d', '3s']","['8d', '4h']","['6s', '6h', '7d']",,,100,100
188,Flop,1,104,-104,CHECK,0,"['4d', '3s']","['8d', '2h']","['6s', '6h', '7d']",,4h,100,100
188,Turn,0,104,-104,CHECK,0,"['4d', '3s']","['8d', '2h']","['6s', '6h', '7d', '4s']",,4h,100,100
188,Turn,1,104,-104,CHECK,0,"['4d', '3s']","['8d', '2h']","['6s', '6h', '7d', '4s']",,4h,100,100
188,River,0,104,-104,CHECK,0,"['4d', '3s']","['8d', '2h']","['6s', '6h', '7d', '4s', '6d']",,4h,100,100
188,River,1,104,-104,CHECK,0,"['4d', '3s']","['8d', '2h']","['6s', '6h', '7d', '4s', '6d']",,4h,100,100
189,Pre-Flop,1,204,-204,RAISE,2,"['8h', '4h']","['6s', 'Ad']","['4d', '3h']",,,1,1
189,Pre-Flop,0,204,-204,RAISE,96,"['8h', '4h']","['6s', 'Ad']","['4d', '3h']",,,2,2
189,Pre-Flop,1,204,-204,CALL,0,"['8h', '4h']","['6s', 'Ad']","['4d', '3h']",,,4,4
189,Pre-Flop,0,204,-204,CHECK,0,"['8h', '4h']","['6s', 'Ad']","['4d', '3h']",,,100,100
189,Flop,1,204,-204,DISCARD,0,"['8h', '4h']","['6s', 'Ad']","['4d', '3h', '9s']",,,100,100
189,Flop,1,204,-204,CHECK,0,"['8h', '4h']","['6s', '8d']","['4d', '3h', '9s']",,Ad,100,100
189,Flop,0,204,-204,CHECK,0,"['8h', '4h']","['6s', '8d']","['4d', '3h', '9s']",,Ad,100,100
189,Turn,1,204,-204,CHECK,0,"['8h', '4h']","['6s', '8d']","['4d', '3h', '9s', '6d']",,Ad,100,100
189,Turn,0,204,-204,CHECK,0,"['8h', '4h']","['6s', '8d']","['4d', '3h', '9s', '6d']",,Ad,100,100
189,River,1,204,-204,CHECK,0,"['8h', '4h']","['6s', '8d']","['4d', '3h', '9s', '6d', '9d']",,Ad,100,100
189,River,0,204,-204,CHECK,0,"['8h', '4h']","['6s', '8d']","['4d', '3h', '9s', '6d', '9d']",,Ad,100,100
190,Pre-Flop,0,104,-104,RAISE,98,"['Ad', '2h']","['4d', '9h']","['2s', '3d']",,,1,1
190,Pre-Flop,1,104,-104,CALL,0,"['Ad', '2h']","['4d', '9h']","['2s', '3d']",,,2,2
190,Flop,0,104,-104,CHECK,0,"['Ad', '2h']","['4d', '9h']","['2s', '3d', 'As']",,,100,100
190,Flop,1,104,-104,DISCARD,0,"['Ad', '2h']","['4d', '9h']","['2s', '3d', 'As']",,,100,100
190,Flop,1,104,-104,CHECK,0,"['Ad', '2h']","['4d', '8d']","['2s', '3d', 'As']",,9h,100,100
190,Turn,0,104,-104,CHECK,0,"['Ad', '2h']","['4d', '8d']","['2s', '3d', 'As', '8s']",,9h,100,100
190,Turn,1,104,-104,CHECK,0,"['Ad', '2h']","['4d', '8d']","['2s', '3d', 'As', '8s']",,9h,100,100
190,River,0,104,-104,CHECK,0,"['Ad', '2h']","['4d', '8d']","['2s', '3d', 'As', '8s', '2d']",,9h,100,100
190,River,1,104,-104,CHECK,0,"['Ad', '2h']","['4d', '8d']","['2s', '3d', 'As', '8s', '2d']",,9h,100,100
191,Pre-Flop,1,204,-204,RAISE,2,"['7s', '3d']","['5s', '6h']","['Ah', '8s']",,,1,1
191,Pre-Flop,0,204,-204,RAISE,96,"['7s', '3d']","['5s', '6h']","['Ah', '8s']",,,2,2
191,Pre-Flop,1,204,-204,CALL,0,"['7s', '3d']","['5s', '6h']","['Ah', '8s']",,,4,4
191,Pre-Flop,0,204,-204,CHECK,0,"['7s', '3d']","['5s', '6h']","['Ah', '8s']",,,100,100
191,Flop,1,204,-204,DISCARD,0,"['7s', '3d']","['5s', '6h']","['Ah', '8s', '9s']",,,100,100
191,Flop,1,204,-204,CHECK,0,"['7s', '3d']","['5s', '6s']","['Ah', '8s', '9s']",,6h,100,100
191,Flop,0,204,-204,CHECK,0,"['7s', '3d']","['5s', '6s']","['Ah', '8s', '9s']",,6h,100,100
191,Turn,1,204,-204,CHECK,0,"['7s', '3d']","['5s', '6s']","['Ah', '8s', '9s', '9h']",,6h,100,100
191,Turn,0,204,-204,CHECK,0,"['7s', '3d']","['5s', '6s']","['Ah', '8s', '9s', '9h']",,6h,100,100
191,River,1,204,-204,CHECK,0,"['7s', '3d']","['5s', '6s']","['Ah', '8s', '9s', '9h', '8h']",,6h,100,100
191,River,0,204,-204,CHECK,0,"['7s', '3d']","['5s', '6s']","['Ah', '8s', '9s', '9h', '8h']",,6h,100,100
192,Pre-Flop,0,204,-204,RAISE,98,"['9s', '2h']","['3d', '6h']","['4s', '7s']",,,1,1
192,Pre-Flop,1,204,-204,CALL,0,"['9s', '2h']","['3d', '6h']","['4s', '7s']",,,2,2
192,Flop,0,204,-204,CHECK,0,"['9s', '2h']","['3d', '6h']","['4s', '7s', '7d']",,,100,100
192,Flop,1,204,-204,DISCARD,0,"['9s', '2h']","['3d', '6h']","['4s', '7s', '7d']",,,100,100
192,Flop,1,204,-204,CHECK,0,"['9s', '2h']","['3d', '8s']","['4s', '7s', '7d']",,6h,100,100
192,Turn,0,204,-204,CHECK,0,"['9s', '2h']","['3d', '8s']","['4s', '7s', '7d', '9d']",,6h,100,100
192,Turn,1,204,-204,CHECK,0,"['9s', '2h']","['3d', '8s']","['4s', '7s', '7d', '9d']",,6h,100,100
192,River,0,204,-204,CHECK,0,"['9s', '2h']","['3d', '8s']","['4s', '7s', '7d', '9d', '4h']",,6h,100,100
192,River,1,204,-204,CHECK,0,"['9s', '2h']","['3d', '8s']","['4s', '7s', '7d', '9d', '4h']",,6h,100,100
193,Pre-Flop,1,304,-304,RAISE,3,"['5s', '9s']","['As', 'Ah']","['8h', '7s']",,,1,1
193,Pre-Flop,0,304,-304,RAISE,95,"['5s', '9s']","['As', 'Ah']","['8h', '7s']",,,2,2
193,Pre-Flop,1,304,-304,CALL,0,"['5s', '9s']","['As', 'Ah']","['8h', '7s']",,,5,5
193,Pre-Flop,0,304,-304,CHECK,0,"['5s', '9s']","['As', 'Ah']","['8h', '7s']",,,100,100
193,Flop,1,304,-304,CHECK,0,"['5s', '9s']","['As', 'Ah']","['8h', '7s', '8s']",,,100,100
193,Flop,0,304,-304,CHECK,0,"['5s', '9s']","['As', 'Ah']","['8h', '7s', '8s']",,,100,100
193,Turn,1,304,-304,CHECK,0,"['5s', '9s']","['As', 'Ah']","['8h', '7s', '8s', '7d']",,,100,100
193,Turn,0,304,-304,CHECK,0,"['5s', '9s']","['As', 'Ah']","['8h', '7s', '8s', '7d']",,,100,100
193,River,1,304,-304,CHECK,0,"['5s', '9s']","['As', 'Ah']","['8h', '7s', '8s', '7d', '4h']",,,100,100
193,River,0,304,-304,CHECK,0,"['5s', '9s']","['As', 'Ah']","['8h', '7s', '8s', '7d', '4h']",,,100,100
194,Pre-Flop,0,204,-204,RAISE,98,"['7h', '9d']","['2s', '3h']","['Ad', '6s']",,,1,1
194,Pre-Flop,1,204,-204,CALL,0,"['7h', '9d']","['2s', '3h']","['Ad', '6s']",,,2,2
194,Flop,0,204,-204,CHECK,0,"['7h', '9d']","['2s', '3h']","['Ad', '6s', '3s']",,,100,100
194,Flop,1,204,-204,DISCARD,0,"['7h', '9d']","['2s', '3h']","['Ad', '6s', '3s']",,,100,100
194,Flop,1,204,-204,CHECK,0,"['7h', '9d']","['2s', '5d']","['Ad', '6s', '3s']",,3h,100,100
194,Turn,0,204,-204,CHECK,0,"['7h', '9d']","['2s', '5d']","['Ad', '6s', '3s', '6d']",,3h,100,100
194,Turn,1,204,-204,CHECK,0,"['7h', '9d']","['2s', '5d']","['Ad', '6s', '3s', '6d']",,3h,100,100
194,River,0,204,-204,CHECK,0,"['7h', '9d']","['2s', '5d']","['Ad', '6s', '3s', '6d', 'As']",,3h,100,100
194,River,1,204,-204,CHECK,0,"['7h', '9d']","['2s', '5d']","['Ad', '6s', '3s', '6d', 'As']",,3h,100,100
195,Pre-Flop,1,304,-304,RAISE,3,"['7d', '6s']","['2s', '8s']","['9h', 'Ah']",,,1,1
195,Pre-Flop,0,304,-304,RAISE,95,"['7d', '6s']","['2s', '8s']","['9h', 'Ah']",,,2,2
195,Pre-Flop,1,304,-304,CALL,0,"['7d', '6s']","['2s', '8s']","['9h', 'Ah']",,,5,5
195,Pre-Flop,0,304,-304,CHECK,0,"['7d', '6s']","['2s', '8s']","['9h', 'Ah']",,,100,100
195,Flop,1,304,-304,DISCARD,0,"['7d', '6s']","['2s', '8s']","['9h', 'Ah', 'As']",,,100,100
195,Flop,1,304,-304,CHECK,0,"['7d', '6s']","['Ad', '8s']","['9h', 'Ah', 'As']",,2s,100,100
195,Flop,0,304,-304,CHECK,0,"['7d', '6s']","['Ad', '8s']","['9h', 'Ah', 'As']",,2s,100,100
195,Turn,1,304,-304,CHECK,0,"['7d', '6s']","['Ad', '8s']","['9h', 'Ah', 'As', '7h']",,2s,100,100
195,Turn,0,304,-304,CHECK,0,"['7d', '6s']","['Ad', '8s']","['9h', 'Ah', 'As', '7h']",,2s,100,100
195,River,1,304,-304,CHECK,0,"['7d', '6s']","['Ad', '8s']","['9h', 'Ah', 'As', '7h', '5s']",,2s,100,100
195,River,0,304,-304,CHECK,0,"['7d', '6s']","['Ad', '8s']","['9h', 'Ah', 'As', '7h', '5s']",,2s,100,100
196,Pre-Flop,0,204,-204,RAISE,98,"['Ah', '6h']","['3d', '5h']","['7d', '2s']",,,1,1
196,Pre-Flop,1,204,-204,CALL,0,"['Ah', '6h']","['3d', '5h']","['7d', '2s']",,,2,2
196,Flop,0,204,-204,CHECK,0,"['Ah', '6h']","['3d', '5h']","['7d', '2s', 'As']",,,100,100
196,Flop,1,204,-204,DISCARD,0,"['Ah', '6h']","['3d', '5h']","['7d', '2s', 'As']",,,100,100
196,Flop,1,204,-204,CHECK,0,"['Ah', '6h']","['3d', '7s']","['7d', '2s', 'As']",,5h,100,100
196,Turn,0,204,-204,CHECK,0,"['Ah', '6h']","['3d', '7s']","['7d', '2s', 'As', '5d']",,5h,100,100
196,Turn,1,204,-204,CHECK,0,"['Ah', '6h']","['3d', '7s']","['7d', '2s', 'As', '5d']",,5h,100,100
196,River,0,204,-204,CHECK,0,"['Ah', '6h']","['3d', '7s']","['7d', '2s', 'As', '5d', '8h']",,5h,100,100
196,River,1,204,-204,CHECK,0,"['Ah', '6h']","['3d', '7s']","['7d', '2s', 'As', '5d', '8h']",,5h,100,100
197,Pre-Flop,1,304,-304,RAISE,2,"['Ad', '2s']","['3d', '8s']","['6d', '4h']",,,1,1
197,Pre-Flop,0,304,-304,RAISE,96,"['Ad', '2s']","['3d', '8s']","['6d', '4h']",,,2,2
197,Pre-Flop,1,304,-304,CALL,0,"['Ad', '2s']","['3d', '8s']","['6d', '4h']",,,4,4
197,Pre-Flop,0,304,-304,CHECK,0,"['Ad', '2s']","['3d', '8s']","['6d', '4h']",,,100,100
197,Flop,1,304,-304,DISCARD,0,"['Ad', '2s']","['3d', '8s']","['6d', '4h', '7s']",,,100,100
197,Flop,1,304,-304,CHECK,0,"['Ad', '2s']","['2h', '8s']","['6d', '4h', '7s']",,3d,100,100
197,Flop,0,304,-304,CHECK,0,"['Ad', '2s']","['2h', '8s']","['6d', '4h', '7s']",,3d,100,100
197,Turn,1,304,-304,CHECK,0,"['Ad', '2s']","['2h', '8s']","['6d', '4h', '7s', '6s']",,3d,100,100
197,Turn,0,304,-304,CHECK,0,"['Ad', '2s']","['2h', '8s']","['6d', '4h', '7s', '6s']",,3d,100,100
197,River,1,304,-304,CHECK,0,"['Ad', '2s']","['2h', '8s']","['6d', '4h', '7s', '6s', '3h']",,3d,100,100
197,River,0,304,-304,CHECK,0,"['Ad', '2s']","['2h', '8s']","['6d', '4h', '7s', '6s', '3h']",,3d,100,100
198,Pre-Flop,0,404,-404,RAISE,98,"['6s', '3h']","['6d', '7d']","['5s', '2s']",,,1,1
198,Pre-Flop,1,404,-404,CALL,0,"['6s', '3h']","['6d', '7d']","['5s', '2s']",,,2,2
198,Flop,0,404,-404,CHECK,0,"['6s', '3h']","['6d', '7d']","['5s', '2s', '5h']",,,100,100
198,Flop,1,404,-404,CHECK,0,"['6s', '3h']","['6d', '7d']","['5s', '2s', '5h']",,,100,100
198,Turn,0,404,-404,CHECK,0,"['6s', '3h']","['6d', '7d']","['5s', '2s', '5h', 'As']",,,100,100
198,Turn,1,404,-404,CHECK,0,"['6s', '3h']","['6d', '7d']","['5s', '2s', '5h', 'As']",,,100,100
198,River,0,404,-404,CHECK,0,"['6s', '3h']","['6d', '7d']","['5s', '2s', '5h', 'As', '2h']",,,100,100
198,River,1,404,-404,CHECK,0,"['6s', '3h']","['6d', '7d']","['5s', '2s', '5h', 'As', '2h']",,,100,100
199,Pre-Flop,1,404,-404,RAISE,2,"['8s', '8h']","['5h', '5s']","['5d', '3h']",,,1,1
199,Pre-Flop,0,404,-404,RAISE,96,"['8s', '8h']","['5h', '5s']","['5d', '3h']",,,2,2
199,Pre-Flop,1,404,-404,CALL,0,"['8s', '8h']","['5h', '5s']","['5d', '3h']",,,4,4
199,Pre-Flop,0,404,-404,CHECK,0,"['8s', '8h']","['5h', '5s']","['5d', '3h']",,,100,100
199,Flop,1,404,-404,DISCARD,0,"['8s', '8h']","['5h', '5s']","['5d', '3h', '7h']",,,100,100
199,Flop,1,404,-404,CHECK,0,"['8s', '8h']","['5h', '2h']","['5d', '3h', '7h']",,5s,100,100
199,Flop,0,404,-404,CHECK,0,"['8s', '8h']","['5h', '2h']","['5d', '3h', '7h']",,5s,100,100
199,Turn,1,404,-404,CHECK,0,"['8s', '8h']","['5h', '2h']","['5d', '3h', '7h', '8d']",,5s,100,100
199,Turn,0,404,-404,CHECK,0,"['8s', '8h']","['5h', '2h']","['5d', '3h', '7h', '8d']",,5s,100,100
199,River,1,404,-404,CHECK,0,"['8s', '8h']","['5h', '2h']","['5d', '3h', '7h', '8d', '3d']",,5s,100,100
199,River,0,404,-404,CHECK,0,"['8s', '8h']","['5h', '2h']","['5d', '3h', '7h', '8d', '3d']",,5s,100,100
200,Pre-Flop,0,504,-504,RAISE,98,"['7h', '9d']","['7s', '7d']","['2d', 'Ad']",,,1,1
200,Pre-Flop,1,504,-504,CALL,0,"['7h', '9d']","['7s', '7d']","['2d', 'Ad']",,,2,2
200,Flop,0,504,-504,CHECK,0,"['7h', '9d']","['7s', '7d']","['2d', 'Ad', '2h']",,,100,100
200,Flop,1,504,-504,DISCARD,0,"['7h', '9d']","['7s', '7d']","['2d', 'Ad', '2h']",,,100,100
200,Flop,1,504,-504,CHECK,0,"['7h', '9d']","['9h', '7d']","['2d', 'Ad', '2h']",,7s,100,100
200,Turn,0,504,-504,CHECK,0,"['7h', '9d']","['9h', '7d']","['2d', 'Ad', '2h', '2s']",,7s,100,100
200,Turn,1,504,-504,CHECK,0,"['7h', '9d']","['9h', '7d']","['2d', 'Ad', '2h', '2s']",,7s,100,100
200,River,0,504,-504,CHECK,0,"['7h', '9d']","['9h', '7d']","['2d', 'Ad', '2h', '2s', '6d']",,7s,100,100
200,River,1,504,-504,CHECK,0,"['7h', '9d']","['9h', '7d']","['2d', 'Ad', '2h', '2s', '6d']",,7s,100,100
201,Pre-Flop,1,504,-504,RAISE,2,"['5s', '5d']","['6d', '8s']","['7d', '6s']",,,1,1
201,Pre-Flop,0,504,-504,RAISE,96,"['5s', '5d']","['6d', '8s']","['7d', '6s']",,,2,2
201,Pre-Flop,1,504,-504,CALL,0,"['5s', '5d']","['6d', '8s']","['7d', '6s']",,,4,4
201,Pre-Flop,0,504,-504,CHECK,0,"['5s', '5d']","['6d', '8s']","['7d', '6s']",,,100,100
201,Flop,1,504,-504,DISCARD,0,"['5s', '5d']","['6d', '8s']","['7d', '6s', '3s']",,,100,100
201,Flop,1,504,-504,CHECK,0,"['5s', '5d']","['6d', '4d']","['7d', '6s', '3s']",,8s,100,100
201,Flop,0,504,-504,CHECK,0,"['5s', '5d']","['6d', '4d']","['7d', '6s', '3s']",,8s,100,100
201,Turn,1,504,-504,CHECK,0,"['5s', '5d']","['6d', '4d']","['7d', '6s', '3s', '4h']",,8s,100,100
201,Turn,0,504,-504,CHECK,0,"['5s', '5d']","['6d', '4d']","['7d', '6s', '3s', '4h']",,8s,100,100
201,River,1,504,-504,CHECK,0,"['5s', '5d']","['6d', '4d']","['7d', '6s', '3s', '4h', '8h']",,8s,100,100
201,River,0,504,-504,CHECK,0,"['5s', '5d']","['6d', '4d']","['7d', '6s', '3s', '4h', '8h']",,8s,100,100
202,Pre-Flop,0,604,-604,RAISE,98,"['4d', '7d']","['3h', '9s']","['9h', '3d']",,,1,1
202,Pre-Flop,1,604,-604,CALL,0,"['4d', '7d']","['3h', '9s']","['9h', '3d']",,,2,2
202,Flop,0,604,-604,CHECK,0,"['4d', '7d']","['3h', '9s']","['9h', '3d', '8h']",,,100,100
202,Flop,1,604,-604,DISCARD,0,"['4d', '7d']","['3h', '9s']","['9h', '3d', '8h']",,,100,100
202,Flop,1,604,-604,CHECK,0,"['4d', '7d']","['Ad', '9s']","['9h', '3d', '8h']",,3h,100,100
202,Turn,0,604,-604,CHECK,0,"['4d', '7d']","['Ad', '9s']","['9h', '3d', '8h', '2s']",,3h,100,100
202,Turn,1,604,-604,CHECK,0,"['4d', '7d']","['Ad', '9s']","['9h', '3d', '8h', '2s']",,3h,100,100
202,River,0,604,-604,CHECK,0,"['4d', '7d']","['Ad', '9s']","['9h', '3d', '8h', '2s', '6s']",,3h,100,100
202,River,1,604,-604,CHECK,0,"['4d', '7d']","['Ad', '9s']","['9h', '3d', '8h', '2s', '6s']",,3h,100,100
203,Pre-Flop,1,504,-504,RAISE,2,"['6d', '5h']","['4d', '6s']","['8d', 'As']",,,1,1
203,Pre-Flop,0,504,-504,RAISE,96,"['6d', '5h']","['4d', '6s']","['8d', 'As']",,,2,2
203,Pre-Flop,1,504,-504,CALL,0,"['6d', '5h']","['4d', '6s']","['8d', 'As']",,,4,4
203,Pre-Flop,0,504,-504,CHECK,0,"['6d', '5h']","['4d', '6s']","['8d', 'As']",,,100,100
203,Flop,1,504,-504,DISCARD,0,"['6d', '5h']","['4d', '6s']","['8d', 'As', '4s']",,,100,100
203,Flop,1,504,-504,CHECK,0,"['6d', '5h']","['2h', '6s']","['8d', 'As', '4s']",,4d,100,100
203,Flop,0,504,-504,CHECK,0,"['6d', '5h']","['2h', '6s']","['8d', 'As', '4s']",,4d,100,100
203,Turn,1,504,-504,CHECK,0,"['6d', '5h']","['2h', '6s']","['8d', 'As', '4s', '8h']",,4d,100,100
203,Turn,0,504,-504,CHECK,0,"['6d', '5h']","['2h', '6s']","['8d', 'As', '4s', '8h']",,4d,100,100
203,River,1,504,-504,CHECK,0,"['6d', '5h']","['2h', '6s']","['8d', 'As', '4s', '8h', '9d']",,4d,100,100
203,River,0,504,-504,CHECK,0,"['6d', '5h']","['2h', '6s']","['8d', 'As', '4s', '8h', '9d']",,4d,100,100
204,Pre-Flop,0,504,-504,RAISE,98,"['3h', 'Ah']","['7d', '8d']","['8s', '6h']",,,1,1
204,Pre-Flop,1,504,-504,CALL,0,"['3h', 'Ah']","['7d', '8d']","['8s', '6h']",,,2,2
204,Flop,0,504,-504,CHECK,0,"['3h', 'Ah']","['7d', '8d']","['8s', '6h', '2d']",,,100,100
204,Flop,1,504,-504,DISCARD,0,"['3h', 'Ah']","['7d', '8d']","['8s', '6h', '2d']",,,100,100
204,Flop,1,504,-504,CHECK,0,"['3h', 'Ah']","['7d', '6d']","['8s', '6h', '2d']",,8d,100,100
204,Turn,0,504,-504,CHECK,0,"['3h', 'Ah']","['7d', '6d']","['8s', '6h', '2d', '7s']",,8d,100,100
204,Turn,1,504,-504,CHECK,0,"['3h', 'Ah']","['7d', '6d']","['8s', '6h', '2d', '7s']",,8d,100,100
204,River,0,504,-504,CHECK,0,"['3h', 'Ah']","['7d', '6d']","['8s', '6h', '2d', '7s', '4d']",,8d,100,100
204,River,1,504,-504,CHECK,0,"['3h', 'Ah']","['7d', '6d']","['8s', '6h', '2d', '7s', '4d']",,8d,100,100
205,Pre-Flop,1,404,-404,RAISE,2,"['5d', '3h']","['2d', '3d']","['9s', '4h']",,,1,1
205,Pre-Flop,0,404,-404,RAISE,96,"['5d', '3h']","['2d', '3d']","['9s', '4h']",,,2,2
205,Pre-Flop,1,404,-404,CALL,0,"['5d', '3h']","['2d', '3d']","['9s', '4h']",,,4,4
205,Pre-Flop,0,404,-404,CHECK,0,"['5d', '3h']","['2d', '3d']","['9s', '4h']",,,100,100
205,Flop,1,404,-404,CHECK,0,"['5d', '3h']","['2d', '3d']","['9s', '4h', '6s']",,,100,100
205,Flop,0,404,-404,CHECK,0,"['5d', '3h']","['2d', '3d']","['9s', '4h', '6s']",,,100,100
205,Turn,1,404,-404,CHECK,0,"['5d', '3h']","['2d', '3d']","['9s', '4h', '6s', '5s']",,,100,100
205,Turn,0,404,-404,CHECK,0,"['5d', '3h']","['2d', '3d']","['9s', '4h', '6s', '5s']",,,100,100
205,River,1,404,-404,CHECK,0,"['5d', '3h']","['2d', '3d']","['9s', '4h', '6s', '5s', '2h']",,,100,100
205,River,0,404,-404,CHECK,0,"['5d', '3h']","['2d', '3d']","['9s', '4h', '6s', '5s', '2h']",,,100,100
206,Pre-Flop,0,404,-404,RAISE,98,"['4s', '3s']","['7s', '6s']","['2h', 'Ad']",,,1,1
206,Pre-Flop,1,404,-404,DISCARD,0,"['4s', '3s']","['7s', '6s']","['2h', 'Ad']",,,2,2
206,Pre-Flop,1,404,-404,CALL,0,"['4s', '3s']","['7s', '3d']","['2h', 'Ad']",,6s,2,2
206,Flop,0,404,-404,CHECK,0,"['4s', '3s']","['7s', '3d']","['2h', 'Ad', '8h']",,6s,100,100
206,Flop,1,404,-404,CHECK,0,"['4s', '3s']","['7s', '3d']","['2h', 'Ad', '8h']",,6s,100,100
206,Turn,0,404,-404,CHECK,0,"['4s', '3s']","['7s', '3d']","['2h', 'Ad', '8h', '6h']",,6s,100,100
206,Turn,1,404,-404,CHECK,0,"['4s', '3s']","['7s', '3d']","['2h', 'Ad', '8h', '6h']",,6s,100,100
206,River,0,404,-404,CHECK,0,"['4s', '3s']","['7s', '3d']","['2h', 'Ad', '8h', '6h', '2s']",,6s,100,100
206,River,1,404,-404,CHECK,0,"['4s', '3s']","['7s', '3d']","['2h', 'Ad', '8h', '6h', '2s']",,6s,100,100
207,Pre-Flop,1,304,-304,DISCARD,0,"['8s', '9d']","['7h', '2s']","['8h', '4h']",,,1,1
207,Pre-Flop,1,304,-304,RAISE,2,"['8s', '9d']","['3h', '2s']","['8h', '4h']",,7h,1,1
207,Pre-Flop,0,304,-304,RAISE,96,"['8s', '9d']","['3h', '2s']","['8h', '4h']",,7h,2,2
207,Pre-Flop,1,304,-304,CALL,0,"['8s', '9d']","['3h', '2s']","['8h', '4h']",,7h,4,4
207,Pre-Flop,0,304,-304,CHECK,0,"['8s', '9d']","['3h', '2s']","['8h', '4h']",,7h,100,100
207,Flop,1,304,-304,CHECK,0,"['8s', '9d']","['3h', '2s']","['8h', '4h', '4s']",,7h,100,100
207,Flop,0,304,-304,CHECK,0,"['8s', '9d']","['3h', '2s']","['8h', '4h', '4s']",,7h,100,100
207,Turn,1,304,-304,CHECK,0,"['8s', '9d']","['3h', '2s']","['8h', '4h', '4s', '9h']",,7h,100,100
207,Turn,0,304,-304,CHECK,0,"['8s', '9d']","['3h', '2s']","['8h', '4h', '4s', '9h']",,7h,100,100
207,River,1,304,-304,CHECK,0,"['8s', '9d']","['3h', '2s']","['8h', '4h', '4s', '9h', '5d']",,7h,100,100
207,River,0,304,-304,CHECK,0,"['8s', '9d']","['3h', '2s']","['8h', '4h', '4s', '9h', '5d']",,7h,100,100
208,Pre-Flop,0,404,-404,RAISE,98,"['4h', 'As']","['8s', '8h']","['2h', '6d']",,,1,1
208,Pre-Flop,1,404,-404,CALL,0,"['4h', 'As']","['8s', '8h']","['2h', '6d']",,,2,2
208,Flop,0,404,-404,CHECK,0,"['4h', 'As']","['8s', '8h']","['2h', '6d', '2s']",,,100,100
208,Flop,1,404,-404,DISCARD,0,"['4h', 'As']","['8s', '8h']","['2h', '6d', '2s']",,,100,100
208,Flop,1,404,-404,CHECK,0,"['4h', 'As']","['6h', '8h']","['2h', '6d', '2s']",,8s,100,100
208,Turn,0,404,-404,CHECK,0,"['4h', 'As']","['6h', '8h']","['2h', '6d', '2s', '3d']",,8s,100,100
208,Turn,1,404,-404,CHECK,0,"['4h', 'As']","['6h', '8h']","['2h', '6d', '2s', '3d']",,8s,100,100
208,River,0,404,-404,CHECK,0,"['4h', 'As']","['6h', '8h']","['2h', '6d', '2s', '3d', '7h']",,8s,100,100
208,River,1,404,-404,CHECK,0,"['4h', 'As']","['6h', '8h']","['2h', '6d', '2s', '3d', '7h']",,8s,100,100
209,Pre-Flop,1,304,-304,CALL,0,"['4h', '8s']","['2d', '6h']","['9d', '5s']",,,1,1
209,Pre-Flop,0,304,-304,RAISE,98,"['4h', '8s']","['2d', '6h']","['9d', '5s']",,,2,2
209,Pre-Flop,1,304,-304,CALL,0,"['4h', '8s']","['2d', '6h']","['9d', '5s']",,,2,2
209,Pre-Flop,0,304,-304,CHECK,0,"['4h', '8s']","['2d', '6h']","['9d', '5s']",,,100,100
209,Flop,1,304,-304,DISCARD,0,"['4h', '8s']","['2d', '6h']","['9d', '5s', '4s']",,,100,100
209,Flop,1,304,-304,CHECK,0,"['4h', '8s']","['2d', '3h']","['9d', '5s', '4s']",,6h,100,100
209,Flop,0,304,-304,CHECK,0,"['4h', '8s']","['2d', '3h']","['9d', '5s', '4s']",,6h,100,100
209,Turn,1,304,-304,CHECK,0,"['4h', '8s']","['2d', '3h']","['9d', '5s', '4s', '4d']",,6h,100,100
209,Turn,0,304,-304,CHECK,0,"['4h', '8s']","['2d', '3h']","['9d', '5s', '4s', '4d']",,6h,100,100
209,River,1,304,-304,CHECK,0,"['4h', '8s']","['2d', '3h']","['9d', '5s', '4s', '4d', '8h']",,6h,100,100
209,River,0,304,-304,CHECK,0,"['4h', '8s']","['2d', '3h']","['9d', '5s', '4s', '4d', '8h']",,6h,100,100
210,Pre-Flop,0,404,-404,RAISE,98,"['8h', '3d']","['6d', '6s']","['2h', '6h']",,,1,1
210,Pre-Flop,1,404,-404,CALL,0,"['8h', '3d']","['6d', '6s']","['2h', '6h']",,,2,2
210,Flop,0,404,-404,CHECK,0,"['8h', '3d']","['6d', '6s']","['2h', '6h', '2d']",,,100,100
210,Flop,1,404,-404,DISCARD,0,"['8h', '3d']","['6d', '6s']","['2h', '6h', '2d']",,,100,100
210,Flop,1,404,-404,CHECK,0,"['8h', '3d']","['6d', 'Ad']","['2h', '6h', '2d']",,6s,100,100
210,Turn,0,404,-404,CHECK,0,"['8h', '3d']","['6d', 'Ad']","['2h', '6h', '2d', 'Ah']",,6s,100,100
210,Turn,1,404,-404,CHECK,0,"['8h', '3d']","['6d', 'Ad']","['2h', '6h', '2d', 'Ah']",,6s,100,100
210,River,0,404,-404,CHECK,0,"['8h', '3d']","['6d', 'Ad']","['2h', '6h', '2d', 'Ah', '4s']",,6s,100,100
210,River,1,404,-404,CHECK,0,"['8h', '3d']","['6d', 'Ad']","['2h', '6h', '2d', 'Ah', '4s']",,6s,100,100
211,Pre-Flop,1,304,-304,RAISE,2,"['4s', '9d']","['6s', '2s']","['8s', '3h']",,,1,1
211,Pre-Flop,0,304,-304,RAISE,96,"['4s', '9d']","['6s', '2s']","['8s', '3h']",,,2,2
211,Pre-Flop,1,304,-304,CALL,0,"['4s', '9d']","['6s', '2s']","['8s', '3h']",,,4,4
211,Pre-Flop,0,304,-304,CHECK,0,"['4s', '9d']","['6s', '2s']","['8s', '3h']",,,100,100
211,Flop,1,304,-304,DISCARD,0,"['4s', '9d']","['6s', '2s']","['8s', '3h', 'As']",,,100,100
211,Flop,1,304,-304,CHECK,0,"['4s', '9d']","['6s', '7d']","['8s', '3h', 'As']",,2s,100,100
211,Flop,0,304,-304,CHECK,0,"['4s', '9d']","['6s', '7d']","['8s', '3h', 'As']",,2s,100,100
211,Turn,1,304,-304,CHECK,0,"['4s', '9d']","['6s', '7d']","['8s', '3h', 'As', '8d']",,2s,100,100
211,Turn,0,304,-304,CHECK,0,"['4s', '9d']","['6s', '7d']","['8s', '3h', 'As', '8d']",,2s,100,100
211,River,1,304,-304,CHECK,0,"['4s', '9d']","['6s', '7d']","['8s', '3h', 'As', '8d', '9h']",,2s,100,100
211,River,0,304,-304,CHECK,0,"['4s', '9d']","['6s', '7d']","['8s', '3h', 'As', '8d', '9h']",,2s,100,100
212,Pre-Flop,0,204,-204,RAISE,98,"['7d', '5h']","['6h', '2h']","['6d', '8h']",,,1,1
212,Pre-Flop,1,204,-204,CALL,0,"['7d', '5h']","['6h', '2h']","['6d', '8h']",,,2,2
212,Flop,0,204,-204,CHECK,0,"['7d', '5h']","['6h', '2h']","['6d', '8h', '2d']",,,100,100
212,Flop,1,204,-204,DISCARD,0,"['7d', '5h']","['6h', '2h']","['6d', '8h', '2d']",,,100,100
212,Flop,1,204,-204,CHECK,0,"['7d', '5h']","['6h', '4h']","['6d', '8h', '2d']",,2h,100,100
212,Turn,0,204,-204,CHECK,0,"['7d', '5h']","['6h', '4h']","['6d', '8h', '2d', '5s']",,2h,100,100
212,Turn,1,204,-204,CHECK,0,"['7d', '5h']","['6h', '4h']","['6d', '8h', '2d', '5s']",,2h,100,100
212,River,0,204,-204,CHECK,0,"['7d', '5h']","['6h', '4h']","['6d', '8h', '2d', '5s', '7s']",,2h,100,100
212,River,1,204,-204,CHECK,0,"['7d', '5h']","['6h', '4h']","['6d', '8h', '2d', '5s', '7s']",,2h,100,100
213,Pre-Flop,1,104,-104,CALL,0,"['3d', '2d']","['Ad', '2s']","['Ah', '5d']",,,1,1
213,Pre-Flop,0,104,-104,RAISE,98,"['3d', '2d']","['Ad', '2s']","['Ah', '5d']",,,2,2
213,Pre-Flop,1,104,-104,CALL,0,"['3d', '2d']","['Ad', '2s']","['Ah', '5d']",,,2,2
213,Pre-Flop,0,104,-104,CHECK,0,"['3d', '2d']","['Ad', '2s']","['Ah', '5d']",,,100,100
213,Flop,1,104,-104,DISCARD,0,"['3d', '2d']","['Ad', '2s']","['Ah', '5d', 'As']",,,100,100
213,Flop,1,104,-104,CHECK,0,"['3d', '2d']","['6d', '2s']","['Ah', '5d', 'As']",,Ad,100,100
213,Flop,0,104,-104,CHECK,0,"['3d', '2d']","['6d', '2s']","['Ah', '5d', 'As']",,Ad,100,100
213,Turn,1,104,-104,CHECK,0,"['3d', '2d']","['6d', '2s']","['Ah', '5d', 'As', '4s']",,Ad,100,100
213,Turn,0,104,-104,CHECK,0,"['3d', '2d']","['6d', '2s']","['Ah', '5d', 'As', '4s']",,Ad,100,100
213,River,1,104,-104,CHECK,0,"['3d', '2d']","['6d', '2s']","['Ah', '5d', 'As', '4s', '8d']",,Ad,100,100
213,River,0,104,-104,CHECK,0,"['3d', '2d']","['6d', '2s']","['Ah', '5d', 'As', '4s', '8d']",,Ad,100,100
214,Pre-Flop,0,204,-204,RAISE,98,"['4h', '7h']","['6h', '7d']","['8s', '3s']",,,1,1
214,Pre-Flop,1,204,-204,CALL,0,"['4h', '7h']","['6h', '7d']","['8s', '3s']",,,2,2
214,Flop,0,204,-204,CHECK,0,"['4h', '7h']","['6h', '7d']","['8s', '3s', '7s']",,,100,100
214,Flop,1,204,-204,DISCARD,0,"['4h', '7h']","['6h', '7d']","['8s', '3s', '7s']",,,100,100
214,Flop,1,204,-204,CHECK,0,"['4h', '7h']","['6h', '5h']","['8s', '3s', '7s']",,7d,100,100
214,Turn,0,204,-204,CHECK,0,"['4h', '7h']","['6h', '5h']","['8s', '3s', '7s', '6s']",,7d,100,100
214,Turn,1,204,-204,CHECK,0,"['4h', '7h']","['6h', '5h']","['8s', '3s', '7s', '6s']",,7d,100,100
214,River,0,204,-204,CHECK,0,"['4h', '7h']","['6h', '5h']","['8s', '3s', '7s', '6s', '2s']",,7d,100,100
214,River,1,204,-204,CHECK,0,"['4h', '7h']","['6h', '5h']","['8s', '3s', '7s', '6s', '2s']",,7d,100,100
215,Pre-Flop,1,204,-204,RAISE,2,"['6d', '3d']","['5d', '5h']","['2s', '8s']",,,1,1
215,Pre-Flop,0,204,-204,RAISE,96,"['6d', '3d']","['5d', '5h']","['2s', '8s']",,,2,2
215,Pre-Flop,1,204,-204,CALL,0,"['6d', '3d']","['5d', '5h']","['2s', '8s']",,,4,4
215,Pre-Flop,0,204,-204,CHECK,0,"['6d', '3d']","['5d', '5h']","['2s', '8s']",,,100,100
215,Flop,1,204,-204,DISCARD,0,"['6d', '3d']","['5d', '5h']","['2s', '8s', '7s']",,,100,100
215,Flop,1,204,-204,CHECK,0,"['6d', '3d']","['4h', '5h']","['2s', '8s', '7s']",,5d,100,100
215,Flop,0,204,-204,CHECK,0,"['6d', '3d']","['4h', '5h']","['2s', '8s', '7s']",,5d,100,100
215,Turn,1,204,-204,CHECK,0,"['6d', '3d']","['4h', '5h']","['2s', '8s', '7s', '4s']",,5d,100,100
215,Turn,0,204,-204,CHECK,0,"['6d', '3d']","['4h', '5h']","['2s', '8s', '7s', '4s']",,5d,100,100
215,River,1,204,-204,CHECK,0,"['6d', '3d']","['4h', '5h']","['2s', '8s', '7s', '4s', 'Ad']",,5d,100,100
215,River,0,204,-204,CHECK,0,"['6d', '3d']","['4h', '5h']","['2s', '8s', '7s', '4s', 'Ad']",,5d,100,100
216,Pre-Flop,0,104,-104,RAISE,98,"['5s', '7d']","['9s', 'Ah']","['8d', '6h']",,,1,1
216,Pre-Flop,1,104,-104,CALL,0,"['5s', '7d']","['9s', 'Ah']","['8d', '6h']",,,2,2
216,Flop,0,104,-104,CHECK,0,"['5s', '7d']","['9s', 'Ah']","['8d', '6h', '4d']",,,100,100
216,Flop,1,104,-104,DISCARD,0,"['5s', '7d']","['9s', 'Ah']","['8d', '6h', '4d']",,,100,100
216,Flop,1,104,-104,CHECK,0,"['5s', '7d']","['9s', 'As']","['8d', '6h', '4d']",,Ah,100,100
216,Turn,0,104,-104,CHECK,0,"['5s', '7d']","['9s', 'As']","['8d', '6h', '4d', '8s']",,Ah,100,100
216,Turn,1,104,-104,CHECK,0,"['5s', '7d']","['9s', 'As']","['8d', '6h', '4d', '8s']",,Ah,100,100
216,River,0,104,-104,CHECK,0,"['5s', '7d']","['9s', 'As']","['8d', '6h', '4d', '8s', '4h']",,Ah,100,100
216,River,1,104,-104,CHECK,0,"['5s', '7d']","['9s', 'As']","['8d', '6h', '4d', '8s', '4h']",,Ah,100,100
217,Pre-Flop,1,204,-204,RAISE,3,"['4d', '9h']","['7d', 'As']","['6s', 'Ad']",,,1,1
217,Pre-Flop,0,204,-204,RAISE,95,"['4d', '9h']","['7d', 'As']","['6s', 'Ad']",,,2,2
217,Pre-Flop,1,204,-204,DISCARD,0,"['4d', '9h']","['7d', 'As']","['6s', 'Ad']",,,5,5
217,Pre-Flop,1,204,-204,CALL,0,"['4d', '9h']","['Ah', 'As']","['6s', 'Ad']",,7d,5,5
217,Pre-Flop,0,204,-204,CHECK,0,"['4d', '9h']","['Ah', 'As']","['6s', 'Ad']",,7d,100,100
217,Flop,1,204,-204,CHECK,0,"['4d', '9h']","['Ah', 'As']","['6s', 'Ad', '3d']",,7d,100,100
217,Flop,0,204,-204,CHECK,0,"['4d', '9h']","['Ah', 'As']","['6s', 'Ad', '3d']",,7d,100,100
217,Turn,1,204,-204,CHECK,0,"['4d', '9h']","['Ah', 'As']","['6s', 'Ad', '3d', '9d']",,7d,100,100
217,Turn,0,204,-204,CHECK,0,"['4d', '9h']","['Ah', 'As']","['6s', 'Ad', '3d', '9d']",,7d,100,100
217,River,1,204,-204,CHECK,0,"['4d', '9h']","['Ah', 'As']","['6s', 'Ad', '3d', '9d', '7s']",,7d,100,100
217,River,0,204,-204,CHECK,0,"['4d', '9h']","['Ah', 'As']","['6s', 'Ad', '3d', '9d', '7s']",,7d,100,100
218,Pre-Flop,0,104,-104,RAISE,98,"['3d', 'Ah']","['4d', '5d']","['Ad', '3h']",,,1,1
218,Pre-Flop,1,104,-104,CALL,0,"['3d', 'Ah']","['4d', '5d']","['Ad', '3h']",,,2,2
218,Flop,0,104,-104,CHECK,0,"['3d', 'Ah']","['4d', '5d']","['Ad', '3h', '8s']",,,100,100
218,Flop,1,104,-104,CHECK,0,"['3d', 'Ah']","['4d', '5d']","['Ad', '3h', '8s']",,,100,100
218,Turn,0,104,-104,CHECK,0,"['3d', 'Ah']","['4d', '5d']","['Ad', '3h', '8s', '4s']",,,100,100
218,Turn,1,104,-104,CHECK,0,"['3d', 'Ah']","['4d', '5d']","['Ad', '3h', '8s', '4s']",,,100,100
218,River,0,104,-104,CHECK,0,"['3d', 'Ah']","['4d', '5d']","['Ad', '3h', '8s', '4s', '5s']",,,100,100
218,River,1,104,-104,CHECK,0,"['3d', 'Ah']","['4d', '5d']","['Ad', '3h', '8s', '4s', '5s']",,,100,100
219,Pre-Flop,1,204,-204,RAISE,3,"['6s', '9h']","['As', '3h']","['8s', '9s']",,,1,1
219,Pre-Flop,0,204,-204,RAISE,95,"['6s', '9h']","['As', '3h']","['8s', '9s']",,,2,2
219,Pre-Flop,1,204,-204,CALL,0,"['6s', '9h']","['As', '3h']","['8s', '9s']",,,5,5
219,Pre-Flop,0,204,-204,CHECK,0,"['6s', '9h']","['As', '3h']","['8s', '9s']",,,100,100
219,Flop,1,204,-204,DISCARD,0,"['6s', '9h']","['As', '3h']","['8s', '9s', '7h']",,,100,100
219,Flop,1,204,-204,CHECK,0,"['6s', '9h']","['As', '6h']","['8s', '9s', '7h']",,3h,100,100
219,Flop,0,204,-204,CHECK,0,"['6s', '9h']","['As', '6h']","['8s', '9s', '7h']",,3h,100,100
219,Turn,1,204,-204,CHECK,0,"['6s', '9h']","['As', '6h']","['8s', '9s', '7h', '3s']",,3h,100,100
219,Turn,0,204,-204,CHECK,0,"['6s', '9h']","['As', '6h']","['8s', '9s', '7h', '3s']",,3h,100,100
219,River,1,204,-204,CHECK,0,"['6s', '9h']","['As', '6h']","['8s', '9s', '7h', '3s', '4h']",,3h,100,100
219,River,0,204,-204,CHECK,0,"['6s', '9h']","['As', '6h']","['8s', '9s', '7h', '3s', '4h']",,3h,100,100
220,Pre-Flop,0,104,-104,RAISE,98,"['4d', 'As']","['Ad', '3d']","['8s', '5h']",,,1,1
220,Pre-Flop,1,104,-104,CALL,0,"['4d', 'As']","['Ad', '3d']","['8s', '5h']",,,2,2
220,Flop,0,104,-104,CHECK,0,"['4d', 'As']","['Ad', '3d']","['8s', '5h', '3s']",,,100,100
220,Flop,1,104,-104,DISCARD,0,"['4d', 'As']","['Ad', '3d']","['8s', '5h', '3s']",,,100,100
220,Flop,1,104,-104,CHECK,0,"['4d', 'As']","['Ad', '2s']","['8s', '5h', '3s']",,3d,100,100
220,Turn,0,104,-104,CHECK,0,"['4d', 'As']","['Ad', '2s']","['8s', '5h', '3s', '9s']",,3d,100,100
220,Turn,1,104,-104,CHECK,0,"['4d', 'As']","['Ad', '2s']","['8s', '5h', '3s', '9s']",,3d,100,100
220,River,0,104,-104,CHECK,0,"['4d', 'As']","['Ad', '2s']","['8s', '5h', '3s', '9s', '5d']",,3d,100,100
220,River,1,104,-104,CHECK,0,"['4d', 'As']","['Ad', '2s']","['8s', '5h', '3s', '9s', '5d']",,3d,100,100
221,Pre-Flop,1,104,-104,RAISE,2,"['2h', '7d']","['6h', '6d']","['6s', '7h']",,,1,1
221,Pre-Flop,0,104,-104,RAISE,96,"['2h', '7d']","['6h', '6d']","['6s', '7h']",,,2,2
221,Pre-Flop,1,104,-104,CALL,0,"['2h', '7d']","['6h', '6d']","['6s', '7h']",,,4,4
221,Pre-Flop,0,104,-104,CHECK,0,"['2h', '7d']","['6h', '6d']","['6s', '7h']",,,100,100
221,Flop,1,104,-104,DISCARD,0,"['2h', '7d']","['6h', '6d']","['6s', '7h', '8s']",,,100,100
221,Flop,1,104,-104,CHECK,0,"['2h', '7d']","['6h', '3s']","['6s', '7h', '8s']",,6d,100,100
221,Flop,0,104,-104,CHECK,0,"['2h', '7d']","['6h', '3s']","['6s', '7h', '8s']",,6d,100,100
221,Turn,1,104,-104,CHECK,0,"['2h', '7d']","['6h', '3s']","['6s', '7h', '8s', '5d']",,6d,100,100
221,Turn,0,104,-104,CHECK,0,"['2h', '7d']","['6h', '3s']","['6s', '7h', '8s', '5d']",,6d,100,100
221,River,1,104,-104,CHECK,0,"['2h', '7d']","['6h', '3s']","['6s', '7h', '8s', '5d', '8h']",,6d,100,100
221,River,0,104,-104,CHECK,0,"['2h', '7d']","['6h', '3s']","['6s', '7h', '8s', '5d', '8h']",,6d,100,100
222,Pre-Flop,0,204,-204,RAISE,98,"['As', '9d']","['6h', '9h']","['5h', '8h']",,,1,1
222,Pre-Flop,1,204,-204,DISCARD,0,"['As', '9d']","['6h', '9h']","['5h', '8h']",,,2,2
222,Pre-Flop,1,204,-204,CALL,0,"['As', '9d']","['6s', '9h']","['5h', '8h']",,6h,2,2
222,Flop,0,204,-204,CHECK,0,"['As', '9d']","['6s', '9h']","['5h', '8h', '8s']",,6h,100,100
222,Flop,1,204,-204,CHECK,0,"['As', '9d']","['6s', '9h']","['5h', '8h', '8s']",,6h,100,100
222,Turn,0,204,-204,CHECK,0,"['As', '9d']","['6s', '9h']","['5h', '8h', '8s', '5s']",,6h,100,100
222,Turn,1,204,-204,CHECK,0,"['As', '9d']","['6s', '9h']","['5h', '8h', '8s', '5s']",,6h,100,100
222,River,0,204,-204,CHECK,0,"['As', '9d']","['6s', '9h']","['5h', '8h', '8s', '5s', '4d']",,6h,100,100
222,River,1,204,-204,CHECK,0,"['As', '9d']","['6s', '9h']","['5h', '8h', '8s', '5s', '4d']",,6h,100,100
223,Pre-Flop,1,304,-304,DISCARD,0,"['3d', '4h']","['5h', '3s']","['5d', 'Ad']",,,1,1
223,Pre-Flop,1,304,-304,RAISE,2,"['3d', '4h']","['Ah', '3s']","['5d', 'Ad']",,5h,1,1
223,Pre-Flop,0,304,-304,RAISE,96,"['3d', '4h']","['Ah', '3s']","['5d', 'Ad']",,5h,2,2
223,Pre-Flop,1,304,-304,CALL,0,"['3d', '4h']","['Ah', '3s']","['5d', 'Ad']",,5h,4,4
223,Pre-Flop,0,304,-304,CHECK,0,"['3d', '4h']","['Ah', '3s']","['5d', 'Ad']",,5h,100,100
223,Flop,1,304,-304,CHECK,0,"['3d', '4h']","['Ah', '3s']","['5d', 'Ad', '9s']",,5h,100,100
223,Flop,0,304,-304,CHECK,0,"['3d', '4h']","['Ah', '3s']","['5d', 'Ad', '9s']",,5h,100,100
223,Turn,1,304,-304,CHECK,0,"['3d', '4h']","['Ah', '3s']","['5d', 'Ad', '9s', '9d']",,5h,100,100
223,Turn,0,304,-304,CHECK,0,"['3d', '4h']","['Ah', '3s']","['5d', 'Ad', '9s', '9d']",,5h,100,100
223,River,1,304,-304,CHECK,0,"['3d', '4h']","['Ah', '3s']","['5d', 'Ad', '9s', '9d', '4s']",,5h,100,100
223,River,0,304,-304,CHECK,0,"['3d', '4h']","['Ah', '3s']","['5d', 'Ad', '9s', '9d', '4s']",,5h,100,100
224,Pre-Flop,0,204,-204,RAISE,98,"['Ah', 'Ad']","['7s', '6h']","['2d', '2h']",,,1,1
224,Pre-Flop,1,204,-204,CALL,0,"['Ah', 'Ad']","['7s', '6h']","['2d', '2h']",,,2,2
224,Flop,0,204,-204,CHECK,0,"['Ah', 'Ad']","['7s', '6h']","['2d', '2h', '5h']",,,100,100
224,Flop,1,204,-204,DISCARD,0,"['Ah', 'Ad']","['7s', '6h']","['2d', '2h', '5h']",,,100,100
224,Flop,1,204,-204,CHECK,0,"['Ah', 'Ad']","['9d', '6h']","['2d', '2h', '5h']",,7s,100,100
224,Turn,0,204,-204,CHECK,0,"['Ah', 'Ad']","['9d', '6h']","['2d', '2h', '5h', '8h']",,7s,100,100
224,Turn,1,204,-204,CHECK,0,"['Ah', 'Ad']","['9d', '6h']","['2d', '2h', '5h', '8h']",,7s,100,100
224,River,0,204,-204,CHECK,0,"['Ah', 'Ad']","['9d', '6h']","['2d', '2h', '5h', '8h', '9h']",,7s,100,100
224,River,1,204,-204,CHECK,0,"['Ah', 'Ad']","['9d', '6h']","['2d', '2h', '5h', '8h', '9h']",,7s,100,100
225,Pre-Flop,1,304,-304,CALL,0,"['7h', '9d']","['Ad', '2s']","['As', '8h']",,,1,1
225,Pre-Flop,0,304,-304,RAISE,98,"['7h', '9d']","['Ad', '2s']","['As', '8h']",,,2,2
225,Pre-Flop,1,304,-304,CALL,0,"['7h', '9d']","['Ad', '2s']","['As', '8h']",,,2,2
225,Pre-Flop,0,304,-304,CHECK,0,"['7h', '9d']","['Ad', '2s']","['As', '8h']",,,100,100
225,Flop,1,304,-304,DISCARD,0,"['7h', '9d']","['Ad', '2s']","['As', '8h', '4s']",,,100,100
225,Flop,1,304,-304,CHECK,0,"['7h', '9d']","['5s', '2s']","['As', '8h', '4s']",,Ad,100,100
225,Flop,0,304,-304,CHECK,0,"['7h', '9d']","['5s', '2s']","['As', '8h', '4s']",,Ad,100,100
225,Turn,1,304,-304,CHECK,0,"['7h', '9d']","['5s', '2s']","['As', '8h', '4s', '3h']",,Ad,100,100
225,Turn,0,304,-304,CHECK,0,"['7h', '9d']","['5s', '2s']","['As', '8h', '4s', '3h']",,Ad,100,100
225,River,1,304,-304,CHECK,0,"['7h', '9d']","['5s', '2s']","['As', '8h', '4s', '3h', '6d']",,Ad,100,100
225,River,0,304,-304,CHECK,0,"['7h', '9d']","['5s', '2s']","['As', '8h', '4s', '3h', '6d']",,Ad,100,100
226,Pre-Flop,0,404,-404,RAISE,98,"['5s', '6d']","['5d', '7d']","['7h', '3s']",,,1,1
226,Pre-Flop,1,404,-404,DISCARD,0,"['5s', '6d']","['5d', '7d']","['7h', '3s']",,,2,2
226,Pre-Flop,1,404,-404,CALL,0,"['5s', '6d']","['5d', '7s']","['7h', '3s']",,7d,2,2
226,Flop,0,404,-404,CHECK,0,"['5s', '6d']","['5d', '7s']","['7h', '3s', '4s']",,7d,100,100
226,Flop,1,404,-404,CHECK,0,"['5s', '6d']","['5d', '7s']","['7h', '3s', '4s']",,7d,100,100
226,Turn,0,404,-404,CHECK,0,"['5s', '6d']","['5d', '7s']","['7h', '3s', '4s', 'Ah']",,7d,100,100
226,Turn,1,404,-404,CHECK,0,"['5s', '6d']","['5d', '7s']","['7h', '3s', '4s', 'Ah']",,7d,100,100
226,River,0,404,-404,CHECK,0,"['5s', '6d']","['5d', '7s']","['7h', '3s', '4s', 'Ah', '8h']",,7d,100,100
226,River,1,404,-404,CHECK,0,"['5s', '6d']","['5d', '7s']","['7h', '3s', '4s', 'Ah', '8h']",,7d,100,100
227,Pre-Flop,1,504,-504,RAISE,2,"['8d', '8h']","['8s', '6d']","['5d', '4d']",,,1,1
227,Pre-Flop,0,504,-504,RAISE,96,"['8d', '8h']","['8s', '6d']","['5d', '4d']",,,2,2
227,Pre-Flop,1,504,-504,CALL,0,"['8d', '8h']","['8s', '6d']","['5d', '4d']",,,4,4
227,Pre-Flop,0,504,-504,CHECK,0,"['8d', '8h']","['8s', '6d']","['5d', '4d']",,,100,100
227,Flop,1,504,-504,DISCARD,0,"['8d', '8h']","['8s', '6d']","['5d', '4d', '6h']",,,100,100
227,Flop,1,504,-504,CHECK,0,"['8d', '8h']","['7d', '6d']","['5d', '4d', '6h']",,8s,100,100
227,Flop,0,504,-504,CHECK,0,"['8d', '8h']","['7d', '6d']","['5d', '4d', '6h']",,8s,100,100
227,Turn,1,504,-504,CHECK,0,"['8d', '8h']","['7d', '6d']","['5d', '4d', '6h', '9h']",,8s,100,100
227,Turn,0,504,-504,CHECK,0,"['8d', '8h']","['7d', '6d']","['5d', '4d', '6h', '9h']",,8s,100,100
227,River,1,504,-504,CHECK,0,"['8d', '8h']","['7d', '6d']","['5d', '4d', '6h', '9h', '4s']",,8s,100,100
227,River,0,504,-504,CHECK,0,"['8d', '8h']","['7d', '6d']","['5d', '4d', '6h', '9h', '4s']",,8s,100,100
228,Pre-Flop,0,604,-604,RAISE,98,"['7h', '7d']","['5d', '2h']","['3h', '9s']",,,1,1
228,Pre-Flop,1,604,-604,CALL,0,"['7h', '7d']","['5d', '2h']","['3h', '9s']",,,2,2
228,Flop,0,604,-604,CHECK,0,"['7h', '7d']","['5d', '2h']","['3h', '9s', '3s']",,,100,100
228,Flop,1,604,-604,DISCARD,0,"['7h', '7d']","['5d', '2h']","['3h', '9s', '3s']",,,100,100
228,Flop,1,604,-604,CHECK,0,"['7h', '7d']","['5s', '2h']","['3h', '9s', '3s']",,5d,100,100
228,Turn,0,604,-604,CHECK,0,"['7h', '7d']","['5s', '2h']","['3h', '9s', '3s', '3d']",,5d,100,100
228,Turn,1,604,-604,CHECK,0,"['7h', '7d']","['5s', '2h']","['3h', '9s', '3s', '3d']",,5d,100,100
228,River,0,604,-604,CHECK,0,"['7h', '7d']","['5s', '2h']","['3h', '9s', '3s', '3d', '9d']",,5d,100,100
228,River,1,604,-604,CHECK,0,"['7h', '7d']","['5s', '2h']","['3h', '9s', '3s', '3d', '9d']",,5d,100,100
229,Pre-Flop,1,604,-604,CALL,0,"['7d', '3s']","['5d', '4d']","['6s', '2d']",,,1,1
229,Pre-Flop,0,604,-604,RAISE,98,"['7d', '3s']","['5d', '4d']","['6s', '2d']",,,2,2
229,Pre-Flop,1,604,-604,DISCARD,0,"['7d', '3s']","['5d', '4d']","['6s', '2d']",,,2,2
229,Pre-Flop,1,604,-604,CALL,0,"['7d', '3s']","['5d', 'Ad']","['6s', '2d']",,4d,2,2
229,Pre-Flop,0,604,-604,CHECK,0,"['7d', '3s']","['5d', 'Ad']","['6s', '2d']",,4d,100,100
229,Flop,1,604,-604,CHECK,0,"['7d', '3s']","['5d', 'Ad']","['6s', '2d', '7h']",,4d,100,100
229,Flop,0,604,-604,CHECK,0,"['7d', '3s']","['5d', 'Ad']","['6s', '2d', '7h']",,4d,100,100
229,Turn,1,604,-604,CHECK,0,"['7d', '3s']","['5d', 'Ad']","['6s', '2d', '7h', '8d']",,4d,100,100
229,Turn,0,604,-604,CHECK,0,"['7d', '3s']","['5d', 'Ad']","['6s', '2d', '7h', '8d']",,4d,100,100
229,River,1,604,-604,CHECK,0,"['7d', '3s']","['5d', 'Ad']","['6s', '2d', '7h', '8d', '3h']",,4d,100,100
229,River,0,604,-604,CHECK,0,"['7d', '3s']","['5d', 'Ad']","['6s', '2d', '7h', '8d', '3h']",,4d,100,100
230,Pre-Flop,0,704,-704,RAISE,98,"['2h', '3s']","['9d', '7d']","['8s', '6s']",,,1,1
230,Pre-Flop,1,704,-704,CALL,0,"['2h', '3s']","['9d', '7d']","['8s', '6s']",,,2,2
230,Flop,0,704,-704,CHECK,0,"['2h', '3s']","['9d', '7d']","['8s', '6s', '4h']",,,100,100
230,Flop,1,704,-704,DISCARD,0,"['2h', '3s']","['9d', '7d']","['8s', '6s', '4h']",,,100,100
230,Flop,1,704,-704,CHECK,0,"['2h', '3s']","['9d', '4d']","['8s', '6s', '4h']",,7d,100,100
230,Turn,0,704,-704,CHECK,0,"['2h', '3s']","['9d', '4d']","['8s', '6s', '4h', 'As']",,7d,100,100
230,Turn,1,704,-704,CHECK,0,"['2h', '3s']","['9d', '4d']","['8s', '6s', '4h', 'As']",,7d,100,100
230,River,0,704,-704,CHECK,0,"['2h', '3s']","['9d', '4d']","['8s', '6s', '4h', 'As', '6h']",,7d,100,100
230,River,1,704,-704,CHECK,0,"['2h', '3s']","['9d', '4d']","['8s', '6s', '4h', 'As', '6h']",,7d,100,100
231,Pre-Flop,1,604,-604,RAISE,3,"['8h', '6d']","['5s', '5d']","['8s', '3s']",,,1,1
231,Pre-Flop,0,604,-604,RAISE,95,"['8h', '6d']","['5s', '5d']","['8s', '3s']",,,2,2
231,Pre-Flop,1,604,-604,CALL,0,"['8h', '6d']","['5s', '5d']","['8s', '3s']",,,5,5
231,Pre-Flop,0,604,-604,CHECK,0,"['8h', '6d']","['5s', '5d']","['8s', '3s']",,,100,100
231,Flop,1,604,-604,DISCARD,0,"['8h', '6d']","['5s', '5d']","['8s', '3s', '9d']",,,100,100
231,Flop,1,604,-604,CHECK,0,"['8h', '6d']","['5s', '7h']","['8s', '3s', '9d']",,5d,100,100
231,Flop,0,604,-604,CHECK,0,"['8h', '6d']","['5s', '7h']","['8s', '3s', '9d']",,5d,100,100
231,Turn,1,604,-604,CHECK,0,"['8h', '6d']","['5s', '7h']","['8s', '3s', '9d', '5h']",,5d,100,100
231,Turn,0,604,-604,CHECK,0,"['8h', '6d']","['5s', '7h']","['8s', '3s', '9d', '5h']",,5d,100,100
231,River,1,604,-604,CHECK,0,"['8h', '6d']","['5s', '7h']","['8s', '3s', '9d', '5h', '3h']",,5d,100,100
231,River,0,604,-604,CHECK,0,"['8h', '6d']","['5s', '7h']","['8s', '3s', '9d', '5h', '3h']",,5d,100,100
232,Pre-Flop,0,704,-704,RAISE,98,"['7h', '7d']","['Ad', '7s']","['2d', '3d']",,,1,1
232,Pre-Flop,1,704,-704,DISCARD,0,"['7h', '7d']","['Ad', '7s']","['2d', '3d']",,,2,2
232,Pre-Flop,1,704,-704,CALL,0,"['7h', '7d']","['6h', '7s']","['2d', '3d']",,Ad,2,2
232,Flop,0,704,-704,CHECK,0,"['7h', '7d']","['6h', '7s']","['2d', '3d', '5s']",,Ad,100,100
232,Flop,1,704,-704,CHECK,0,"['7h', '7d']","['6h', '7s']","['2d', '3d', '5s']",,Ad,100,100
232,Turn,0,704,-704,CHECK,0,"['7h', '7d']","['6h', '7s']","['2d', '3d', '5s', '5d']",,Ad,100,100
232,Turn,1,704,-704,CHECK,0,"['7h', '7d']","['6h', '7s']","['2d', '3d', '5s', '5d']",,Ad,100,100
232,River,0,704,-704,CHECK,0,"['7h', '7d']","['6h', '7s']","['2d', '3d', '5s', '5d', '3s']",,Ad,100,100
232,River,1,704,-704,CHECK,0,"['7h', '7d']","['6h', '7s']","['2d', '3d', '5s', '5d', '3s']",,Ad,100,100
233,Pre-Flop,1,804,-804,RAISE,2,"['3s', '6h']","['7s', '9h']","['5d', '8s']",,,1,1
233,Pre-Flop,0,804,-804,RAISE,96,"['3s', '6h']","['7s', '9h']","['5d', '8s']",,,2,2
233,Pre-Flop,1,804,-804,CALL,0,"['3s', '6h']","['7s', '9h']","['5d', '8s']",,,4,4
233,Pre-Flop,0,804,-804,CHECK,0,"['3s', '6h']","['7s', '9h']","['5d', '8s']",,,100,100
233,Flop,1,804,-804,DISCARD,0,"['3s', '6h']","['7s', '9h']","['5d', '8s', '6d']",,,100,100
233,Flop,1,804,-804,CHECK,0,"['3s', '6h']","['9s', '9h']","['5d', '8s', '6d']",,7s,100,100
233,Flop,0,804,-804,CHECK,0,"['3s', '6h']","['9s', '9h']","['5d', '8s', '6d']",,7s,100,100
233,Turn,1,804,-804,CHECK,0,"['3s', '6h']","['9s', '9h']","['5d', '8s', '6d', '7d']",,7s,100,100
233,Turn,0,804,-804,CHECK,0,"['3s', '6h']","['9s', '9h']","['5d', '8s', '6d', '7d']",,7s,100,100
233,River,1,804,-804,CHECK,0,"['3s', '6h']","['9s', '9h']","['5d', '8s', '6d', '7d', '4h']",,7s,100,100
233,River,0,804,-804,CHECK,0,"['3s', '6h']","['9s', '9h']","['5d', '8s', '6d', '7d', '4h']",,7s,100,100
234,Pre-Flop,0,704,-704,RAISE,98,"['4s', '8d']","['2s', 'As']","['2d', '6s']",,,1,1
234,Pre-Flop,1,704,-704,CALL,0,"['4s', '8d']","['2s', 'As']","['2d', '6s']",,,2,2
234,Flop,0,704,-704,CHECK,0,"['4s', '8d']","['2s', 'As']","['2d', '6s', '9d']",,,100,100
234,Flop,1,704,-704,DISCARD,0,"['4s', '8d']","['2s', 'As']","['2d', '6s', '9d']",,,100,100
234,Flop,1,704,-704,CHECK,0,"['4s', '8d']","['2s', '8h']","['2d', '6s', '9d']",,As,100,100
234,Turn,0,704,-704,CHECK,0,"['4s', '8d']","['2s', '8h']","['2d', '6s', '9d', '3d']",,As,100,100
234,Turn,1,704,-704,CHECK,0,"['4s', '8d']","['2s', '8h']","['2d', '6s', '9d', '3d']",,As,100,100
234,River,0,704,-704,CHECK,0,"['4s', '8d']","['2s', '8h']","['2d', '6s', '9d', '3d', 'Ah']",,As,100,100
234,River,1,704,-704,CHECK,0,"['4s', '8d']","['2s', '8h']","['2d', '6s', '9d', '3d', 'Ah']",,As,100,100
235,Pre-Flop,1,604,-604,RAISE,3,"['5s', '5h']","['2s', '8h']","['3s', '8d']",,,1,1
235,Pre-Flop,0,604,-604,RAISE,95,"['5s', '5h']","['2s', '8h']","['3s', '8d']",,,2,2
235,Pre-Flop,1,604,-604,CALL,0,"['5s', '5h']","['2s', '8h']","['3s', '8d']",,,5,5
235,Pre-Flop,0,604,-604,CHECK,0,"['5s', '5h']","['2s', '8h']","['3s', '8d']",,,100,100
235,Flop,1,604,-604,DISCARD,0,"['5s', '5h']","['2s', '8h']","['3s', '8d', '9d']",,,100,100
235,Flop,1,604,-604,CHECK,0,"['5s', '5h']","['2s', '3d']","['3s', '8d', '9d']",,8h,100,100
235,Flop,0,604,-604,CHECK,0,"['5s', '5h']","['2s', '3d']","['3s', '8d', '9d']",,8h,100,100
235,Turn,1,604,-604,CHECK,0,"['5s', '5h']","['2s', '3d']","['3s', '8d', '9d', '5d']",,8h,100,100
235,Turn,0,604,-604,CHECK,0,"['5s', '5h']","['2s', '3d']","['3s', '8d', '9d', '5d']",,8h,100,100
235,River,1,604,-604,CHECK,0,"['5s', '5h']","['2s', '3d']","['3s', '8d', '9d', '5d', '8s']",,8h,100,100
235,River,0,604,-604,CHECK,0,"['5s', '5h']","['2s', '3d']","['3s', '8d', '9d', '5d', '8s']",,8h,100,100
236,Pre-Flop,0,704,-704,RAISE,98,"['8s', '5s']","['4d', '7s']","['As', '4s']",,,1,1
236,Pre-Flop,1,704,-704,CALL,0,"['8s', '5s']","['4d', '7s']","['As', '4s']",,,2,2
236,Flop,0,704,-704,CHECK,0,"['8s', '5s']","['4d', '7s']","['As', '4s', '3s']",,,100,100
236,Flop,1,704,-704,DISCARD,0,"['8s', '5s']","['4d', '7s']","['As', '4s', '3s']",,,100,100
236,Flop,1,704,-704,CHECK,0,"['8s', '5s']","['8d', '7s']","['As', '4s', '3s']",,4d,100,100
236,Turn,0,704,-704,CHECK,0,"['8s', '5s']","['8d', '7s']","['As', '4s', '3s', '7h']",,4d,100,100
236,Turn,1,704,-704,CHECK,0,"['8s', '5s']","['8d', '7s']","['As', '4s', '3s', '7h']",,4d,100,100
236,River,0,704,-704,CHECK,0,"['8s', '5s']","['8d', '7s']","['As', '4s', '3s', '7h', '6h']",,4d,100,100
236,River,1,704,-704,CHECK,0,"['8s', '5s']","['8d', '7s']","['As', '4s', '3s', '7h', '6h']",,4d,100,100
237,Pre-Flop,1,804,-804,DISCARD,0,"['3h', '4d']","['2d', '8h']","['4h', 'As']",,,1,1
237,Pre-Flop,1,804,-804,RAISE,2,"['3h', '4d']","['9s', '8h']","['4h', 'As']",,2d,1,1
237,Pre-Flop,0,804,-804,RAISE,96,"['3h', '4d']","['9s', '8h']","['4h', 'As']",,2d,2,2
237,Pre-Flop,1,804,-804,CALL,0,"['3h', '4d']","['9s', '8h']","['4h', 'As']",,2d,4,4
237,Pre-Flop,0,804,-804,CHECK,0,"['3h', '4d']","['9s', '8h']","['4h', 'As']",,2d,100,100
237,Flop,1,804,-804,CHECK,0,"['3h', '4d']","['9s', '8h']","['4h', 'As', '6d']",,2d,100,100
237,Flop,0,804,-804,CHECK,0,"['3h', '4d']","['9s', '8h']","['4h', 'As', '6d']",,2d,100,100
237,Turn,1,804,-804,CHECK,0,"['3h', '4d']","['9s', '8h']","['4h', 'As', '6d', '3s']",,2d,100,100
237,Turn,0,804,-804,CHECK,0,"['3h', '4d']","['9s', '8h']","['4h', 'As', '6d', '3s']",,2d,100,100
237,River,1,804,-804,CHECK,0,"['3h', '4d']","['9s', '8h']","['4h', 'As', '6d', '3s', '8s']",,2d,100,100
237,River,0,804,-804,CHECK,0,"['3h', '4d']","['9s', '8h']","['4h', 'As', '6d', '3s', '8s']",,2d,100,100
238,Pre-Flop,0,904,-904,RAISE,98,"['4d', '5d']","['5s', '2s']","['8s', '8h']",,,1,1
238,Pre-Flop,1,904,-904,DISCARD,0,"['4d', '5d']","['5s', '2s']","['8s', '8h']",,,2,2
238,Pre-Flop,1,904,-904,CALL,0,"['4d', '5d']","['5s', '3h']","['8s', '8h']",,2s,2,2
238,Flop,0,904,-904,CHECK,0,"['4d', '5d']","['5s', '3h']","['8s', '8h', '6s']",,2s,100,100
238,Flop,1,904,-904,CHECK,0,"['4d', '5d']","['5s', '3h']","['8s', '8h', '6s']",,2s,100,100
238,Turn,0,904,-904,CHECK,0,"['4d', '5d']","['5s', '3h']","['8s', '8h', '6s', '8d']",,2s,100,100
238,Turn,1,904,-904,CHECK,0,"['4d', '5d']","['5s', '3h']","['8s', '8h', '6s', '8d']",,2s,100,100
238,River,0,904,-904,CHECK,0,"['4d', '5d']","['5s', '3h']","['8s', '8h', '6s', '8d', '9h']",,2s,100,100
238,River,1,904,-904,CHECK,0,"['4d', '5d']","['5s', '3h']","['8s', '8h', '6s', '8d', '9h']",,2s,100,100
239,Pre-Flop,1,904,-904,RAISE,2,"['Ad', '3h']","['9s', '6h']","['8d', '7h']",,,1,1
239,Pre-Flop,0,904,-904,RAISE,96,"['Ad', '3h']","['9s', '6h']","['8d', '7h']",,,2,2
239,Pre-Flop,1,904,-904,CALL,0,"['Ad', '3h']","['9s', '6h']","['8d', '7h']",,,4,4
239,Pre-Flop,0,904,-904,CHECK,0,"['Ad', '3h']","['9s', '6h']","['8d', '7h']",,,100,100
239,Flop,1,904,-904,DISCARD,0,"['Ad', '3h']","['9s', '6h']","['8d', '7h', '4h']",,,100,100
239,Flop,1,904,-904,CHECK,0,"['Ad', '3h']","['Ah', '6h']","['8d', '7h', '4h']",,9s,100,100
239,Flop,0,904,-904,CHECK,0,"['Ad', '3h']","['Ah', '6h']","['8d', '7h', '4h']",,9s,100,100
239,Turn,1,904,-904,CHECK,0,"['Ad', '3h']","['Ah', '6h']","['8d', '7h', '4h', '9d']",,9s,100,100
239,Turn,0,904,-904,CHECK,0,"['Ad', '3h']","['Ah', '6h']","['8d', '7h', '4h', '9d']",,9s,100,100
239,River,1,904,-904,CHECK,0,"['Ad', '3h']","['Ah', '6h']","['8d', '7h', '4h', '9d', '5h']",,9s,100,100
239,River,0,904,-904,CHECK,0,"['Ad', '3h']","['Ah', '6h']","['8d', '7h', '4h', '9d', '5h']",,9s,100,100
240,Pre-Flop,0,804,-804,RAISE,98,"['4s', '7d']","['3h', '9s']","['Ad', 'As']",,,1,1
240,Pre-Flop,1,804,-804,CALL,0,"['4s', '7d']","['3h', '9s']","['Ad', 'As']",,,2,2
240,Flop,0,804,-804,CHECK,0,"['4s', '7d']","['3h', '9s']","['Ad', 'As', '5d']",,,100,100
240,Flop,1,804,-804,DISCARD,0,"['4s', '7d']","['3h', '9s']","['Ad', 'As', '5d']",,,100,100
240,Flop,1,804,-804,CHECK,0,"['4s', '7d']","['3h', '8d']","['Ad', 'As', '5d']",,9s,100,100
240,Turn,0,804,-804,CHECK,0,"['4s', '7d']","['3h', '8d']","['Ad', 'As', '5d', 'Ah']",,9s,100,100
240,Turn,1,804,-804,CHECK,0,"['4s', '7d']","['3h', '8d']","['Ad', 'As', '5d', 'Ah']",,9s,100,100
240,River,0,804,-804,CHECK,0,"['4s', '7d']","['3h', '8d']","['Ad', 'As', '5d', 'Ah', '6s']",,9s,100,100
240,River,1,804,-804,CHECK,0,"['4s', '7d']","['3h', '8d']","['Ad', 'As', '5d', 'Ah', '6s']",,9s,100,100
241,Pre-Flop,1,704,-704,RAISE,3,"['7d', '8h']","['8s', '4s']","['5d', '2d']",,,1,1
241,Pre-Flop,0,704,-704,RAISE,95,"['7d', '8h']","['8s', '4s']","['5d', '2d']",,,2,2
241,Pre-Flop,1,704,-704,CALL,0,"['7d', '8h']","['8s', '4s']","['5d', '2d']",,,5,5
241,Pre-Flop,0,704,-704,CHECK,0,"['7d', '8h']","['8s', '4s']","['5d', '2d']",,,100,100
241,Flop,1,704,-704,DISCARD,0,"['7d', '8h']","['8s', '4s']","['5d', '2d', '3s']",,,100,100
241,Flop,1,704,-704,CHECK,0,"['7d', '8h']","['6s', '4s']","['5d', '2d', '3s']",,8s,100,100
241,Flop,0,704,-704,CHECK,0,"['7d', '8h']","['6s', '4s']","['5d', '2d', '3s']",,8s,100,100
241,Turn,1,704,-704,CHECK,0,"['7d', '8h']","['6s', '4s']","['5d', '2d', '3s', '6h']",,8s,100,100
241,Turn,0,704,-704,CHECK,0,"['7d', '8h']","['6s', '4s']","['5d', '2d', '3s', '6h']",,8s,100,100
241,River,1,704,-704,CHECK,0,"['7d', '8h']","['6s', '4s']","['5d', '2d', '3s', '6h', 'As']",,8s,100,100
241,River,0,704,-704,CHECK,0,"['7d', '8h']","['6s', '4s']","['5d', '2d', '3s', '6h', 'As']",,8s,100,100
242,Pre-Flop,0,604,-604,RAISE,98,"['5s', 'Ad']","['8s', '2h']","['5h', '7d']",,,1,1
242,Pre-Flop,1,604,-604,CALL,0,"['5s', 'Ad']","['8s', '2h']","['5h', '7d']",,,2,2
242,Flop,0,604,-604,CHECK,0,"['5s', 'Ad']","['8s', '2h']","['5h', '7d', '6s']",,,100,100
242,Flop,1,604,-604,DISCARD,0,"['5s', 'Ad']","['8s', '2h']","['5h', '7d', '6s']",,,100,100
242,Flop,1,604,-604,CHECK,0,"['5s', 'Ad']","['8s', '8d']","['5h', '7d', '6s']",,2h,100,100
242,Turn,0,604,-604,CHECK,0,"['5s', 'Ad']","['8s', '8d']","['5h', '7d', '6s', '8h']",,2h,100,100
242,Turn,1,604,-604,CHECK,0,"['5s', 'Ad']","['8s', '8d']","['5h', '7d', '6s', '8h']",,2h,100,100
242,River,0,604,-604,CHECK,0,"['5s', 'Ad']","['8s', '8d']","['5h', '7d', '6s', '8h', '6h']",,2h,100,100
242,River,1,604,-604,CHECK,0,"['5s', 'Ad']","['8s', '8d']","['5h', '7d', '6s', '8h', '6h']",,2h,100,100
243,Pre-Flop,1,504,-504,RAISE,2,"['9s', '5s']","['4d', 'Ah']","['7h', '9h']",,,1,1
243,Pre-Flop,0,504,-504,RAISE,96,"['9s', '5s']","['4d', 'Ah']","['7h', '9h']",,,2,2
243,Pre-Flop,1,504,-504,DISCARD,0,"['9s', '5s']","['4d', 'Ah']","['7h', '9h']",,,4,4
243,Pre-Flop,1,504,-504,CALL,0,"['9s', '5s']","['6s', 'Ah']","['7h', '9h']",,4d,4,4
243,Pre-Flop,0,504,-504,CHECK,0,"['9s', '5s']","['6s', 'Ah']","['7h', '9h']",,4d,100,100
243,Flop,1,504,-504,CHECK,0,"['9s', '5s']","['6s', 'Ah']","['7h', '9h', '2s']",,4d,100,100
243,Flop,0,504,-504,CHECK,0,"['9s', '5s']","['6s', 'Ah']","['7h', '9h', '2s']",,4d,100,100
243,Turn,1,504,-504,CHECK,0,"['9s', '5s']","['6s', 'Ah']","['7h', '9h', '2s', '6h']",,4d,100,100
243,Turn,0,504,-504,CHECK,0,"['9s', '5s']","['6s', 'Ah']","['7h', '9h', '2s', '6h']",,4d,100,100
243,River,1,504,-504,CHECK,0,"['9s', '5s']","['6s', 'Ah']","['7h', '9h', '2s', '6h', '3h']",,4d,100,100
243,River,0,504,-504,CHECK,0,"['9s', '5s']","['6s', 'Ah']","['7h', '9h', '2s', '6h', '3h']",,4d,100,100
244,Pre-Flop,0,404,-404,RAISE,98,"['2d', '3d']","['9d', '9h']","['7h', '4s']",,,1,1
244,Pre-Flop,1,404,-404,CALL,0,"['2d', '3d']","['9d', '9h']","['7h', '4s']",,,2,2
244,Flop,0,404,-404,CHECK,0,"['2d', '3d']","['9d', '9h']","['7h', '4s', '5d']",,,100,100
244,Flop,1,404,-404,DISCARD,0,"['2d', '3d']","['9d', '9h']","['7h', '4s', '5d']",,,100,100
244,Flop,1,404,-404,CHECK,0,"['2d', '3d']","['9d', '8d']","['7h', '4s', '5d']",,9h,100,100
244,Turn,0,404,-404,CHECK,0,"['2d', '3d']","['9d', '8d']","['7h', '4s', '5d', '4d']",,9h,100,100
244,Turn,1,404,-404,CHECK,0,"['2d', '3d']","['9d', '8d']","['7h', '4s', '5d', '4d']",,9h,100,100
244,River,0,404,-404,CHECK,0,"['2d', '3d']","['9d', '8d']","['7h', '4s', '5d', '4d', 'Ad']",,9h,100,100
244,River,1,404,-404,CHECK,0,"['2d', '3d']","['9d', '8d']","['7h', '4s', '5d', '4d', 'Ad']",,9h,100,100
245,Pre-Flop,1,504,-504,RAISE,2,"['4d', '2s']","['7h', 'Ad']","['9h', '5h']",,,1,1
245,Pre-Flop,0,504,-504,RAISE,96,"['4d', '2s']","['7h', 'Ad']","['9h', '5h']",,,2,2
245,Pre-Flop,1,504,-504,CALL,0,"['4d', '2s']","['7h', 'Ad']","['9h', '5h']",,,4,4
245,Pre-Flop,0,504,-504,CHECK,0,"['4d', '2s']","['7h', 'Ad']","['9h', '5h']",,,100,100
245,Flop,1,504,-504,DISCARD,0,"['4d', '2s']","['7h', 'Ad']","['9h', '5h', '2d']",,,100,100
245,Flop,1,504,-504,CHECK,0,"['4d', '2s']","['7h', 'Ah']","['9h', '5h', '2d']",,Ad,100,100
245,Flop,0,504,-504,CHECK,0,"['4d', '2s']","['7h', 'Ah']","['9h', '5h', '2d']",,Ad,100,100
245,Turn,1,504,-504,CHECK,0,"['4d', '2s']","['7h', 'Ah']","['9h', '5h', '2d', '8h']",,Ad,100,100
245,Turn,0,504,-504,CHECK,0,"['4d', '2s']","['7h', 'Ah']","['9h', '5h', '2d', '8h']",,Ad,100,100
245,River,1,504,-504,CHECK,0,"['4d', '2s']","['7h', 'Ah']","['9h', '5h', '2d', '8h', '7s']",,Ad,100,100
245,River,0,504,-504,CHECK,0,"['4d', '2s']","['7h', 'Ah']","['9h', '5h', '2d', '8h', '7s']",,Ad,100,100
246,Pre-Flop,0,404,-404,RAISE,98,"['3s', '9d']","['6h', '7h']","['Ad', '5h']",,,1,1
246,Pre-Flop,1,404,-404,CALL,0,"['3s', '9d']","['6h', '7h']","['Ad', '5h']",,,2,2
246,Flop,0,404,-404,CHECK,0,"['3s', '9d']","['6h', '7h']","['Ad', '5h', '3h']",,,100,100
246,Flop,1,404,-404,CHECK,0,"['3s', '9d']","['6h', '7h']","['Ad', '5h', '3h']",,,100,100
246,Turn,0,404,-404,CHECK,0,"['3s', '9d']","['6h', '7h']","['Ad', '5h', '3h', '8d']",,,100,100
246,Turn,1,404,-404,CHECK,0,"['3s', '9d']","['6h', '7h']","['Ad', '5h', '3h', '8d']",,,100,100
246,River,0,404,-404,CHECK,0,"['3s', '9d']","['6h', '7h']","['Ad', '5h', '3h', '8d', '7s']",,,100,100
246,River,1,404,-404,CHECK,0,"['3s', '9d']","['6h', '7h']","['Ad', '5h', '3h', '8d', '7s']",,,100,100
247,Pre-Flop,1,304,-304,RAISE,3,"['Ad', '2h']","['8h', 'Ah']","['9d', '4s']",,,1,1
247,Pre-Flop,0,304,-304,RAISE,95,"['Ad', '2h']","['8h', 'Ah']","['9d', '4s']",,,2,2
247,Pre-Flop,1,304,-304,CALL,0,"['Ad', '2h']","['8h', 'Ah']","['9d', '4s']",,,5,5
247,Pre-Flop,0,304,-304,CHECK,0,"['Ad', '2h']","['8h', 'Ah']","['9d', '4s']",,,100,100
247,Flop,1,304,-304,CHECK,0,"['Ad', '2h']","['8h', 'Ah']","['9d', '4s', '2s']",,,100,100
247,Flop,0,304,-304,CHECK,0,"['Ad', '2h']","['8h', 'Ah']","['9d', '4s', '2s']",,,100,100
247,Turn,1,304,-304,CHECK,0,"['Ad', '2h']","['8h', 'Ah']","['9d', '4s', '2s', '9s']",,,100,100
247,Turn,0,304,-304,CHECK,0,"['Ad', '2h']","['8h', 'Ah']","['9d', '4s', '2s', '9s']",,,100,100
247,River,1,304,-304,CHECK,0,"['Ad', '2h']","['8h', 'Ah']","['9d', '4s', '2s', '9s', 'As']",,,100,100
247,River,0,304,-304,CHECK,0,"['Ad', '2h']","['8h', 'Ah']","['9d', '4s', '2s', '9s', 'As']",,,100,100
248,Pre-Flop,0,204,-204,RAISE,98,"['As', '3s']","['5d', '2s']","['8h', '5h']",,,1,1
248,Pre-Flop,1,204,-204,CALL,0,"['As', '3s']","['5d', '2s']","['8h', '5h']",,,2,2
248,Flop,0,204,-204,CHECK,0,"['As', '3s']","['5d', '2s']","['8h', '5h', '7s']",,,100,100
248,Flop,1,204,-204,DISCARD,0,"['As', '3s']","['5d', '2s']","['8h', '5h', '7s']",,,100,100
248,Flop,1,204,-204,CHECK,0,"['As', '3s']","['9d', '2s']","['8h', '5h', '7s']",,5d,100,100
248,Turn,0,204,-204,CHECK,0,"['As', '3s']","['9d', '2s']","['8h', '5h', '7s', '6d']",,5d,100,100
248,Turn,1,204,-204,CHECK,0,"['As', '3s']","['9d', '2s']","['8h', '5h', '7s', '6d']",,5d,100,100
248,River,0,204,-204,CHECK,0,"['As', '3s']","['9d', '2s']","['8h', '5h', '7s', '6d', '6h']",,5d,100,100
248,River,1,204,-204,CHECK,0,"['As', '3s']","['9d', '2s']","['8h', '5h', '7s', '6d', '6h']",,5d,100,100
249,Pre-Flop,1,104,-104,RAISE,3,"['Ad', '5h']","['7s', '5s']","['8h', '7h']",,,1,1
249,Pre-Flop,0,104,-104,RAISE,95,"['Ad', '5h']","['7s', '5s']","['8h', '7h']",,,2,2
249,Pre-Flop,1,104,-104,CALL,0,"['Ad', '5h']","['7s', '5s']","['8h', '7h']",,,5,5
249,Pre-Flop,0,104,-104,CHECK,0,"['Ad', '5h']","['7s', '5s']","['8h', '7h']",,,100,100
249,Flop,1,104,-104,CHECK,0,"['Ad', '5h']","['7s', '5s']","['8h', '7h', '9h']",,,100,100
249,Flop,0,104,-104,CHECK,0,"['Ad', '5h']","['7s', '5s']","['8h', '7h', '9h']",,,100,100
249,Turn,1,104,-104,CHECK,0,"['Ad', '5h']","['7s', '5s']","['8h', '7h', '9h', '8d']",,,100,100
249,Turn,0,104,-104,CHECK,0,"['Ad', '5h']","['7s', '5s']","['8h', '7h', '9h', '8d']",,,100,100
249,River,1,104,-104,CHECK,0,"['Ad', '5h']","['7s', '5s']","['8h', '7h', '9h', '8d', '6s']",,,100,100
249,River,0,104,-104,CHECK,0,"['Ad', '5h']","['7s', '5s']","['8h', '7h', '9h', '8d', '6s']",,,100,100
250,Pre-Flop,0,204,-204,RAISE,98,"['Ad', 'Ah']","['9d', '7s']","['9h', '8d']",,,1,1
250,Pre-Flop,1,204,-204,CALL,0,"['Ad', 'Ah']","['9d', '7s']","['9h', '8d']",,,2,2
250,Flop,0,204,-204,CHECK,0,"['Ad', 'Ah']","['9d', '7s']","['9h', '8d', '4d']",,,100,100
250,Flop,1,204,-204,DISCARD,0,"['Ad', 'Ah']","['9d', '7s']","['9h', '8d', '4d']",,,100,100
250,Flop,1,204,-204,CHECK,0,"['Ad', 'Ah']","['9d', '3s']","['9h', '8d', '4d']",,7s,100,100
250,Turn,0,204,-204,CHECK,0,"['Ad', 'Ah']","['9d', '3s']","['9h', '8d', '4d', '2s']",,7s,100,100
250,Turn,1,204,-204,CHECK,0,"['Ad', 'Ah']","['9d', '3s']","['9h', '8d', '4d', '2s']",,7s,100,100
250,River,0,204,-204,CHECK,0,"['Ad', 'Ah']","['9d', '3s']","['9h', '8d', '4d', '2s', '7d']",,7s,100,100
250,River,1,204,-204,CHECK,0,"['Ad', 'Ah']","['9d', '3s']","['9h', '8d', '4d', '2s', '7d']",,7s,100,100
251,Pre-Flop,1,304,-304,RAISE,2,"['5h', '5d']","['8s', '3d']","['4d', '5s']",,,1,1
251,Pre-Flop,0,304,-304,RAISE,96,"['5h', '5d']","['8s', '3d']","['4d', '5s']",,,2,2
251,Pre-Flop,1,304,-304,CALL,0,"['5h', '5d']","['8s', '3d']","['4d', '5s']",,,4,4
251,Pre-Flop,0,304,-304,CHECK,0,"['5h', '5d']","['8s', '3d']","['4d', '5s']",,,100,100
251,Flop,1,304,-304,DISCARD,0,"['5h', '5d']","['8s', '3d']","['4d', '5s', '7d']",,,100,100
251,Flop,1,304,-304,CHECK,0,"['5h', '5d']","['7h', '3d']","['4d', '5s', '7d']",,8s,100,100
251,Flop,0,304,-304,CHECK,0,"['5h', '5d']","['7h', '3d']","['4d', '5s', '7d']",,8s,100,100
251,Turn,1,304,-304,CHECK,0,"['5h', '5d']","['7h', '3d']","['4d', '5s', '7d', '4h']",,8s,100,100
251,Turn,0,304,-304,CHECK,0,"['5h', '5d']","['7h', '3d']","['4d', '5s', '7d', '4h']",,8s,100,100
251,River,1,304,-304,CHECK,0,"['5h', '5d']","['7h', '3d']","['4d', '5s', '7d', '4h', '8d']",,8s,100,100
251,River,0,304,-304,CHECK,0,"['5h', '5d']","['7h', '3d']","['4d', '5s', '7d', '4h', '8d']",,8s,100,100
252,Pre-Flop,0,404,-404,RAISE,98,"['4d', '3s']","['6d', '2h']","['8s', '7d']",,,1,1
252,Pre-Flop,1,404,-404,CALL,0,"['4d', '3s']","['6d', '2h']","['8s', '7d']",,,2,2
252,Flop,0,404,-404,CHECK,0,"['4d', '3s']","['6d', '2h']","['8s', '7d', '2s']",,,100,100
252,Flop,1,404,-404,DISCARD,0,"['4d', '3s']","['6d', '2h']","['8s', '7d', '2s']",,,100,100
252,Flop,1,404,-404,CHECK,0,"['4d', '3s']","['6d', '7h']","['8s', '7d', '2s']",,2h,100,100
252,Turn,0,404,-404,CHECK,0,"['4d', '3s']","['6d', '7h']","['8s', '7d', '2s', '4h']",,2h,100,100
252,Turn,1,404,-404,CHECK,0,"['4d', '3s']","['6d', '7h']","['8s', '7d', '2s', '4h']",,2h,100,100
252,River,0,404,-404,CHECK,0,"['4d', '3s']","['6d', '7h']","['8s', '7d', '2s', '4h', '3h']",,2h,100,100
252,River,1,404,-404,CHECK,0,"['4d', '3s']","['6d', '7h']","['8s', '7d', '2s', '4h', '3h']",,2h,100,100
253,Pre-Flop,1,504,-504,RAISE,2,"['4s', '4h']","['9d', '7h']","['3h', '8h']",,,1,1
253,Pre-Flop,0,504,-504,RAISE,96,"['4s', '4h']","['9d', '7h']","['3h', '8h']",,,2,2
253,Pre-Flop,1,504,-504,CALL,0,"['4s', '4h']","['9d', '7h']","['3h', '8h']",,,4,4
253,Pre-Flop,0,504,-504,CHECK,0,"['4s', '4h']","['9d', '7h']","['3h', '8h']",,,100,100
253,Flop,1,504,-504,CHECK,0,"['4s', '4h']","['9d', '7h']","['3h', '8h', '7d']",,,100,100
253,Flop,0,504,-504,CHECK,0,"['4s', '4h']","['9d', '7h']","['3h', '8h', '7d']",,,100,100
253,Turn,1,504,-504,CHECK,0,"['4s', '4h']","['9d', '7h']","['3h', '8h', '7d', '6s']",,,100,100
253,Turn,0,504,-504,CHECK,0,"['4s', '4h']","['9d', '7h']","['3h', '8h', '7d', '6s']",,,100,100
253,River,1,504,-504,CHECK,0,"['4s', '4h']","['9d', '7h']","['3h', '8h', '7d', '6s', 'Ah']",,,100,100
253,River,0,504,-504,CHECK,0,"['4s', '4h']","['9d', '7h']","['3h', '8h', '7d', '6s', 'Ah']",,,100,100
254,Pre-Flop,0,404,-404,RAISE,98,"['3s', '9s']","['8s', 'Ad']","['2d', '6d']",,,1,1
254,Pre-Flop,1,404,-404,CALL,0,"['3s', '9s']","['8s', 'Ad']","['2d', '6d']",,,2,2
254,Flop,0,404,-404,CHECK,0,"['3s', '9s']","['8s', 'Ad']","['2d', '6d', '7h']",,,100,100
254,Flop,1,404,-404,DISCARD,0,"['3s', '9s']","['8s', 'Ad']","['2d', '6d', '7h']",,,100,100
254,Flop,1,404,-404,CHECK,0,"['3s', '9s']","['5h', 'Ad']","['2d', '6d', '7h']",,8s,100,100
254,Turn,0,404,-404,CHECK,0,"['3s', '9s']","['5h', 'Ad']","['2d', '6d', '7h', '6h']",,8s,100,100
254,Turn,1,404,-404,CHECK,0,"['3s', '9s']","['5h', 'Ad']","['2d', '6d', '7h', '6h']",,8s,100,100
254,River,0,404,-404,CHECK,0,"['3s', '9s']","['5h', 'Ad']","['2d', '6d', '7h', '6h', '9h']",,8s,100,100
254,River,1,404,-404,CHECK,0,"['3s', '9s']","['5h', 'Ad']","['2d', '6d', '7h', '6h', '9h']",,8s,100,100
255,Pre-Flop,1,504,-504,DISCARD,0,"['7s', 'As']","['8h', '5d']","['4h', '4s']",,,1,1
255,Pre-Flop,1,504,-504,RAISE,2,"['7s', 'As']","['8h', '8d']","['4h', '4s']",,5d,1,1
255,Pre-Flop,0,504,-504,RAISE,96,"['7s', 'As']","['8h', '8d']","['4h', '4s']",,5d,2,2
255,Pre-Flop,1,504,-504,CALL,0,"['7s', 'As']","['8h', '8d']","['4h', '4s']",,5d,4,4
255,Pre-Flop,0,504,-504,CHECK,0,"['7s', 'As']","['8h', '8d']","['4h', '4s']",,5d,100,100
255,Flop,1,504,-504,CHECK,0,"['7s', 'As']","['8h', '8d']","['4h', '4s', '9d']",,5d,100,100
255,Flop,0,504,-504,CHECK,0,"['7s', 'As']","['8h', '8d']","['4h', '4s', '9d']",,5d,100,100
255,Turn,1,504,-504,CHECK,0,"['7s', 'As']","['8h', '8d']","['4h', '4s', '9d', 'Ad']",,5d,100,100
255,Turn,0,504,-504,CHECK,0,"['7s', 'As']","['8h', '8d']","['4h', '4s', '9d', 'Ad']",,5d,100,100
255,River,1,504,-504,CHECK,0,"['7s', 'As']","['8h', '8d']","['4h', '4s', '9d', 'Ad', '8s']",,5d,100,100
255,River,0,504,-504,CHECK,0,"['7s', 'As']","['8h', '8d']","['4h', '4s', '9d', 'Ad', '8s']",,5d,100,100
256,Pre-Flop,0,404,-404,RAISE,98,"['7s', 'Ah']","['9s', '6h']","['As', '4d']",,,1,1
256,Pre-Flop,1,404,-404,CALL,0,"['7s', 'Ah']","['9s', '6h']","['As', '4d']",,,2,2
256,Flop,0,404,-404,CHECK,0,"['7s', 'Ah']","['9s', '6h']","['As', '4d', '2d']",,,100,100
256,Flop,1,404,-404,DISCARD,0,"['7s', 'Ah']","['9s', '6h']","['As', '4d', '2d']",,,100,100
256,Flop,1,404,-404,CHECK,0,"['7s', 'Ah']","['9s', '2s']","['As', '4d', '2d']",,6h,100,100
256,Turn,0,404,-404,CHECK,0,"['7s', 'Ah']","['9s', '2s']","['As', '4d', '2d', '3d']",,6h,100,100
256,Turn,1,404,-404,CHECK,0,"['7s', 'Ah']","['9s', '2s']","['As', '4d', '2d', '3d']",,6h,100,100
256,River,0,404,-404,CHECK,0,"['7s', 'Ah']","['9s', '2s']","['As', '4d', '2d', '3d', '7d']",,6h,100,100
256,River,1,404,-404,CHECK,0,"['7s', 'Ah']","['9s', '2s']","['As', '4d', '2d', '3d', '7d']",,6h,100,100
257,Pre-Flop,1,504,-504,RAISE,4,"['Ah', '6d']","['5s', '7s']","['5h', '8h']",,,1,1
257,Pre-Flop,0,504,-504,RAISE,94,"['Ah', '6d']","['5s', '7s']","['5h', '8h']",,,2,2
257,Pre-Flop,1,504,-504,CALL,0,"['Ah', '6d']","['5s', '7s']","['5h', '8h']",,,6,6
257,Pre-Flop,0,504,-504,CHECK,0,"['Ah', '6d']","['5s', '7s']","['5h', '8h']",,,100,100
257,Flop,1,504,-504,DISCARD,0,"['Ah', '6d']","['5s', '7s']","['5h', '8h', '2h']",,,100,100
257,Flop,1,504,-504,CHECK,0,"['Ah', '6d']","['5s', '3d']","['5h', '8h', '2h']",,7s,100,100
257,Flop,0,504,-504,CHECK,0,"['Ah', '6d']","['5s', '3d']","['5h', '8h', '2h']",,7s,100,100
257,Turn,1,504,-504,CHECK,0,"['Ah', '6d']","['5s', '3d']","['5h', '8h', '2h', '6s']",,7s,100,100
257,Turn,0,504,-504,CHECK,0,"['Ah', '6d']","['5s', '3d']","['5h', '8h', '2h', '6s']",,7s,100,100
257,River,1,504,-504,CHECK,0,"['Ah', '6d']","['5s', '3d']","['5h', '8h', '2h', '6s', '9s']",,7s,100,100
257,River,0,504,-504,CHECK,0,"['Ah', '6d']","['5s', '3d']","['5h', '8h', '2h', '6s', '9s']",,7s,100,100
258,Pre-Flop,0,604,-604,RAISE,98,"['7h', '2h']","['4s', '3h']","['6h', '2d']",,,1,1
258,Pre-Flop,1,604,-604,CALL,0,"['7h', '2h']","['4s', '3h']","['6h', '2d']",,,2,2
258,Flop,0,604,-604,CHECK,0,"['7h', '2h']","['4s', '3h']","['6h', '2d', '8h']",,,100,100
258,Flop,1,604,-604,DISCARD,0,"['7h', '2h']","['4s', '3h']","['6h', '2d', '8h']",,,100,100
258,Flop,1,604,-604,CHECK,0,"['7h', '2h']","['5s', '3h']","['6h', '2d', '8h']",,4s,100,100
258,Turn,0,604,-604,CHECK,0,"['7h', '2h']","['5s', '3h']","['6h', '2d', '8h', '6s']",,4s,100,100
258,Turn,1,604,-604,CHECK,0,"['7h', '2h']","['5s', '3h']","['6h', '2d', '8h', '6s']",,4s,100,100
258,River,0,604,-604,CHECK,0,"['7h', '2h']","['5s', '3h']","['6h', '2d', '8h', '6s', '5d']",,4s,100,100
258,River,1,604,-604,CHECK,0,"['7h', '2h']","['5s', '3h']","['6h', '2d', '8h', '6s', '5d']",,4s,100,100
259,Pre-Flop,1,504,-504,RAISE,2,"['3s', '9h']","['Ad', '6s']","['3h', '7s']",,,1,1
259,Pre-Flop,0,504,-504,RAISE,96,"['3s', '9h']","['Ad', '6s']","['3h', '7s']",,,2,2
259,Pre-Flop,1,504,-504,CALL,0,"['3s', '9h']","['Ad', '6s']","['3h', '7s']",,,4,4
259,Pre-Flop,0,504,-504,CHECK,0,"['3s', '9h']","['Ad', '6s']","['3h', '7s']",,,100,100
259,Flop,1,504,-504,DISCARD,0,"['3s', '9h']","['Ad', '6s']","['3h', '7s', '6h']",,,100,100
259,Flop,1,504,-504,CHECK,0,"['3s', '9h']","['As', '6s']","['3h', '7s', '6h']",,Ad,100,100
259,Flop,0,504,-504,CHECK,0,"['3s', '9h']","['As', '6s']","['3h', '7s', '6h']",,Ad,100,100
259,Turn,1,504,-504,CHECK,0,"['3s', '9h']","['As', '6s']","['3h', '7s', '6h', '4d']",,Ad,100,100
259,Turn,0,504,-504,CHECK,0,"['3s', '9h']","['As', '6s']","['3h', '7s', '6h', '4d']",,Ad,100,100
259,River,1,504,-504,CHECK,0,"['3s', '9h']","['As', '6s']","['3h', '7s', '6h', '4d', '5s']",,Ad,100,100
259,River,0,504,-504,CHECK,0,"['3s', '9h']","['As', '6s']","['3h', '7s', '6h', '4d', '5s']",,Ad,100,100
260,Pre-Flop,0,504,-504,RAISE,98,"['4h', '4s']","['6h', '8d']","['4d', '7d']",,,1,1
260,Pre-Flop,1,504,-504,CALL,0,"['4h', '4s']","['6h', '8d']","['4d', '7d']",,,2,2
260,Flop,0,504,-504,CHECK,0,"['4h', '4s']","['6h', '8d']","['4d', '7d', '8h']",,,100,100
260,Flop,1,504,-504,DISCARD,0,"['4h', '4s']","['6h', '8d']","['4d', '7d', '8h']",,,100,100
260,Flop,1,504,-504,CHECK,0,"['4h', '4s']","['9s', '8d']","['4d', '7d', '8h']",,6h,100,100
260,Turn,0,504,-504,CHECK,0,"['4h', '4s']","['9s', '8d']","['4d', '7d', '8h', '3d']",,6h,100,100
260,Turn,1,504,-504,CHECK,0,"['4h', '4s']","['9s', '8d']","['4d', '7d', '8h', '3d']",,6h,100,100
260,River,0,504,-504,CHECK,0,"['4h', '4s']","['9s', '8d']","['4d', '7d', '8h', '3d', '2s']",,6h,100,100
260,River,1,504,-504,CHECK,0,"['4h', '4s']","['9s', '8d']","['4d', '7d', '8h', '3d', '2s']",,6h,100,100
261,Pre-Flop,1,604,-604,RAISE,2,"['6h', '3d']","['As', '2d']","['6d', '3h']",,,1,1
261,Pre-Flop,0,604,-604,RAISE,96,"['6h', '3d']","['As', '2d']","['6d', '3h']",,,2,2
261,Pre-Flop,1,604,-604,CALL,0,"['6h', '3d']","['As', '2d']","['6d', '3h']",,,4,4
261,Pre-Flop,0,604,-604,CHECK,0,"['6h', '3d']","['As', '2d']","['6d', '3h']",,,100,100
261,Flop,1,604,-604,DISCARD,0,"['6h', '3d']","['As', '2d']","['6d', '3h', '9h']",,,100,100
261,Flop,1,604,-604,CHECK,0,"['6h', '3d']","['As', '3s']","['6d', '3h', '9h']",,2d,100,100
261,Flop,0,604,-604,CHECK,0,"['6h', '3d']","['As', '3s']","['6d', '3h', '9h']",,2d,100,100
261,Turn,1,604,-604,CHECK,0,"['6h', '3d']","['As', '3s']","['6d', '3h', '9h', '5s']",,2d,100,100
261,Turn,0,604,-604,CHECK,0,"['6h', '3d']","['As', '3s']","['6d', '3h', '9h', '5s']",,2d,100,100
261,River,1,604,-604,CHECK,0,"['6h', '3d']","['As', '3s']","['6d', '3h', '9h', '5s', '7h']",,2d,100,100
261,River,0,604,-604,CHECK,0,"['6h', '3d']","['As', '3s']","['6d', '3h', '9h', '5s', '7h']",,2d,100,100
262,Pre-Flop,0,704,-704,RAISE,98,"['9h', '4h']","['5h', '2s']","['6s', 'Ah']",,,1,1
262,Pre-Flop,1,704,-704,CALL,0,"['9h', '4h']","['5h', '2s']","['6s', 'Ah']",,,2,2
262,Flop,0,704,-704,CHECK,0,"['9h', '4h']","['5h', '2s']","['6s', 'Ah', '7s']",,,100,100
262,Flop,1,704,-704,DISCARD,0,"['9h', '4h']","['5h', '2s']","['6s', 'Ah', '7s']",,,100,100
262,Flop,1,704,-704,CHECK,0,"['9h', '4h']","['5s', '2s']","['6s', 'Ah', '7s']",,5h,100,100
262,Turn,0,704,-704,CHECK,0,"['9h', '4h']","['5s', '2s']","['6s', 'Ah', '7s', '8s']",,5h,100,100
262,Turn,1,704,-704,CHECK,0,"['9h', '4h']","['5s', '2s']","['6s', 'Ah', '7s', '8s']",,5h,100,100
262,River,0,704,-704,CHECK,0,"['9h', '4h']","['5s', '2s']","['6s', 'Ah', '7s', '8s', '8d']",,5h,100,100
262,River,1,704,-704,CHECK,0,"['9h', '4h']","['5s', '2s']","['6s', 'Ah', '7s', '8s', '8d']",,5h,100,100
263,Pre-Flop,1,604,-604,DISCARD,0,"['5h', '5d']","['8d', '4h']","['5s', '7h']",,,1,1
263,Pre-Flop,1,604,-604,RAISE,2,"['5h', '5d']","['6h', '4h']","['5s', '7h']",,8d,1,1
263,Pre-Flop,0,604,-604,RAISE,96,"['5h', '5d']","['6h', '4h']","['5s', '7h']",,8d,2,2
263,Pre-Flop,1,604,-604,CALL,0,"['5h', '5d']","['6h', '4h']","['5s', '7h']",,8d,4,4
263,Pre-Flop,0,604,-604,CHECK,0,"['5h', '5d']","['6h', '4h']","['5s', '7h']",,8d,100,100
263,Flop,1,604,-604,CHECK,0,"['5h', '5d']","['6h', '4h']","['5s', '7h', '2s']",,8d,100,100
263,Flop,0,604,-604,CHECK,0,"['5h', '5d']","['6h', '4h']","['5s', '7h', '2s']",,8d,100,100
263,Turn,1,604,-604,CHECK,0,"['5h', '5d']","['6h', '4h']","['5s', '7h', '2s', '3d']",,8d,100,100
263,Turn,0,604,-604,CHECK,0,"['5h', '5d']","['6h', '4h']","['5s', '7h', '2s', '3d']",,8d,100,100
263,River,1,604,-604,CHECK,0,"['5h', '5d']","['6h', '4h']","['5s', '7h', '2s', '3d', '9d']",,8d,100,100
263,River,0,604,-604,CHECK,0,"['5h', '5d']","['6h', '4h']","['5s', '7h', '2s', '3d', '9d']",,8d,100,100
264,Pre-Flop,0,504,-504,RAISE,98,"['9s', '4s']","['5h', '5s']","['6h', '8d']",,,1,1
264,Pre-Flop,1,504,-504,CALL,0,"['9s', '4s']","['5h', '5s']","['6h', '8d']",,,2,2
264,Flop,0,504,-504,CHECK,0,"['9s', '4s']","['5h', '5s']","['6h', '8d', '9d']",,,100,100
264,Flop,1,504,-504,DISCARD,0,"['9s', '4s']","['5h', '5s']","['6h', '8d', '9d']",,,100,100
264,Flop,1,504,-504,CHECK,0,"['9s', '4s']","['5h', 'As']","['6h', '8d', '9d']",,5s,100,100
264,Turn,0,504,-504,CHECK,0,"['9s', '4s']","['5h', 'As']","['6h', '8d', '9d', '7d']",,5s,100,100
264,Turn,1,504,-504,CHECK,0,"['9s', '4s']","['5h', 'As']","['6h', '8d', '9d', '7d']",,5s,100,100
264,River,0,504,-504,CHECK,0,"['9s', '4s']","['5h', 'As']","['6h', '8d', '9d', '7d', '3d']",,5s,100,100
264,River,1,504,-504,CHECK,0,"['9s', '4s']","['5h', 'As']","['6h', '8d', '9d', '7d', '3d']",,5s,100,100
265,Pre-Flop,1,404,-404,RAISE,2,"['4d', '9h']","['8h', 'Ad']","['5h', '3s']",,,1,1
265,Pre-Flop,0,404,-404,RAISE,96,"['4d', '9h']","['8h', 'Ad']","['5h', '3s']",,,2,2
265,Pre-Flop,1,404,-404,CALL,0,"['4d', '9h']","['8h', 'Ad']","['5h', '3s']",,,4,4
265,Pre-Flop,0,404,-404,CHECK,0,"['4d', '9h']","['8h', 'Ad']","['5h', '3s']",,,100,100
265,Flop,1,404,-404,DISCARD,0,"['4d', '9h']","['8h', 'Ad']","['5h', '3s', '3d']",,,100,100
265,Flop,1,404,-404,CHECK,0,"['4d', '9h']","['8h', '7h']","['5h', '3s', '3d']",,Ad,100,100
265,Flop,0,404,-404,CHECK,0,"['4d', '9h']","['8h', '7h']","['5h', '3s', '3d']",,Ad,100,100
265,Turn,1,404,-404,CHECK,0,"['4d', '9h']","['8h', '7h']","['5h', '3s', '3d', '7s']",,Ad,100,100
265,Turn,0,404,-404,CHECK,0,"['4d', '9h']","['8h', '7h']","['5h', '3s', '3d', '7s']",,Ad,100,100
265,River,1,404,-404,CHECK,0,"['4d', '9h']","['8h', '7h']","['5h', '3s', '3d', '7s', '6h']",,Ad,100,100
265,River,0,404,-404,CHECK,0,"['4d', '9h']","['8h', '7h']","['5h', '3s', '3d', '7s', '6h']",,Ad,100,100
266,Pre-Flop,0,504,-504,RAISE,98,"['As', '6d']","['2h', '5h']","['3d', '7s']",,,1,1
266,Pre-Flop,1,504,-504,CALL,0,"['As', '6d']","['2h', '5h']","['3d', '7s']",,,2,2
266,Flop,0,504,-504,CHECK,0,"['As', '6d']","['2h', '5h']","['3d', '7s', '6h']",,,100,100
266,Flop,1,504,-504,DISCARD,0,"['As', '6d']","['2h', '5h']","['3d', '7s', '6h']",,,100,100
266,Flop,1,504,-504,CHECK,0,"['As', '6d']","['4d', '5h']","['3d', '7s', '6h']",,2h,100,100
266,Turn,0,504,-504,CHECK,0,"['As', '6d']","['4d', '5h']","['3d', '7s', '6h', '4h']",,2h,100,100
266,Turn,1,504,-504,CHECK,0,"['As', '6d']","['4d', '5h']","['3d', '7s', '6h', '4h']",,2h,100,100
266,River,0,504,-504,CHECK,0,"['As', '6d']","['4d', '5h']","['3d', '7s', '6h', '4h', '9s']",,2h,100,100
266,River,1,504,-504,CHECK,0,"['As', '6d']","['4d', '5h']","['3d', '7s', '6h', '4h', '9s']",,2h,100,100
267,Pre-Flop,1,404,-404,RAISE,2,"['6s', '9h']","['9d', 'Ah']","['4s', '5h']",,,1,1
267,Pre-Flop,0,404,-404,RAISE,96,"['6s', '9h']","['9d', 'Ah']","['4s', '5h']",,,2,2
267,Pre-Flop,1,404,-404,CALL,0,"['6s', '9h']","['9d', 'Ah']","['4s', '5h']",,,4,4
267,Pre-Flop,0,404,-404,CHECK,0,"['6s', '9h']","['9d', 'Ah']","['4s', '5h']",,,100,100
267,Flop,1,404,-404,CHECK,0,"['6s', '9h']","['9d', 'Ah']","['4s', '5h', '3h']",,,100,100
267,Flop,0,404,-404,CHECK,0,"['6s', '9h']","['9d', 'Ah']","['4s', '5h', '3h']",,,100,100
267,Turn,1,404,-404,CHECK,0,"['6s', '9h']","['9d', 'Ah']","['4s', '5h', '3h', '6d']",,,100,100
267,Turn,0,404,-404,CHECK,0,"['6s', '9h']","['9d', 'Ah']","['4s', '5h', '3h', '6d']",,,100,100
267,River,1,404,-404,CHECK,0,"['6s', '9h']","['9d', 'Ah']","['4s', '5h', '3h', '6d', '2d']",,,100,100
267,River,0,404,-404,CHECK,0,"['6s', '9h']","['9d', 'Ah']","['4s', '5h', '3h', '6d', '2d']",,,100,100
268,Pre-Flop,0,404,-404,RAISE,98,"['Ad', '4s']","['5h', '7h']","['6s', '7s']",,,1,1
268,Pre-Flop,1,404,-404,CALL,0,"['Ad', '4s']","['5h', '7h']","['6s', '7s']",,,2,2
268,Flop,0,404,-404,CHECK,0,"['Ad', '4s']","['5h', '7h']","['6s', '7s', '7d']",,,100,100
268,Flop,1,404,-404,CHECK,0,"['Ad', '4s']","['5h', '7h']","['6s', '7s', '7d']",,,100,100
268,Turn,0,404,-404,CHECK,0,"['Ad', '4s']","['5h', '7h']","['6s', '7s', '7d', '9d']",,,100,100
268,Turn,1,404,-404,CHECK,0,"['Ad', '4s']","['5h', '7h']","['6s', '7s', '7d', '9d']",,,100,100
268,River,0,404,-404,CHECK,0,"['Ad', '4s']","['5h', '7h']","['6s', '7s', '7d', '9d', '2d']",,,100,100
268,River,1,404,-404,CHECK,0,"['Ad', '4s']","['5h', '7h']","['6s', '7s', '7d', '9d', '2d']",,,100,100
269,Pre-Flop,1,304,-304,RAISE,2,"['4s', '3h']","['9h', 'Ad']","['4h', '5d']",,,1,1
269,Pre-Flop,0,304,-304,RAISE,96,"['4s', '3h']","['9h', 'Ad']","['4h', '5d']",,,2,2
269,Pre-Flop,1,304,-304,CALL,0,"['4s', '3h']","['9h', 'Ad']","['4h', '5d']",,,4,4
269,Pre-Flop,0,304,-304,CHECK,0,"['4s', '3h']","['9h', 'Ad']","['4h', '5d']",,,100,100
269,Flop,1,304,-304,CHECK,0,"['4s', '3h']","['9h', 'Ad']","['4h', '5d', '5h']",,,100,100
269,Flop,0,304,-304,CHECK,0,"['4s', '3h']","['9h', 'Ad']","['4h', '5d', '5h']",,,100,100
269,Turn,1,304,-304,CHECK,0,"['4s', '3h']","['9h', 'Ad']","['4h', '5d', '5h', '6s']",,,100,100
269,Turn,0,304,-304,CHECK,0,"['4s', '3h']","['9h', 'Ad']","['4h', '5d', '5h', '6s']",,,100,100
269,River,1,304,-304,CHECK,0,"['4s', '3h']","['9h', 'Ad']","['4h', '5d', '5h', '6s', '9s']",,,100,100
269,River,0,304,-304,CHECK,0,"['4s', '3h']","['9h', 'Ad']","['4h', '5d', '5h', '6s', '9s']",,,100,100
270,Pre-Flop,0,204,-204,RAISE,98,"['8d', '8s']","['4h', '6d']","['5s', '3h']",,,1,1
270,Pre-Flop,1,204,-204,CALL,0,"['8d', '8s']","['4h', '6d']","['5s', '3h']",,,2,2
270,Flop,0,204,-204,CHECK,0,"['8d', '8s']","['4h', '6d']","['5s', '3h', '8h']",,,100,100
270,Flop,1,204,-204,DISCARD,0,"['8d', '8s']","['4h', '6d']","['5s', '3h', '8h']",,,100,100
270,Flop,1,204,-204,CHECK,0,"['8d', '8s']","['4h', '4s']","['5s', '3h', '8h']",,6d,100,100
270,Turn,0,204,-204,CHECK,0,"['8d', '8s']","['4h', '4s']","['5s', '3h', '8h', '3d']",,6d,100,100
270,Turn,1,204,-204,CHECK,0,"['8d', '8s']","['4h', '4s']","['5s', '3h', '8h', '3d']",,6d,100,100
270,River,0,204,-204,CHECK,0,"['8d', '8s']","['4h', '4s']","['5s', '3h', '8h', '3d', '9h']",,6d,100,100
270,River,1,204,-204,CHECK,0,"['8d', '8s']","['4h', '4s']","['5s', '3h', '8h', '3d', '9h']",,6d,100,100
271,Pre-Flop,1,304,-304,RAISE,2,"['8s', '6h']","['7h', '4s']","['9d', '5d']",,,1,1
271,Pre-Flop,0,304,-304,RAISE,96,"['8s', '6h']","['7h', '4s']","['9d', '5d']",,,2,2
271,Pre-Flop,1,304,-304,CALL,0,"['8s', '6h']","['7h', '4s']","['9d', '5d']",,,4,4
271,Pre-Flop,0,304,-304,CHECK,0,"['8s', '6h']","['7h', '4s']","['9d', '5d']",,,100,100
271,Flop,1,304,-304,DISCARD,0,"['8s', '6h']","['7h', '4s']","['9d', '5d', 'Ad']",,,100,100
271,Flop,1,304,-304,CHECK,0,"['8s', '6h']","['5s', '4s']","['9d', '5d', 'Ad']",,7h,100,100
271,Flop,0,304,-304,CHECK,0,"['8s', '6h']","['5s', '4s']","['9d', '5d', 'Ad']",,7h,100,100
271,Turn,1,304,-304,CHECK,0,"['8s', '6h']","['5s', '4s']","['9d', '5d', 'Ad', 'As']",,7h,100,100
271,Turn,0,304,-304,CHECK,0,"['8s', '6h']","['5s', '4s']","['9d', '5d', 'Ad', 'As']",,7h,100,100
271,River,1,304,-304,CHECK,0,"['8s', '6h']","['5s', '4s']","['9d', '5d', 'Ad', 'As', '6d']",,7h,100,100
271,River,0,304,-304,CHECK,0,"['8s', '6h']","['5s', '4s']","['9d', '5d', 'Ad', 'As', '6d']",,7h,100,100
272,Pre-Flop,0,404,-404,RAISE,98,"['7h', '2d']","['Ah', '8d']","['6d', '8h']",,,1,1
272,Pre-Flop,1,404,-404,CALL,0,"['7h', '2d']","['Ah', '8d']","['6d', '8h']",,,2,2
272,Flop,0,404,-404,CHECK,0,"['7h', '2d']","['Ah', '8d']","['6d', '8h', '6h']",,,100,100
272,Flop,1,404,-404,DISCARD,0,"['7h', '2d']","['Ah', '8d']","['6d', '8h', '6h']",,,100,100
272,Flop,1,404,-404,CHECK,0,"['7h', '2d']","['4d', '8d']","['6d', '8h', '6h']",,Ah,100,100
272,Turn,0,404,-404,CHECK,0,"['7h', '2d']","['4d', '8d']","['6d', '8h', '6h', '3s']",,Ah,100,100
272,Turn,1,404,-404,CHECK,0,"['7h', '2d']","['4d', '8d']","['6d', '8h', '6h', '3s']",,Ah,100,100
272,River,0,404,-404,CHECK,0,"['7h', '2d']","['4d', '8d']","['6d', '8h', '6h', '3s', '3d']",,Ah,100,100
272,River,1,404,-404,CHECK,0,"['7h', '2d']","['4d', '8d']","['6d', '8h', '6h', '3s', '3d']",,Ah,100,100
273,Pre-Flop,1,304,-304,RAISE,2,"['3h', '3d']","['2d', '8d']","['Ah', '8h']",,,1,1
273,Pre-Flop,0,304,-304,RAISE,96,"['3h', '3d']","['2d', '8d']","['Ah', '8h']",,,2,2
273,Pre-Flop,1,304,-304,CALL,0,"['3h', '3d']","['2d', '8d']","['Ah', '8h']",,,4,4
273,Pre-Flop,0,304,-304,CHECK,0,"['3h', '3d']","['2d', '8d']","['Ah', '8h']",,,100,100
273,Flop,1,304,-304,DISCARD,0,"['3h', '3d']","['2d', '8d']","['Ah', '8h', '9h']",,,100,100
273,Flop,1,304,-304,CHECK,0,"['3h', '3d']","['2d', '4h']","['Ah', '8h', '9h']",,8d,100,100
273,Flop,0,304,-304,CHECK,0,"['3h', '3d']","['2d', '4h']","['Ah', '8h', '9h']",,8d,100,100
273,Turn,1,304,-304,CHECK,0,"['3h', '3d']","['2d', '4h']","['Ah', '8h', '9h', '9d']",,8d,100,100
273,Turn,0,304,-304,CHECK,0,"['3h', '3d']","['2d', '4h']","['Ah', '8h', '9h', '9d']",,8d,100,100
273,River,1,304,-304,CHECK,0,"['3h', '3d']","['2d', '4h']","['Ah', '8h', '9h', '9d', '7s']",,8d,100,100
273,River,0,304,-304,CHECK,0,"['3h', '3d']","['2d', '4h']","['Ah', '8h', '9h', '9d', '7s']",,8d,100,100
274,Pre-Flop,0,404,-404,RAISE,98,"['5d', '7d']","['2d', '9d']","['3d', '2h']",,,1,1
274,Pre-Flop,1,404,-404,CALL,0,"['5d', '7d']","['2d', '9d']","['3d', '2h']",,,2,2
274,Flop,0,404,-404,CHECK,0,"['5d', '7d']","['2d', '9d']","['3d', '2h', '3h']",,,100,100
274,Flop,1,404,-404,DISCARD,0,"['5d', '7d']","['2d', '9d']","['3d', '2h', '3h']",,,100,100
274,Flop,1,404,-404,CHECK,0,"['5d', '7d']","['2d', '8h']","['3d', '2h', '3h']",,9d,100,100
274,Turn,0,404,-404,CHECK,0,"['5d', '7d']","['2d', '8h']","['3d', '2h', '3h', '9h']",,9d,100,100
274,Turn,1,404,-404,CHECK,0,"['5d', '7d']","['2d', '8h']","['3d', '2h', '3h', '9h']",,9d,100,100
274,River,0,404,-404,CHECK,0,"['5d', '7d']","['2d', '8h']","['3d', '2h', '3h', '9h', 'As']",,9d,100,100
274,River,1,404,-404,CHECK,0,"['5d', '7d']","['2d', '8h']","['3d', '2h', '3h', '9h', 'As']",,9d,100,100
275,Pre-Flop,1,304,-304,RAISE,2,"['6d', '8h']","['5s', '4d']","['6h', '3d']",,,1,1
275,Pre-Flop,0,304,-304,RAISE,96,"['6d', '8h']","['5s', '4d']","['6h', '3d']",,,2,2
275,Pre-Flop,1,304,-304,CALL,0,"['6d', '8h']","['5s', '4d']","['6h', '3d']",,,4,4
275,Pre-Flop,0,304,-304,CHECK,0,"['6d', '8h']","['5s', '4d']","['6h', '3d']",,,100,100
275,Flop,1,304,-304,DISCARD,0,"['6d', '8h']","['5s', '4d']","['6h', '3d', 'Ah']",,,100,100
275,Flop,1,304,-304,CHECK,0,"['6d', '8h']","['7h', '4d']","['6h', '3d', 'Ah']",,5s,100,100
275,Flop,0,304,-304,CHECK,0,"['6d', '8h']","['7h', '4d']","['6h', '3d', 'Ah']",,5s,100,100
275,Turn,1,304,-304,CHECK,0,"['6d', '8h']","['7h', '4d']","['6h', '3d', 'Ah', '8s']",,5s,100,100
275,Turn,0,304,-304,CHECK,0,"['6d', '8h']","['7h', '4d']","['6h', '3d', 'Ah', '8s']",,5s,100,100
275,River,1,304,-304,CHECK,0,"['6d', '8h']","['7h', '4d']","['6h', '3d', 'Ah', '8s', '4s']",,5s,100,100
275,River,0,304,-304,CHECK,0,"['6d', '8h']","['7h', '4d']","['6h', '3d', 'Ah', '8s', '4s']",,5s,100,100
276,Pre-Flop,0,404,-404,RAISE,98,"['As', '5s']","['4h', '9d']","['2h', '6h']",,,1,1
276,Pre-Flop,1,404,-404,CALL,0,"['As', '5s']","['4h', '9d']","['2h', '6h']",,,2,2
276,Flop,0,404,-404,CHECK,0,"['As', '5s']","['4h', '9d']","['2h', '6h', '7s']",,,100,100
276,Flop,1,404,-404,DISCARD,0,"['As', '5s']","['4h', '9d']","['2h', '6h', '7s']",,,100,100
276,Flop,1,404,-404,CHECK,0,"['As', '5s']","['4h', '2d']","['2h', '6h', '7s']",,9d,100,100
276,Turn,0,404,-404,CHECK,0,"['As', '5s']","['4h', '2d']","['2h', '6h', '7s', '6s']",,9d,100,100
276,Turn,1,404,-404,CHECK,0,"['As', '5s']","['4h', '2d']","['2h', '6h', '7s', '6s']",,9d,100,100
276,River,0,404,-404,CHECK,0,"['As', '5s']","['4h', '2d']","['2h', '6h', '7s', '6s', '3s']",,9d,100,100
276,River,1,404,-404,CHECK,0,"['As', '5s']","['4h', '2d']","['2h', '6h', '7s', '6s', '3s']",,9d,100,100
277,Pre-Flop,1,504,-504,RAISE,2,"['7h', 'As']","['6d', '7d']","['2s', '8h']",,,1,1
277,Pre-Flop,0,504,-504,RAISE,96,"['7h', 'As']","['6d', '7d']","['2s', '8h']",,,2,2
277,Pre-Flop,1,504,-504,CALL,0,"['7h', 'As']","['6d', '7d']","['2s', '8h']",,,4,4
277,Pre-Flop,0,504,-504,CHECK,0,"['7h', 'As']","['6d', '7d']","['2s', '8h']",,,100,100
277,Flop,1,504,-504,CHECK,0,"['7h', 'As']","['6d', '7d']","['2s', '8h', '3d']",,,100,100
277,Flop,0,504,-504,CHECK,0,"['7h', 'As']","['6d', '7d']","['2s', '8h', '3d']",,,100,100
277,Turn,1,504,-504,CHECK,0,"['7h', 'As']","['6d', '7d']","['2s', '8h', '3d', '5s']",,,100,100
277,Turn,0,504,-504,CHECK,0,"['7h', 'As']","['6d', '7d']","['2s', '8h', '3d', '5s']",,,100,100
277,River,1,504,-504,CHECK,0,"['7h', 'As']","['6d', '7d']","['2s', '8h', '3d', '5s', '7s']",,,100,100
277,River,0,504,-504,CHECK,0,"['7h', 'As']","['6d', '7d']","['2s', '8h', '3d', '5s', '7s']",,,100,100
278,Pre-Flop,0,604,-604,RAISE,98,"['4d', '8h']","['5s', '7d']","['7h', '6h']",,,1,1
278,Pre-Flop,1,604,-604,CALL,0,"['4d', '8h']","['5s', '7d']","['7h', '6h']",,,2,2
278,Flop,0,604,-604,CHECK,0,"['4d', '8h']","['5s', '7d']","['7h', '6h', 'Ah']",,,100,100
278,Flop,1,604,-604,DISCARD,0,"['4d', '8h']","['5s', '7d']","['7h', '6h', 'Ah']",,,100,100
278,Flop,1,604,-604,CHECK,0,"['4d', '8h']","['5s', '3d']","['7h', '6h', 'Ah']",,7d,100,100
278,Turn,0,604,-604,CHECK,0,"['4d', '8h']","['5s', '3d']","['7h', '6h', 'Ah', 'Ad']",,7d,100,100
278,Turn,1,604,-604,CHECK,0,"['4d', '8h']","['5s', '3d']","['7h', '6h', 'Ah', 'Ad']",,7d,100,100
278,River,0,604,-604,CHECK,0,"['4d', '8h']","['5s', '3d']","['7h', '6h', 'Ah', 'Ad', '4s']",,7d,100,100
278,River,1,604,-604,CHECK,0,"['4d', '8h']","['5s', '3d']","['7h', '6h', 'Ah', 'Ad', '4s']",,7d,100,100
279,Pre-Flop,1,504,-504,RAISE,2,"['2h', '3h']","['6h', '9h']","['9d', '3s']",,,1,1
279,Pre-Flop,0,504,-504,RAISE,96,"['2h', '3h']","['6h', '9h']","['9d', '3s']",,,2,2
279,Pre-Flop,1,504,-504,CALL,0,"['2h', '3h']","['6h', '9h']","['9d', '3s']",,,4,4
279,Pre-Flop,0,504,-504,CHECK,0,"['2h', '3h']","['6h', '9h']","['9d', '3s']",,,100,100
279,Flop,1,504,-504,DISCARD,0,"['2h', '3h']","['6h', '9h']","['9d', '3s', '5h']",,,100,100
279,Flop,1,504,-504,CHECK,0,"['2h', '3h']","['Ah', '9h']","['9d', '3s', '5h']",,6h,100,100
279,Flop,0,504,-504,CHECK,0,"['2h', '3h']","['Ah', '9h']","['9d', '3s', '5h']",,6h,100,100
279,Turn,1,504,-504,CHECK,0,"['2h', '3h']","['Ah', '9h']","['9d', '3s', '5h', 'Ad']",,6h,100,100
279,Turn,0,504,-504,CHECK,0,"['2h', '3h']","['Ah', '9h']","['9d', '3s', '5h', 'Ad']",,6h,100,100
279,River,1,504,-504,CHECK,0,"['2h', '3h']","['Ah', '9h']","['9d', '3s', '5h', 'Ad', '2s']",,6h,100,100
279,River,0,504,-504,CHECK,0,"['2h', '3h']","['Ah', '9h']","['9d', '3s', '5h', 'Ad', '2s']",,6h,100,100
280,Pre-Flop,0,404,-404,RAISE,98,"['7s', '6h']","['7h', '3h']","['5h', 'Ah']",,,1,1
280,Pre-Flop,1,404,-404,CALL,0,"['7s', '6h']","['7h', '3h']","['5h', 'Ah']",,,2,2
280,Flop,0,404,-404,CHECK,0,"['7s', '6h']","['7h', '3h']","['5h', 'Ah', '3d']",,,100,100
280,Flop,1,404,-404,DISCARD,0,"['7s', '6h']","['7h', '3h']","['5h', 'Ah', '3d']",,,100,100
280,Flop,1,404,-404,CHECK,0,"['7s', '6h']","['7h', '3s']","['5h', 'Ah', '3d']",,3h,100,100
280,Turn,0,404,-404,CHECK,0,"['7s', '6h']","['7h', '3s']","['5h', 'Ah', '3d', '7d']",,3h,100,100
280,Turn,1,404,-404,CHECK,0,"['7s', '6h']","['7h', '3s']","['5h', 'Ah', '3d', '7d']",,3h,100,100
280,River,0,404,-404,CHECK,0,"['7s', '6h']","['7h', '3s']","['5h', 'Ah', '3d', '7d', '4s']",,3h,100,100
280,River,1,404,-404,CHECK,0,"['7s', '6h']","['7h', '3s']","['5h', 'Ah', '3d', '7d', '4s']",,3h,100,100
281,Pre-Flop,1,504,-504,RAISE,2,"['6s', '5d']","['3d', '3h']","['6d', 'Ah']",,,1,1
281,Pre-Flop,0,504,-504,RAISE,96,"['6s', '5d']","['3d', '3h']","['6d', 'Ah']",,,2,2
281,Pre-Flop,1,504,-504,DISCARD,0,"['6s', '5d']","['3d', '3h']","['6d', 'Ah']",,,4,4
281,Pre-Flop,1,504,-504,CALL,0,"['6s', '5d']","['4d', '3h']","['6d', 'Ah']",,3d,4,4
281,Pre-Flop,0,504,-504,CHECK,0,"['6s', '5d']","['4d', '3h']","['6d', 'Ah']",,3d,100,100
281,Flop,1,504,-504,CHECK,0,"['6s', '5d']","['4d', '3h']","['6d', 'Ah', '9d']",,3d,100,100
281,Flop,0,504,-504,CHECK,0,"['6s', '5d']","['4d', '3h']","['6d', 'Ah', '9d']",,3d,100,100
281,Turn,1,504,-504,CHECK,0,"['6s', '5d']","['4d', '3h']","['6d', 'Ah', '9d', '5h']",,3d,100,100
281,Turn,0,504,-504,CHECK,0,"['6s', '5d']","['4d', '3h']","['6d', 'Ah', '9d', '5h']",,3d,100,100
281,River,1,504,-504,CHECK,0,"['6s', '5d']","['4d', '3h']","['6d', 'Ah', '9d', '5h', '7h']",,3d,100,100
281,River,0,504,-504,CHECK,0,"['6s', '5d']","['4d', '3h']","['6d', 'Ah', '9d', '5h', '7h']",,3d,100,100
282,Pre-Flop,0,404,-404,RAISE,98,"['4h', '2h']","['3h', '9s']","['5h', '7h']",,,1,1
282,Pre-Flop,1,404,-404,CALL,0,"['4h', '2h']","['3h', '9s']","['5h', '7h']",,,2,2
282,Flop,0,404,-404,CHECK,0,"['4h', '2h']","['3h', '9s']","['5h', '7h', '8s']",,,100,100
282,Flop,1,404,-404,DISCARD,0,"['4h', '2h']","['3h', '9s']","['5h', '7h', '8s']",,,100,100
282,Flop,1,404,-404,CHECK,0,"['4h', '2h']","['3d', '9s']","['5h', '7h', '8s']",,3h,100,100
282,Turn,0,404,-404,CHECK,0,"['4h', '2h']","['3d', '9s']","['5h', '7h', '8s', '5d']",,3h,100,100
282,Turn,1,404,-404,CHECK,0,"['4h', '2h']","['3d', '9s']","['5h', '7h', '8s', '5d']",,3h,100,100
282,River,0,404,-404,CHECK,0,"['4h', '2h']","['3d', '9s']","['5h', '7h', '8s', '5d', '8h']",,3h,100,100
282,River,1,404,-404,CHECK,0,"['4h', '2h']","['3d', '9s']","['5h', '7h', '8s', '5d', '8h']",,3h,100,100
283,Pre-Flop,1,504,-504,RAISE,2,"['4h', '4s']","['8h', 'Ad']","['2s', 'As']",,,1,1
283,Pre-Flop,0,504,-504,RAISE,96,"['4h', '4s']","['8h', 'Ad']","['2s', 'As']",,,2,2
283,Pre-Flop,1,504,-504,CALL,0,"['4h', '4s']","['8h', 'Ad']","['2s', 'As']",,,4,4
283,Pre-Flop,0,504,-504,CHECK,0,"['4h', '4s']","['8h', 'Ad']","['2s', 'As']",,,100,100
283,Flop,1,504,-504,DISCARD,0,"['4h', '4s']","['8h', 'Ad']","['2s', 'As', '9h']",,,100,100
283,Flop,1,504,-504,CHECK,0,"['4h', '4s']","['8h', '9s']","['2s', 'As', '9h']",,Ad,100,100
283,Flop,0,504,-504,CHECK,0,"['4h', '4s']","['8h', '9s']","['2s', 'As', '9h']",,Ad,100,100
283,Turn,1,504,-504,CHECK,0,"['4h', '4s']","['8h', '9s']","['2s', 'As', '9h', '2h']",,Ad,100,100
283,Turn,0,504,-504,CHECK,0,"['4h', '4s']","['8h', '9s']","['2s', 'As', '9h', '2h']",,Ad,100,100
283,River,1,504,-504,CHECK,0,"['4h', '4s']","['8h', '9s']","['2s', 'As', '9h', '2h', '5h']",,Ad,100,100
283,River,0,504,-504,CHECK,0,"['4h', '4s']","['8h', '9s']","['2s', 'As', '9h', '2h', '5h']",,Ad,100,100
284,Pre-Flop,0,404,-404,RAISE,98,"['4d', '5h']","['8h', '8d']","['6h', 'Ah']",,,1,1
284,Pre-Flop,1,404,-404,CALL,0,"['4d', '5h']","['8h', '8d']","['6h', 'Ah']",,,2,2
284,Flop,0,404,-404,CHECK,0,"['4d', '5h']","['8h', '8d']","['6h', 'Ah', '3d']",,,100,100
284,Flop,1,404,-404,DISCARD,0,"['4d', '5h']","['8h', '8d']","['6h', 'Ah', '3d']",,,100,100
284,Flop,1,404,-404,CHECK,0,"['4d', '5h']","['8h', '2s']","['6h', 'Ah', '3d']",,8d,100,100
284,Turn,0,404,-404,CHECK,0,"['4d', '5h']","['8h', '2s']","['6h', 'Ah', '3d', '3s']",,8d,100,100
284,Turn,1,404,-404,CHECK,0,"['4d', '5h']","['8h', '2s']","['6h', 'Ah', '3d', '3s']",,8d,100,100
284,River,0,404,-404,CHECK,0,"['4d', '5h']","['8h', '2s']","['6h', 'Ah', '3d', '3s', '4h']",,8d,100,100
284,River,1,404,-404,CHECK,0,"['4d', '5h']","['8h', '2s']","['6h', 'Ah', '3d', '3s', '4h']",,8d,100,100
285,Pre-Flop,1,504,-504,DISCARD,0,"['2s', '7s']","['6d', '3h']","['2d', '9h']",,,1,1
285,Pre-Flop,1,504,-504,RAISE,2,"['2s', '7s']","['7h', '3h']","['2d', '9h']",,6d,1,1
285,Pre-Flop,0,504,-504,RAISE,96,"['2s', '7s']","['7h', '3h']","['2d', '9h']",,6d,2,2
285,Pre-Flop,1,504,-504,CALL,0,"['2s', '7s']","['7h', '3h']","['2d', '9h']",,6d,4,4
285,Pre-Flop,0,504,-504,CHECK,0,"['2s', '7s']","['7h', '3h']","['2d', '9h']",,6d,100,100
285,Flop,1,504,-504,CHECK,0,"['2s', '7s']","['7h', '3h']","['2d', '9h', '2h']",,6d,100,100
285,Flop,0,504,-504,CHECK,0,"['2s', '7s']","['7h', '3h']","['2d', '9h', '2h']",,6d,100,100
285,Turn,1,504,-504,CHECK,0,"['2s', '7s']","['7h', '3h']","['2d', '9h', '2h', '4h']",,6d,100,100
285,Turn,0,504,-504,CHECK,0,"['2s', '7s']","['7h', '3h']","['2d', '9h', '2h', '4h']",,6d,100,100
285,River,1,504,-504,CHECK,0,"['2s', '7s']","['7h', '3h']","['2d', '9h', '2h', '4h', '9s']",,6d,100,100
285,River,0,504,-504,CHECK,0,"['2s', '7s']","['7h', '3h']","['2d', '9h', '2h', '4h', '9s']",,6d,100,100
286,Pre-Flop,0,604,-604,RAISE,98,"['8h', '7h']","['6d', '6h']","['2d', '9h']",,,1,1
286,Pre-Flop,1,604,-604,CALL,0,"['8h', '7h']","['6d', '6h']","['2d', '9h']",,,2,2
286,Flop,0,604,-604,CHECK,0,"['8h', '7h']","['6d', '6h']","['2d', '9h', '7d']",,,100,100
286,Flop,1,604,-604,DISCARD,0,"['8h', '7h']","['6d', '6h']","['2d', '9h', '7d']",,,100,100
286,Flop,1,604,-604,CHECK,0,"['8h', '7h']","['6d', '7s']","['2d', '9h', '7d']",,6h,100,100
286,Turn,0,604,-604,CHECK,0,"['8h', '7h']","['6d', '7s']","['2d', '9h', '7d', '2h']",,6h,100,100
286,Turn,1,604,-604,CHECK,0,"['8h', '7h']","['6d', '7s']","['2d', '9h', '7d', '2h']",,6h,100,100
286,River,0,604,-604,CHECK,0,"['8h', '7h']","['6d', '7s']","['2d', '9h', '7d', '2h', '4s']",,6h,100,100
286,River,1,604,-604,CHECK,0,"['8h', '7h']","['6d', '7s']","['2d', '9h', '7d', '2h', '4s']",,6h,100,100
287,Pre-Flop,1,604,-604,RAISE,2,"['9h', '7h']","['2h', '2s']","['8d', '6s']",,,1,1
287,Pre-Flop,0,604,-604,RAISE,96,"['9h', '7h']","['2h', '2s']","['8d', '6s']",,,2,2
287,Pre-Flop,1,604,-604,DISCARD,0,"['9h', '7h']","['2h', '2s']","['8d', '6s']",,,4,4
287,Pre-Flop,1,604,-604,CALL,0,"['9h', '7h']","['4h', '2s']","['8d', '6s']",,2h,4,4
287,Pre-Flop,0,604,-604,CHECK,0,"['9h', '7h']","['4h', '2s']","['8d', '6s']",,2h,100,100
287,Flop,1,604,-604,CHECK,0,"['9h', '7h']","['4h', '2s']","['8d', '6s', '3d']",,2h,100,100
287,Flop,0,604,-604,CHECK,0,"['9h', '7h']","['4h', '2s']","['8d', '6s', '3d']",,2h,100,100
287,Turn,1,604,-604,CHECK,0,"['9h', '7h']","['4h', '2s']","['8d', '6s', '3d', '6h']",,2h,100,100
287,Turn,0,604,-604,CHECK,0,"['9h', '7h']","['4h', '2s']","['8d', '6s', '3d', '6h']",,2h,100,100
287,River,1,604,-604,CHECK,0,"['9h', '7h']","['4h', '2s']","['8d', '6s', '3d', '6h', '8h']",,2h,100,100
287,River,0,604,-604,CHECK,0,"['9h', '7h']","['4h', '2s']","['8d', '6s', '3d', '6h', '8h']",,2h,100,100
288,Pre-Flop,0,704,-704,RAISE,98,"['8s', '2s']","['8d', '9h']","['2h', '5s']",,,1,1
288,Pre-Flop,1,704,-704,CALL,0,"['8s', '2s']","['8d', '9h']","['2h', '5s']",,,2,2
288,Flop,0,704,-704,CHECK,0,"['8s', '2s']","['8d', '9h']","['2h', '5s', '6d']",,,100,100
288,Flop,1,704,-704,DISCARD,0,"['8s', '2s']","['8d', '9h']","['2h', '5s', '6d']",,,100,100
288,Flop,1,704,-704,CHECK,0,"['8s', '2s']","['Ad', '9h']","['2h', '5s', '6d']",,8d,100,100
288,Turn,0,704,-704,CHECK,0,"['8s', '2s']","['Ad', '9h']","['2h', '5s', '6d', '4d']",,8d,100,100
288,Turn,1,704,-704,CHECK,0,"['8s', '2s']","['Ad', '9h']","['2h', '5s', '6d', '4d']",,8d,100,100
288,River,0,704,-704,CHECK,0,"['8s', '2s']","['Ad', '9h']","['2h', '5s', '6d', '4d', '4h']",,8d,100,100
288,River,1,704,-704,CHECK,0,"['8s', '2s']","['Ad', '9h']","['2h', '5s', '6d', '4d', '4h']",,8d,100,100
289,Pre-Flop,1,804,-804,RAISE,2,"['9h', '6h']","['5h', '5s']","['7h', 'Ad']",,,1,1
289,Pre-Flop,0,804,-804,RAISE,96,"['9h', '6h']","['5h', '5s']","['7h', 'Ad']",,,2,2
289,Pre-Flop,1,804,-804,CALL,0,"['9h', '6h']","['5h', '5s']","['7h', 'Ad']",,,4,4
289,Pre-Flop,0,804,-804,CHECK,0,"['9h', '6h']","['5h', '5s']","['7h', 'Ad']",,,100,100
289,Flop,1,804,-804,DISCARD,0,"['9h', '6h']","['5h', '5s']","['7h', 'Ad', '4d']",,,100,100
289,Flop,1,804,-804,CHECK,0,"['9h', '6h']","['5h', '2h']","['7h', 'Ad', '4d']",,5s,100,100
289,Flop,0,804,-804,CHECK,0,"['9h', '6h']","['5h', '2h']","['7h', 'Ad', '4d']",,5s,100,100
289,Turn,1,804,-804,CHECK,0,"['9h', '6h']","['5h', '2h']","['7h', 'Ad', '4d', '9d']",,5s,100,100
289,Turn,0,804,-804,CHECK,0,"['9h', '6h']","['5h', '2h']","['7h', 'Ad', '4d', '9d']",,5s,100,100
289,River,1,804,-804,CHECK,0,"['9h', '6h']","['5h', '2h']","['7h', 'Ad', '4d', '9d', '3s']",,5s,100,100
289,River,0,804,-804,CHECK,0,"['9h', '6h']","['5h', '2h']","['7h', 'Ad', '4d', '9d', '3s']",,5s,100,100
290,Pre-Flop,0,704,-704,RAISE,98,"['2d', 'Ad']","['8h', '4h']","['4d', '3s']",,,1,1
290,Pre-Flop,1,704,-704,CALL,0,"['2d', 'Ad']","['8h', '4h']","['4d', '3s']",,,2,2
290,Flop,0,704,-704,CHECK,0,"['2d', 'Ad']","['8h', '4h']","['4d', '3s', '9h']",,,100,100
290,Flop,1,704,-704,DISCARD,0,"['2d', 'Ad']","['8h', '4h']","['4d', '3s', '9h']",,,100,100
290,Flop,1,704,-704,CHECK,0,"['2d', 'Ad']","['8h', '7h']","['4d', '3s', '9h']",,4h,100,100
290,Turn,0,704,-704,CHECK,0,"['2d', 'Ad']","['8h', '7h']","['4d', '3s', '9h', '2s']",,4h,100,100
290,Turn,1,704,-704,CHECK,0,"['2d', 'Ad']","['8h', '7h']","['4d', '3s', '9h', '2s']",,4h,100,100
290,River,0,704,-704,CHECK,0,"['2d', 'Ad']","['8h', '7h']","['4d', '3s', '9h', '2s', '7d']",,4h,100,100
290,River,1,704,-704,CHECK,0,"['2d', 'Ad']","['8h', '7h']","['4d', '3s', '9h', '2s', '7d']",,4h,100,100
291,Pre-Flop,1,604,-604,RAISE,2,"['2s', '6h']","['5d', '5s']","['8s', 'Ah']",,,1,1
291,Pre-Flop,0,604,-604,RAISE,96,"['2s', '6h']","['5d', '5s']","['8s', 'Ah']",,,2,2
291,Pre-Flop,1,604,-604,CALL,0,"['2s', '6h']","['5d', '5s']","['8s', 'Ah']",,,4,4
291,Pre-Flop,0,604,-604,CHECK,0,"['2s', '6h']","['5d', '5s']","['8s', 'Ah']",,,100,100
291,Flop,1,604,-604,DISCARD,0,"['2s', '6h']","['5d', '5s']","['8s', 'Ah', '3s']",,,100,100
291,Flop,1,604,-604,CHECK,0,"['2s', '6h']","['6d', '5s']","['8s', 'Ah', '3s']",,5d,100,100
291,Flop,0,604,-604,CHECK,0,"['2s', '6h']","['6d', '5s']","['8s', 'Ah', '3s']",,5d,100,100
291,Turn,1,604,-604,CHECK,0,"['2s', '6h']","['6d', '5s']","['8s', 'Ah', '3s', '4d']",,5d,100,100
291,Turn,0,604,-604,CHECK,0,"['2s', '6h']","['6d', '5s']","['8s', 'Ah', '3s', '4d']",,5d,100,100
291,River,1,604,-604,CHECK,0,"['2s', '6h']","['6d', '5s']","['8s', 'Ah', '3s', '4d', '8h']",,5d,100,100
291,River,0,604,-604,CHECK,0,"['2s', '6h']","['6d', '5s']","['8s', 'Ah', '3s', '4d', '8h']",,5d,100,100
292,Pre-Flop,0,504,-504,RAISE,98,"['3s', '6h']","['7d', '5s']","['5d', '7h']",,,1,1
292,Pre-Flop,1,504,-504,CALL,0,"['3s', '6h']","['7d', '5s']","['5d', '7h']",,,2,2
292,Flop,0,504,-504,CHECK,0,"['3s', '6h']","['7d', '5s']","['5d', '7h', 'As']",,,100,100
292,Flop,1,504,-504,DISCARD,0,"['3s', '6h']","['7d', '5s']","['5d', '7h', 'As']",,,100,100
292,Flop,1,504,-504,CHECK,0,"['3s', '6h']","['7d', '8h']","['5d', '7h', 'As']",,5s,100,100
292,Turn,0,504,-504,CHECK,0,"['3s', '6h']","['7d', '8h']","['5d', '7h', 'As', '6s']",,5s,100,100
292,Turn,1,504,-504,CHECK,0,"['3s', '6h']","['7d', '8h']","['5d', '7h', 'As', '6s']",,5s,100,100
292,River,0,504,-504,CHECK,0,"['3s', '6h']","['7d', '8h']","['5d', '7h', 'As', '6s', '3h']",,5s,100,100
292,River,1,504,-504,CHECK,0,"['3s', '6h']","['7d', '8h']","['5d', '7h', 'As', '6s', '3h']",,5s,100,100
293,Pre-Flop,1,604,-604,RAISE,3,"['4h', '5s']","['8s', '3s']","['Ah', '7h']",,,1,1
293,Pre-Flop,0,604,-604,RAISE,95,"['4h', '5s']","['8s', '3s']","['Ah', '7h']",,,2,2
293,Pre-Flop,1,604,-604,CALL,0,"['4h', '5s']","['8s', '3s']","['Ah', '7h']",,,5,5
293,Pre-Flop,0,604,-604,CHECK,0,"['4h', '5s']","['8s', '3s']","['Ah', '7h']",,,100,100
293,Flop,1,604,-604,DISCARD,0,"['4h', '5s']","['8s', '3s']","['Ah', '7h', '6s']",,,100,100
293,Flop,1,604,-604,CHECK,0,"['4h', '5s']","['8s', '3d']","['Ah', '7h', '6s']",,3s,100,100
293,Flop,0,604,-604,CHECK,0,"['4h', '5s']","['8s', '3d']","['Ah', '7h', '6s']",,3s,100,100
293,Turn,1,604,-604,CHECK,0,"['4h', '5s']","['8s', '3d']","['Ah', '7h', '6s', '8d']",,3s,100,100
293,Turn,0,604,-604,CHECK,0,"['4h', '5s']","['8s', '3d']","['Ah', '7h', '6s', '8d']",,3s,100,100
293,River,1,604,-604,CHECK,0,"['4h', '5s']","['8s', '3d']","['Ah', '7h', '6s', '8d', '2s']",,3s,100,100
293,River,0,604,-604,CHECK,0,"['4h', '5s']","['8s', '3d']","['Ah', '7h', '6s', '8d', '2s']",,3s,100,100
294,Pre-Flop,0,704,-704,RAISE,98,"['7d', '5s']","['4d', '7s']","['3d', '7h']",,,1,1
294,Pre-Flop,1,704,-704,CALL,0,"['7d', '5s']","['4d', '7s']","['3d', '7h']",,,2,2
294,Flop,0,704,-704,CHECK,0,"['7d', '5s']","['4d', '7s']","['3d', '7h', '3s']",,,100,100
294,Flop,1,704,-704,DISCARD,0,"['7d', '5s']","['4d', '7s']","['3d', '7h', '3s']",,,100,100
294,Flop,1,704,-704,CHECK,0,"['7d', '5s']","['4d', '9d']","['3d', '7h', '3s']",,7s,100,100
294,Turn,0,704,-704,CHECK,0,"['7d', '5s']","['4d', '9d']","['3d', '7h', '3s', '8s']",,7s,100,100
294,Turn,1,704,-704,CHECK,0,"['7d', '5s']","['4d', '9d']","['3d', '7h', '3s', '8s']",,7s,100,100
294,River,0,704,-704,CHECK,0,"['7d', '5s']","['4d', '9d']","['3d', '7h', '3s', '8s', '9h']",,7s,100,100
294,River,1,704,-704,CHECK,0,"['7d', '5s']","['4d', '9d']","['3d', '7h', '3s', '8s', '9h']",,7s,100,100
295,Pre-Flop,1,604,-604,RAISE,2,"['7d', '5s']","['7s', '3s']","['9d', '8s']",,,1,1
295,Pre-Flop,0,604,-604,RAISE,96,"['7d', '5s']","['7s', '3s']","['9d', '8s']",,,2,2
295,Pre-Flop,1,604,-604,DISCARD,0,"['7d', '5s']","['7s', '3s']","['9d', '8s']",,,4,4
295,Pre-Flop,1,604,-604,CALL,0,"['7d', '5s']","['7s', '7h']","['9d', '8s']",,3s,4,4
295,Pre-Flop,0,604,-604,CHECK,0,"['7d', '5s']","['7s', '7h']","['9d', '8s']",,3s,100,100
295,Flop,1,604,-604,CHECK,0,"['7d', '5s']","['7s', '7h']","['9d', '8s', '6h']",,3s,100,100
295,Flop,0,604,-604,CHECK,0,"['7d', '5s']","['7s', '7h']","['9d', '8s', '6h']",,3s,100,100
295,Turn,1,604,-604,CHECK,0,"['7d', '5s']","['7s', '7h']","['9d', '8s', '6h', '4s']",,3s,100,100
295,Turn,0,604,-604,CHECK,0,"['7d', '5s']","['7s', '7h']","['9d', '8s', '6h', '4s']",,3s,100,100
295,River,1,604,-604,CHECK,0,"['7d', '5s']","['7s', '7h']","['9d', '8s', '6h', '4s', 'As']",,3s,100,100
295,River,0,604,-604,CHECK,0,"['7d', '5s']","['7s', '7h']","['9d', '8s', '6h', '4s', 'As']",,3s,100,100
296,Pre-Flop,0,604,-604,RAISE,98,"['9d', '7h']","['3d', '2h']","['2d', '8h']",,,1,1
296,Pre-Flop,1,604,-604,CALL,0,"['9d', '7h']","['3d', '2h']","['2d', '8h']",,,2,2
296,Flop,0,604,-604,CHECK,0,"['9d', '7h']","['3d', '2h']","['2d', '8h', '6h']",,,100,100
296,Flop,1,604,-604,DISCARD,0,"['9d', '7h']","['3d', '2h']","['2d', '8h', '6h']",,,100,100
296,Flop,1,604,-604,CHECK,0,"['9d', '7h']","['3d', '4h']","['2d', '8h', '6h']",,2h,100,100
296,Turn,0,604,-604,CHECK,0,"['9d', '7h']","['3d', '4h']","['2d', '8h', '6h', '7s']",,2h,100,100
296,Turn,1,604,-604,CHECK,0,"['9d', '7h']","['3d', '4h']","['2d', '8h', '6h', '7s']",,2h,100,100
296,River,0,604,-604,CHECK,0,"['9d', '7h']","['3d', '4h']","['2d', '8h', '6h', '7s', '4s']",,2h,100,100
296,River,1,604,-604,CHECK,0,"['9d', '7h']","['3d', '4h']","['2d', '8h', '6h', '7s', '4s']",,2h,100,100
297,Pre-Flop,1,704,-704,RAISE,2,"['6d', '7s']","['2h', '6s']","['5h', '5s']",,,1,1
297,Pre-Flop,0,704,-704,RAISE,96,"['6d', '7s']","['2h', '6s']","['5h', '5s']",,,2,2
297,Pre-Flop,1,704,-704,CALL,0,"['6d', '7s']","['2h', '6s']","['5h', '5s']",,,4,4
297,Pre-Flop,0,704,-704,CHECK,0,"['6d', '7s']","['2h', '6s']","['5h', '5s']",,,100,100
297,Flop,1,704,-704,DISCARD,0,"['6d', '7s']","['2h', '6s']","['5h', '5s', '9d']",,,100,100
297,Flop,1,704,-704,CHECK,0,"['6d', '7s']","['4s', '6s']","['5h', '5s', '9d']",,2h,100,100
297,Flop,0,704,-704,CHECK,0,"['6d', '7s']","['4s', '6s']","['5h', '5s', '9d']",,2h,100,100
297,Turn,1,704,-704,CHECK,0,"['6d', '7s']","['4s', '6s']","['5h', '5s', '9d', '4h']",,2h,100,100
297,Turn,0,704,-704,CHECK,0,"['6d', '7s']","['4s', '6s']","['5h', '5s', '9d', '4h']",,2h,100,100
297,River,1,704,-704,CHECK,0,"['6d', '7s']","['4s', '6s']","['5h', '5s', '9d', '4h', '2d']",,2h,100,100
297,River,0,704,-704,CHECK,0,"['6d', '7s']","['4s', '6s']","['5h', '5s', '9d', '4h', '2d']",,2h,100,100
298,Pre-Flop,0,604,-604,RAISE,98,"['2d', '7s']","['5s', '5d']","['4s', '9d']",,,1,1
298,Pre-Flop,1,604,-604,CALL,0,"['2d', '7s']","['5s', '5d']","['4s', '9d']",,,2,2
298,Flop,0,604,-604,CHECK,0,"['2d', '7s']","['5s', '5d']","['4s', '9d', '6s']",,,100,100
298,Flop,1,604,-604,DISCARD,0,"['2d', '7s']","['5s', '5d']","['4s', '9d', '6s']",,,100,100
298,Flop,1,604,-604,CHECK,0,"['2d', '7s']","['5s', '6d']","['4s', '9d', '6s']",,5d,100,100
298,Turn,0,604,-604,CHECK,0,"['2d', '7s']","['5s', '6d']","['4s', '9d', '6s', '4d']",,5d,100,100
298,Turn,1,604,-604,CHECK,0,"['2d', '7s']","['5s', '6d']","['4s', '9d', '6s', '4d']",,5d,100,100
298,River,0,604,-604,CHECK,0,"['2d', '7s']","['5s', '6d']","['4s', '9d', '6s', '4d', 'Ad']",,5d,100,100
298,River,1,604,-604,CHECK,0,"['2d', '7s']","['5s', '6d']","['4s', '9d', '6s', '4d', 'Ad']",,5d,100,100
299,Pre-Flop,1,504,-504,CALL,0,"['5d', '7h']","['4d', '6d']","['8d', '9s']",,,1,1
299,Pre-Flop,0,504,-504,RAISE,98,"['5d', '7h']","['4d', '6d']","['8d', '9s']",,,2,2
299,Pre-Flop,1,504,-504,DISCARD,0,"['5d', '7h']","['4d', '6d']","['8d', '9s']",,,2,2
299,Pre-Flop,1,504,-504,CALL,0,"['5d', '7h']","['6s', '6d']","['8d', '9s']",,4d,2,2
299,Pre-Flop,0,504,-504,CHECK,0,"['5d', '7h']","['6s', '6d']","['8d', '9s']",,4d,100,100
299,Flop,1,504,-504,CHECK,0,"['5d', '7h']","['6s', '6d']","['8d', '9s', '4h']",,4d,100,100
299,Flop,0,504,-504,CHECK,0,"['5d', '7h']","['6s', '6d']","['8d', '9s', '4h']",,4d,100,100
299,Turn,1,504,-504,CHECK,0,"['5d', '7h']","['6s', '6d']","['8d', '9s', '4h', '9h']",,4d,100,100
299,Turn,0,504,-504,CHECK,0,"['5d', '7h']","['6s', '6d']","['8d', '9s', '4h', '9h']",,4d,100,100
299,River,1,504,-504,CHECK,0,"['5d', '7h']","['6s', '6d']","['8d', '9s', '4h', '9h', '7s']",,4d,100,100
299,River,0,504,-504,CHECK,0,"['5d', '7h']","['6s', '6d']","['8d', '9s', '4h', '9h', '7s']",,4d,100,100
300,Pre-Flop,0,604,-604,RAISE,98,"['9d', '2d']","['4s', '8s']","['6d', '2s']",,,1,1
300,Pre-Flop,1,604,-604,CALL,0,"['9d', '2d']","['4s', '8s']","['6d', '2s']",,,2,2
300,Flop,0,604,-604,CHECK,0,"['9d', '2d']","['4s', '8s']","['6d', '2s', '5s']",,,100,100
300,Flop,1,604,-604,DISCARD,0,"['9d', '2d']","['4s', '8s']","['6d', '2s', '5s']",,,100,100
300,Flop,1,604,-604,CHECK,0,"['9d', '2d']","['4s', '8d']","['6d', '2s', '5s']",,8s,100,100
300,Turn,0,604,-604,CHECK,0,"['9d', '2d']","['4s', '8d']","['6d', '2s', '5s', '3d']",,8s,100,100
300,Turn,1,604,-604,CHECK,0,"['9d', '2d']","['4s', '8d']","['6d', '2s', '5s', '3d']",,8s,100,100
300,River,0,604,-604,CHECK,0,"['9d', '2d']","['4s', '8d']","['6d', '2s', '5s', '3d', '3s']",,8s,100,100
300,River,1,604,-604,CHECK,0,"['9d', '2d']","['4s', '8d']","['6d', '2s', '5s', '3d', '3s']",,8s,100,100
301,Pre-Flop,1,504,-504,RAISE,2,"['6h', '7d']","['2d', '8d']","['Ad', '8s']",,,1,1
301,Pre-Flop,0,504,-504,RAISE,96,"['6h', '7d']","['2d', '8d']","['Ad', '8s']",,,2,2
301,Pre-Flop,1,504,-504,CALL,0,"['6h', '7d']","['2d', '8d']","['Ad', '8s']",,,4,4
301,Pre-Flop,0,504,-504,CHECK,0,"['6h', '7d']","['2d', '8d']","['Ad', '8s']",,,100,100
301,Flop,1,504,-504,DISCARD,0,"['6h', '7d']","['2d', '8d']","['Ad', '8s', '8h']",,,100,100
301,Flop,1,504,-504,CHECK,0,"['6h', '7d']","['7s', '8d']","['Ad', '8s', '8h']",,2d,100,100
301,Flop,0,504,-504,CHECK,0,"['6h', '7d']","['7s', '8d']","['Ad', '8s', '8h']",,2d,100,100
301,Turn,1,504,-504,CHECK,0,"['6h', '7d']","['7s', '8d']","['Ad', '8s', '8h', 'As']",,2d,100,100
301,Turn,0,504,-504,CHECK,0,"['6h', '7d']","['7s', '8d']","['Ad', '8s', '8h', 'As']",,2d,100,100
301,River,1,504,-504,CHECK,0,"['6h', '7d']","['7s', '8d']","['Ad', '8s', '8h', 'As', '6s']",,2d,100,100
301,River,0,504,-504,CHECK,0,"['6h', '7d']","['7s', '8d']","['Ad', '8s', '8h', 'As', '6s']",,2d,100,100
302,Pre-Flop,0,404,-404,RAISE,98,"['9h', '7s']","['6h', '8d']","['Ah', '4s']",,,1,1
302,Pre-Flop,1,404,-404,CALL,0,"['9h', '7s']","['6h', '8d']","['Ah', '4s']",,,2,2
302,Flop,0,404,-404,CHECK,0,"['9h', '7s']","['6h', '8d']","['Ah', '4s', '9s']",,,100,100
302,Flop,1,404,-404,DISCARD,0,"['9h', '7s']","['6h', '8d']","['Ah', '4s', '9s']",,,100,100
302,Flop,1,404,-404,CHECK,0,"['9h', '7s']","['6h', '8s']","['Ah', '4s', '9s']",,8d,100,100
302,Turn,0,404,-404,CHECK,0,"['9h', '7s']","['6h', '8s']","['Ah', '4s', '9s', '6s']",,8d,100,100
302,Turn,1,404,-404,CHECK,0,"['9h', '7s']","['6h', '8s']","['Ah', '4s', '9s', '6s']",,8d,100,100
302,River,0,404,-404,CHECK,0,"['9h', '7s']","['6h', '8s']","['Ah', '4s', '9s', '6s', '5s']",,8d,100,100
302,River,1,404,-404,CHECK,0,"['9h', '7s']","['6h', '8s']","['Ah', '4s', '9s', '6s', '5s']",,8d,100,100
303,Pre-Flop,1,304,-304,RAISE,2,"['2h', '7s']","['8d', '9h']","['7h', '3d']",,,1,1
303,Pre-Flop,0,304,-304,RAISE,96,"['2h', '7s']","['8d', '9h']","['7h', '3d']",,,2,2
303,Pre-Flop,1,304,-304,CALL,0,"['2h', '7s']","['8d', '9h']","['7h', '3d']",,,4,4
303,Pre-Flop,0,304,-304,CHECK,0,"['2h', '7s']","['8d', '9h']","['7h', '3d']",,,100,100
303,Flop,1,304,-304,DISCARD,0,"['2h', '7s']","['8d', '9h']","['7h', '3d', 'Ad']",,,100,100
303,Flop,1,304,-304,CHECK,0,"['2h', '7s']","['8d', '4s']","['7h', '3d', 'Ad']",,9h,100,100
303,Flop,0,304,-304,CHECK,0,"['2h', '7s']","['8d', '4s']","['7h', '3d', 'Ad']",,9h,100,100
303,Turn,1,304,-304,CHECK,0,"['2h', '7s']","['8d', '4s']","['7h', '3d', 'Ad', '5h']",,9h,100,100
303,Turn,0,304,-304,CHECK,0,"['2h', '7s']","['8d', '4s']","['7h', '3d', 'Ad', '5h']",,9h,100,100
303,River,1,304,-304,CHECK,0,"['2h', '7s']","['8d', '4s']","['7h', '3d', 'Ad', '5h', '6s']",,9h,100,100
303,River,0,304,-304,CHECK,0,"['2h', '7s']","['8d', '4s']","['7h', '3d', 'Ad', '5h', '6s']",,9h,100,100
304,Pre-Flop,0,204,-204,RAISE,98,"['2d', '5s']","['4d', '3h']","['4h', '9d']",,,1,1
304,Pre-Flop,1,204,-204,CALL,0,"['2d', '5s']","['4d', '3h']","['4h', '9d']",,,2,2
304,Flop,0,204,-204,CHECK,0,"['2d', '5s']","['4d', '3h']","['4h', '9d', '3d']",,,100,100
304,Flop,1,204,-204,CHECK,0,"['2d', '5s']","['4d', '3h']","['4h', '9d', '3d']",,,100,100
304,Turn,0,204,-204,CHECK,0,"['2d', '5s']","['4d', '3h']","['4h', '9d', '3d', '9h']",,,100,100
304,Turn,1,204,-204,CHECK,0,"['2d', '5s']","['4d', '3h']","['4h', '9d', '3d', '9h']",,,100,100
304,River,0,204,-204,CHECK,0,"['2d', '5s']","['4d', '3h']","['4h', '9d', '3d', '9h', '2h']",,,100,100
304,River,1,204,-204,CHECK,0,"['2d', '5s']","['4d', '3h']","['4h', '9d', '3d', '9h', '2h']",,,100,100
305,Pre-Flop,1,104,-104,DISCARD,0,"['Ad', '4d']","['6h', 'Ah']","['3d', '7h']",,,1,1
305,Pre-Flop,1,104,-104,RAISE,2,"['Ad', '4d']","['9h', 'Ah']","['3d', '7h']",,6h,1,1
305,Pre-Flop,0,104,-104,RAISE,96,"['Ad', '4d']","['9h', 'Ah']","['3d', '7h']",,6h,2,2
305,Pre-Flop,1,104,-104,CALL,0,"['Ad', '4d']","['9h', 'Ah']","['3d', '7h']",,6h,4,4
305,Pre-Flop,0,104,-104,CHECK,0,"['Ad', '4d']","['9h', 'Ah']","['3d', '7h']",,6h,100,100
305,Flop,1,104,-104,CHECK,0,"['Ad', '4d']","['9h', 'Ah']","['3d', '7h', 'As']",,6h,100,100
305,Flop,0,104,-104,CHECK,0,"['Ad', '4d']","['9h', 'Ah']","['3d', '7h', 'As']",,6h,100,100
305,Turn,1,104,-104,CHECK,0,"['Ad', '4d']","['9h', 'Ah']","['3d', '7h', 'As', '4h']",,6h,100,100
305,Turn,0,104,-104,CHECK,0,"['Ad', '4d']","['9h', 'Ah']","['3d', '7h', 'As', '4h']",,6h,100,100
305,River,1,104,-104,CHECK,0,"['Ad', '4d']","['9h', 'Ah']","['3d', '7h', 'As', '4h', '7d']",,6h,100,100
305,River,0,104,-104,CHECK,0,"['Ad', '4d']","['9h', 'Ah']","['3d', '7h', 'As', '4h', '7d']",,6h,100,100
306,Pre-Flop,0,4,-4,RAISE,98,"['7h', '2h']","['8h', '5h']","['6h', 'Ad']",,,1,1
306,Pre-Flop,1,4,-4,CALL,0,"['7h', '2h']","['8h', '5h']","['6h', 'Ad']",,,2,2
306,Flop,0,4,-4,CHECK,0,"['7h', '2h']","['8h', '5h']","['6h', 'Ad', '3s']",,,100,100
306,Flop,1,4,-4,DISCARD,0,"['7h', '2h']","['8h', '5h']","['6h', 'Ad', '3s']",,,100,100
306,Flop,1,4,-4,CHECK,0,"['7h', '2h']","['4h', '5h']","['6h', 'Ad', '3s']",,8h,100,100
306,Turn,0,4,-4,CHECK,0,"['7h', '2h']","['4h', '5h']","['6h', 'Ad', '3s', 'Ah']",,8h,100,100
306,Turn,1,4,-4,CHECK,0,"['7h', '2h']","['4h', '5h']","['6h', 'Ad', '3s', 'Ah']",,8h,100,100
306,River,0,4,-4,CHECK,0,"['7h', '2h']","['4h', '5h']","['6h', 'Ad', '3s', 'Ah', '7d']",,8h,100,100
306,River,1,4,-4,CHECK,0,"['7h', '2h']","['4h', '5h']","['6h', 'Ad', '3s', 'Ah', '7d']",,8h,100,100
307,Pre-Flop,1,-96,96,CALL,0,"['3h', '3s']","['5d', '4d']","['7d', '5s']",,,1,1
307,Pre-Flop,0,-96,96,RAISE,98,"['3h', '3s']","['5d', '4d']","['7d', '5s']",,,2,2
307,Pre-Flop,1,-96,96,DISCARD,0,"['3h', '3s']","['5d', '4d']","['7d', '5s']",,,2,2
307,Pre-Flop,1,-96,96,CALL,0,"['3h', '3s']","['5d', '6h']","['7d', '5s']",,4d,2,2
307,Pre-Flop,0,-96,96,CHECK,0,"['3h', '3s']","['5d', '6h']","['7d', '5s']",,4d,100,100
307,Flop,1,-96,96,CHECK,0,"['3h', '3s']","['5d', '6h']","['7d', '5s', '7h']",,4d,100,100
307,Flop,0,-96,96,CHECK,0,"['3h', '3s']","['5d', '6h']","['7d', '5s', '7h']",,4d,100,100
307,Turn,1,-96,96,CHECK,0,"['3h', '3s']","['5d', '6h']","['7d', '5s', '7h', '9h']",,4d,100,100
307,Turn,0,-96,96,CHECK,0,"['3h', '3s']","['5d', '6h']","['7d', '5s', '7h', '9h']",,4d,100,100
307,River,1,-96,96,CHECK,0,"['3h', '3s']","['5d', '6h']","['7d', '5s', '7h', '9h', '8d']",,4d,100,100
307,River,0,-96,96,CHECK,0,"['3h', '3s']","['5d', '6h']","['7d', '5s', '7h', '9h', '8d']",,4d,100,100
308,Pre-Flop,0,-196,196,RAISE,98,"['4h', '7s']","['2h', '6s']","['3s', '3d']",,,1,1
308,Pre-Flop,1,-196,196,CALL,0,"['4h', '7s']","['2h', '6s']","['3s', '3d']",,,2,2
308,Flop,0,-196,196,CHECK,0,"['4h', '7s']","['2h', '6s']","['3s', '3d', '9d']",,,100,100
308,Flop,1,-196,196,DISCARD,0,"['4h', '7s']","['2h', '6s']","['3s', '3d', '9d']",,,100,100
308,Flop,1,-196,196,CHECK,0,"['4h', '7s']","['Ad', '6s']","['3s', '3d', '9d']",,2h,100,100
308,Turn,0,-196,196,CHECK,0,"['4h', '7s']","['Ad', '6s']","['3s', '3d', '9d', '9s']",,2h,100,100
308,Turn,1,-196,196,CHECK,0,"['4h', '7s']","['Ad', '6s']","['3s', '3d', '9d', '9s']",,2h,100,100
308,River,0,-196,196,CHECK,0,"['4h', '7s']","['Ad', '6s']","['3s', '3d', '9d', '9s', '9h']",,2h,100,100
308,River,1,-196,196,CHECK,0,"['4h', '7s']","['Ad', '6s']","['3s', '3d', '9d', '9s', '9h']",,2h,100,100
309,Pre-Flop,1,-196,196,RAISE,2,"['As', 'Ad']","['9h', '5h']","['4d', '7d']",,,1,1
309,Pre-Flop,0,-196,196,RAISE,96,"['As', 'Ad']","['9h', '5h']","['4d', '7d']",,,2,2
309,Pre-Flop,1,-196,196,DISCARD,0,"['As', 'Ad']","['9h', '5h']","['4d', '7d']",,,4,4
309,Pre-Flop,1,-196,196,CALL,0,"['As', 'Ad']","['9h', '3d']","['4d', '7d']",,5h,4,4
309,Pre-Flop,0,-196,196,CHECK,0,"['As', 'Ad']","['9h', '3d']","['4d', '7d']",,5h,100,100
309,Flop,1,-196,196,CHECK,0,"['As', 'Ad']","['9h', '3d']","['4d', '7d', '9s']",,5h,100,100
309,Flop,0,-196,196,CHECK,0,"['As', 'Ad']","['9h', '3d']","['4d', '7d', '9s']",,5h,100,100
309,Turn,1,-196,196,CHECK,0,"['As', 'Ad']","['9h', '3d']","['4d', '7d', '9s', '8s']",,5h,100,100
309,Turn,0,-196,196,CHECK,0,"['As', 'Ad']","['9h', '3d']","['4d', '7d', '9s', '8s']",,5h,100,100
309,River,1,-196,196,CHECK,0,"['As', 'Ad']","['9h', '3d']","['4d', '7d', '9s', '8s', '7s']",,5h,100,100
309,River,0,-196,196,CHECK,0,"['As', 'Ad']","['9h', '3d']","['4d', '7d', '9s', '8s', '7s']",,5h,100,100
310,Pre-Flop,0,-96,96,RAISE,98,"['6h', '9h']","['6s', '5d']","['3s', '8h']",,,1,1
310,Pre-Flop,1,-96,96,CALL,0,"['6h', '9h']","['6s', '5d']","['3s', '8h']",,,2,2
310,Flop,0,-96,96,CHECK,0,"['6h', '9h']","['6s', '5d']","['3s', '8h', '5s']",,,100,100
310,Flop,1,-96,96,DISCARD,0,"['6h', '9h']","['6s', '5d']","['3s', '8h', '5s']",,,100,100
310,Flop,1,-96,96,CHECK,0,"['6h', '9h']","['6s', '9s']","['3s', '8h', '5s']",,5d,100,100
310,Turn,0,-96,96,CHECK,0,"['6h', '9h']","['6s', '9s']","['3s', '8h', '5s', '9d']",,5d,100,100
310,Turn,1,-96,96,CHECK,0,"['6h', '9h']","['6s', '9s']","['3s', '8h', '5s', '9d']",,5d,100,100
310,River,0,-96,96,CHECK,0,"['6h', '9h']","['6s', '9s']","['3s', '8h', '5s', '9d', '7s']",,5d,100,100
310,River,1,-96,96,CHECK,0,"['6h', '9h']","['6s', '9s']","['3s', '8h', '5s', '9d', '7s']",,5d,100,100
311,Pre-Flop,1,-196,196,RAISE,2,"['2s', '4h']","['4s', '3d']","['9h', '7d']",,,1,1
311,Pre-Flop,0,-196,196,RAISE,96,"['2s', '4h']","['4s', '3d']","['9h', '7d']",,,2,2
311,Pre-Flop,1,-196,196,CALL,0,"['2s', '4h']","['4s', '3d']","['9h', '7d']",,,4,4
311,Pre-Flop,0,-196,196,CHECK,0,"['2s', '4h']","['4s', '3d']","['9h', '7d']",,,100,100
311,Flop,1,-196,196,DISCARD,0,"['2s', '4h']","['4s', '3d']","['9h', '7d', '6d']",,,100,100
311,Flop,1,-196,196,CHECK,0,"['2s', '4h']","['4s', '3h']","['9h', '7d', '6d']",,3d,100,100
311,Flop,0,-196,196,CHECK,0,"['2s', '4h']","['4s', '3h']","['9h', '7d', '6d']",,3d,100,100
311,Turn,1,-196,196,CHECK,0,"['2s', '4h']","['4s', '3h']","['9h', '7d', '6d', '3s']",,3d,100,100
311,Turn,0,-196,196,CHECK,0,"['2s', '4h']","['4s', '3h']","['9h', '7d', '6d', '3s']",,3d,100,100
311,River,1,-196,196,CHECK,0,"['2s', '4h']","['4s', '3h']","['9h', '7d', '6d', '3s', '2h']",,3d,100,100
311,River,0,-196,196,CHECK,0,"['2s', '4h']","['4s', '3h']","['9h', '7d', '6d', '3s', '2h']",,3d,100,100
312,Pre-Flop,0,-296,296,RAISE,98,"['4h', '3s']","['9s', '6h']","['7h', '5d']",,,1,1
312,Pre-Flop,1,-296,296,CALL,0,"['4h', '3s']","['9s', '6h']","['7h', '5d']",,,2,2
312,Flop,0,-296,296,CHECK,0,"['4h', '3s']","['9s', '6h']","['7h', '5d', '4s']",,,100,100
312,Flop,1,-296,296,DISCARD,0,"['4h', '3s']","['9s', '6h']","['7h', '5d', '4s']",,,100,100
312,Flop,1,-296,296,CHECK,0,"['4h', '3s']","['4d', '6h']","['7h', '5d', '4s']",,9s,100,100
312,Turn,0,-296,296,CHECK,0,"['4h', '3s']","['4d', '6h']","['7h', '5d', '4s', '5s']",,9s,100,100
312,Turn,1,-296,296,CHECK,0,"['4h', '3s']","['4d', '6h']","['7h', '5d', '4s', '5s']",,9s,100,100
312,River,0,-296,296,CHECK,0,"['4h', '3s']","['4d', '6h']","['7h', '5d', '4s', '5s', '9h']",,9s,100,100
312,River,1,-296,296,CHECK,0,"['4h', '3s']","['4d', '6h']","['7h', '5d', '4s', '5s', '9h']",,9s,100,100
313,Pre-Flop,1,-296,296,DISCARD,0,"['9d', '6h']","['8d', '8s']","['4d', '7s']",,,1,1
313,Pre-Flop,1,-296,296,RAISE,3,"['9d', '6h']","['5d', '8s']","['4d', '7s']",,8d,1,1
313,Pre-Flop,0,-296,296,RAISE,95,"['9d', '6h']","['5d', '8s']","['4d', '7s']",,8d,2,2
313,Pre-Flop,1,-296,296,CALL,0,"['9d', '6h']","['5d', '8s']","['4d', '7s']",,8d,5,5
313,Pre-Flop,0,-296,296,CHECK,0,"['9d', '6h']","['5d', '8s']","['4d', '7s']",,8d,100,100
313,Flop,1,-296,296,CHECK,0,"['9d', '6h']","['5d', '8s']","['4d', '7s', '2d']",,8d,100,100
313,Flop,0,-296,296,CHECK,0,"['9d', '6h']","['5d', '8s']","['4d', '7s', '2d']",,8d,100,100
313,Turn,1,-296,296,CHECK,0,"['9d', '6h']","['5d', '8s']","['4d', '7s', '2d', 'As']",,8d,100,100
313,Turn,0,-296,296,CHECK,0,"['9d', '6h']","['5d', '8s']","['4d', '7s', '2d', 'As']",,8d,100,100
313,River,1,-296,296,CHECK,0,"['9d', '6h']","['5d', '8s']","['4d', '7s', '2d', 'As', '7h']",,8d,100,100
313,River,0,-296,296,CHECK,0,"['9d', '6h']","['5d', '8s']","['4d', '7s', '2d', 'As', '7h']",,8d,100,100
314,Pre-Flop,0,-196,196,RAISE,98,"['7h', '9s']","['6d', 'Ad']","['8h', '6s']",,,1,1
314,Pre-Flop,1,-196,196,CALL,0,"['7h', '9s']","['6d', 'Ad']","['8h', '6s']",,,2,2
314,Flop,0,-196,196,CHECK,0,"['7h', '9s']","['6d', 'Ad']","['8h', '6s', '2s']",,,100,100
314,Flop,1,-196,196,DISCARD,0,"['7h', '9s']","['6d', 'Ad']","['8h', '6s', '2s']",,,100,100
314,Flop,1,-196,196,CHECK,0,"['7h', '9s']","['6d', '9d']","['8h', '6s', '2s']",,Ad,100,100
314,Turn,0,-196,196,CHECK,0,"['7h', '9s']","['6d', '9d']","['8h', '6s', '2s', '5h']",,Ad,100,100
314,Turn,1,-196,196,CHECK,0,"['7h', '9s']","['6d', '9d']","['8h', '6s', '2s', '5h']",,Ad,100,100
314,River,0,-196,196,CHECK,0,"['7h', '9s']","['6d', '9d']","['8h', '6s', '2s', '5h', '5d']",,Ad,100,100
314,River,1,-196,196,CHECK,0,"['7h', '9s']","['6d', '9d']","['8h', '6s', '2s', '5h', '5d']",,Ad,100,100
315,Pre-Flop,1,-96,96,RAISE,2,"['Ad', '7s']","['Ah', '5s']","['8h', '7d']",,,1,1
315,Pre-Flop,0,-96,96,RAISE,96,"['Ad', '7s']","['Ah', '5s']","['8h', '7d']",,,2,2
315,Pre-Flop,1,-96,96,CALL,0,"['Ad', '7s']","['Ah', '5s']","['8h', '7d']",,,4,4
315,Pre-Flop,0,-96,96,CHECK,0,"['Ad', '7s']","['Ah', '5s']","['8h', '7d']",,,100,100
315,Flop,1,-96,96,DISCARD,0,"['Ad', '7s']","['Ah', '5s']","['8h', '7d', '2h']",,,100,100
315,Flop,1,-96,96,CHECK,0,"['Ad', '7s']","['Ah', '6s']","['8h', '7d', '2h']",,5s,100,100
315,Flop,0,-96,96,CHECK,0,"['Ad', '7s']","['Ah', '6s']","['8h', '7d', '2h']",,5s,100,100
315,Turn,1,-96,96,CHECK,0,"['Ad', '7s']","['Ah', '6s']","['8h', '7d', '2h', 'As']",,5s,100,100
315,Turn,0,-96,96,CHECK,0,"['Ad', '7s']","['Ah', '6s']","['8h', '7d', '2h', 'As']",,5s,100,100
315,River,1,-96,96,CHECK,0,"['Ad', '7s']","['Ah', '6s']","['8h', '7d', '2h', 'As', '8d']",,5s,100,100
315,River,0,-96,96,CHECK,0,"['Ad', '7s']","['Ah', '6s']","['8h', '7d', '2h', 'As', '8d']",,5s,100,100
316,Pre-Flop,0,-96,96,RAISE,98,"['6s', '9h']","['5h', '8s']","['4h', '7d']",,,1,1
316,Pre-Flop,1,-96,96,CALL,0,"['6s', '9h']","['5h', '8s']","['4h', '7d']",,,2,2
316,Flop,0,-96,96,CHECK,0,"['6s', '9h']","['5h', '8s']","['4h', '7d', '4s']",,,100,100
316,Flop,1,-96,96,DISCARD,0,"['6s', '9h']","['5h', '8s']","['4h', '7d', '4s']",,,100,100
316,Flop,1,-96,96,CHECK,0,"['6s', '9h']","['7h', '8s']","['4h', '7d', '4s']",,5h,100,100
316,Turn,0,-96,96,CHECK,0,"['6s', '9h']","['7h', '8s']","['4h', '7d', '4s', '6d']",,5h,100,100
316,Turn,1,-96,96,CHECK,0,"['6s', '9h']","['7h', '8s']","['4h', '7d', '4s', '6d']",,5h,100,100
316,River,0,-96,96,CHECK,0,"['6s', '9h']","['7h', '8s']","['4h', '7d', '4s', '6d', '3h']",,5h,100,100
316,River,1,-96,96,CHECK,0,"['6s', '9h']","['7h', '8s']","['4h', '7d', '4s', '6d', '3h']",,5h,100,100
317,Pre-Flop,1,-196,196,RAISE,2,"['6h', '4d']","['7d', '3s']","['9h', '8d']",,,1,1
317,Pre-Flop,0,-196,196,RAISE,96,"['6h', '4d']","['7d', '3s']","['9h', '8d']",,,2,2
317,Pre-Flop,1,-196,196,CALL,0,"['6h', '4d']","['7d', '3s']","['9h', '8d']",,,4,4
317,Pre-Flop,0,-196,196,CHECK,0,"['6h', '4d']","['7d', '3s']","['9h', '8d']",,,100,100
317,Flop,1,-196,196,DISCARD,0,"['6h', '4d']","['7d', '3s']","['9h', '8d', '6d']",,,100,100
317,Flop,1,-196,196,CHECK,0,"['6h', '4d']","['7d', 'Ad']","['9h', '8d', '6d']",,3s,100,100
317,Flop,0,-196,196,CHECK,0,"['6h', '4d']","['7d', 'Ad']","['9h', '8d', '6d']",,3s,100,100
317,Turn,1,-196,196,CHECK,0,"['6h', '4d']","['7d', 'Ad']","['9h', '8d', '6d', '7s']",,3s,100,100
317,Turn,0,-196,196,CHECK,0,"['6h', '4d']","['7d', 'Ad']","['9h', '8d', '6d', '7s']",,3s,100,100
317,River,1,-196,196,CHECK,0,"['6h', '4d']","['7d', 'Ad']","['9h', '8d', '6d', '7s', '6s']",,3s,100,100
317,River,0,-196,196,CHECK,0,"['6h', '4d']","['7d', 'Ad']","['9h', '8d', '6d', '7s', '6s']",,3s,100,100
318,Pre-Flop,0,-296,296,RAISE,98,"['8d', '3h']","['7s', '8h']","['9d', '9h']",,,1,1
318,Pre-Flop,1,-296,296,CALL,0,"['8d', '3h']","['7s', '8h']","['9d', '9h']",,,2,2
318,Flop,0,-296,296,CHECK,0,"['8d', '3h']","['7s', '8h']","['9d', '9h', 'Ah']",,,100,100
318,Flop,1,-296,296,DISCARD,0,"['8d', '3h']","['7s', '8h']","['9d', '9h', 'Ah']",,,100,100
318,Flop,1,-296,296,CHECK,0,"['8d', '3h']","['4s', '8h']","['9d', '9h', 'Ah']",,7s,100,100
318,Turn,0,-296,296,CHECK,0,"['8d', '3h']","['4s', '8h']","['9d', '9h', 'Ah', '2d']",,7s,100,100
318,Turn,1,-296,296,CHECK,0,"['8d', '3h']","['4s', '8h']","['9d', '9h', 'Ah', '2d']",,7s,100,100
318,River,0,-296,296,CHECK,0,"['8d', '3h']","['4s', '8h']","['9d', '9h', 'Ah', '2d', '7d']",,7s,100,100
318,River,1,-296,296,CHECK,0,"['8d', '3h']","['4s', '8h']","['9d', '9h', 'Ah', '2d', '7d']",,7s,100,100
319,Pre-Flop,1,-296,296,RAISE,2,"['5s', '4h']","['5h', 'Ah']","['3h', '6h']",,,1,1
319,Pre-Flop,0,-296,296,RAISE,96,"['5s', '4h']","['5h', 'Ah']","['3h', '6h']",,,2,2
319,Pre-Flop,1,-296,296,CALL,0,"['5s', '4h']","['5h', 'Ah']","['3h', '6h']",,,4,4
319,Pre-Flop,0,-296,296,CHECK,0,"['5s', '4h']","['5h', 'Ah']","['3h', '6h']",,,100,100
319,Flop,1,-296,296,DISCARD,0,"['5s', '4h']","['5h', 'Ah']","['3h', '6h', '8d']",,,100,100
319,Flop,1,-296,296,CHECK,0,"['5s', '4h']","['7h', 'Ah']","['3h', '6h', '8d']",,5h,100,100
319,Flop,0,-296,296,CHECK,0,"['5s', '4h']","['7h', 'Ah']","['3h', '6h', '8d']",,5h,100,100
319,Turn,1,-296,296,CHECK,0,"['5s', '4h']","['7h', 'Ah']","['3h', '6h', '8d', '3d']",,5h,100,100
319,Turn,0,-296,296,CHECK,0,"['5s', '4h']","['7h', 'Ah']","['3h', '6h', '8d', '3d']",,5h,100,100
319,River,1,-296,296,CHECK,0,"['5s', '4h']","['7h', 'Ah']","['3h', '6h', '8d', '3d', '6d']",,5h,100,100
319,River,0,-296,296,CHECK,0,"['5s', '4h']","['7h', 'Ah']","['3h', '6h', '8d', '3d', '6d']",,5h,100,100
320,Pre-Flop,0,-396,396,RAISE,98,"['4d', '7d']","['3d', '2h']","['Ad', '8d']",,,1,1
320,Pre-Flop,1,-396,396,CALL,0,"['4d', '7d']","['3d', '2h']","['Ad', '8d']",,,2,2
320,Flop,0,-396,396,CHECK,0,"['4d', '7d']","['3d', '2h']","['Ad', '8d', '3s']",,,100,100
320,Flop,1,-396,396,DISCARD,0,"['4d', '7d']","['3d', '2h']","['Ad', '8d', '3s']",,,100,100
320,Flop,1,-396,396,CHECK,0,"['4d', '7d']","['3d', '7h']","['Ad', '8d', '3s']",,2h,100,100
320,Turn,0,-396,396,CHECK,0,"['4d', '7d']","['3d', '7h']","['Ad', '8d', '3s', '6h']",,2h,100,100
320,Turn,1,-396,396,CHECK,0,"['4d', '7d']","['3d', '7h']","['Ad', '8d', '3s', '6h']",,2h,100,100
320,River,0,-396,396,CHECK,0,"['4d', '7d']","['3d', '7h']","['Ad', '8d', '3s', '6h', '9h']",,2h,100,100
320,River,1,-396,396,CHECK,0,"['4d', '7d']","['3d', '7h']","['Ad', '8d', '3s', '6h', '9h']",,2h,100,100
321,Pre-Flop,1,-396,396,RAISE,2,"['2h', '4d']","['8h', '9d']","['3h', '5s']",,,1,1
321,Pre-Flop,0,-396,396,RAISE,96,"['2h', '4d']","['8h', '9d']","['3h', '5s']",,,2,2
321,Pre-Flop,1,-396,396,DISCARD,0,"['2h', '4d']","['8h', '9d']","['3h', '5s']",,,4,4
321,Pre-Flop,1,-396,396,CALL,0,"['2h', '4d']","['8h', '6h']","['3h', '5s']",,9d,4,4
321,Pre-Flop,0,-396,396,CHECK,0,"['2h', '4d']","['8h', '6h']","['3h', '5s']",,9d,100,100
321,Flop,1,-396,396,CHECK,0,"['2h', '4d']","['8h', '6h']","['3h', '5s', '9s']",,9d,100,100
321,Flop,0,-396,396,CHECK,0,"['2h', '4d']","['8h', '6h']","['3h', '5s', '9s']",,9d,100,100
321,Turn,1,-396,396,CHECK,0,"['2h', '4d']","['8h', '6h']","['3h', '5s', '9s', '9h']",,9d,100,100
321,Turn,0,-396,396,CHECK,0,"['2h', '4d']","['8h', '6h']","['3h', '5s', '9s', '9h']",,9d,100,100
321,River,1,-396,396,CHECK,0,"['2h', '4d']","['8h', '6h']","['3h', '5s', '9s', '9h', '7d']",,9d,100,100
321,River,0,-396,396,CHECK,0,"['2h', '4d']","['8h', '6h']","['3h', '5s', '9s', '9h', '7d']",,9d,100,100
322,Pre-Flop,0,-496,496,RAISE,98,"['9h', '3h']","['3d', '2h']","['Ah', '2s']",,,1,1
322,Pre-Flop,1,-496,496,CALL,0,"['9h', '3h']","['3d', '2h']","['Ah', '2s']",,,2,2
322,Flop,0,-496,496,CHECK,0,"['9h', '3h']","['3d', '2h']","['Ah', '2s', '4h']",,,100,100
322,Flop,1,-496,496,DISCARD,0,"['9h', '3h']","['3d', '2h']","['Ah', '2s', '4h']",,,100,100
322,Flop,1,-496,496,CHECK,0,"['9h', '3h']","['7h', '2h']","['Ah', '2s', '4h']",,3d,100,100
322,Turn,0,-496,496,CHECK,0,"['9h', '3h']","['7h', '2h']","['Ah', '2s', '4h', '3s']",,3d,100,100
322,Turn,1,-496,496,CHECK,0,"['9h', '3h']","['7h', '2h']","['Ah', '2s', '4h', '3s']",,3d,100,100
322,River,0,-496,496,CHECK,0,"['9h', '3h']","['7h', '2h']","['Ah', '2s', '4h', '3s', '7d']",,3d,100,100
322,River,1,-496,496,CHECK,0,"['9h', '3h']","['7h', '2h']","['Ah', '2s', '4h', '3s', '7d']",,3d,100,100
323,Pre-Flop,1,-596,596,RAISE,2,"['9s', '3d']","['Ah', '3s']","['6s', '5h']",,,1,1
323,Pre-Flop,0,-596,596,RAISE,96,"['9s', '3d']","['Ah', '3s']","['6s', '5h']",,,2,2
323,Pre-Flop,1,-596,596,CALL,0,"['9s', '3d']","['Ah', '3s']","['6s', '5h']",,,4,4
323,Pre-Flop,0,-596,596,CHECK,0,"['9s', '3d']","['Ah', '3s']","['6s', '5h']",,,100,100
323,Flop,1,-596,596,DISCARD,0,"['9s', '3d']","['Ah', '3s']","['6s', '5h', '6h']",,,100,100
323,Flop,1,-596,596,CHECK,0,"['9s', '3d']","['As', '3s']","['6s', '5h', '6h']",,Ah,100,100
323,Flop,0,-596,596,CHECK,0,"['9s', '3d']","['As', '3s']","['6s', '5h', '6h']",,Ah,100,100
323,Turn,1,-596,596,CHECK,0,"['9s', '3d']","['As', '3s']","['6s', '5h', '6h', '5s']",,Ah,100,100
323,Turn,0,-596,596,CHECK,0,"['9s', '3d']","['As', '3s']","['6s', '5h', '6h', '5s']",,Ah,100,100
323,River,1,-596,596,CHECK,0,"['9s', '3d']","['As', '3s']","['6s', '5h', '6h', '5s', '7d']",,Ah,100,100
323,River,0,-596,596,CHECK,0,"['9s', '3d']","['As', '3s']","['6s', '5h', '6h', '5s', '7d']",,Ah,100,100
324,Pre-Flop,0,-696,696,RAISE,98,"['5d', '8h']","['2d', '9d']","['7h', '6s']",,,1,1
324,Pre-Flop,1,-696,696,DISCARD,0,"['5d', '8h']","['2d', '9d']","['7h', '6s']",,,2,2
324,Pre-Flop,1,-696,696,CALL,0,"['5d', '8h']","['8d', '9d']","['7h', '6s']",,2d,2,2
324,Flop,0,-696,696,CHECK,0,"['5d', '8h']","['8d', '9d']","['7h', '6s', '3h']",,2d,100,100
324,Flop,1,-696,696,CHECK,0,"['5d', '8h']","['8d', '9d']","['7h', '6s', '3h']",,2d,100,100
324,Turn,0,-696,696,CHECK,0,"['5d', '8h']","['8d', '9d']","['7h', '6s', '3h', 'Ad']",,2d,100,100
324,Turn,1,-696,696,CHECK,0,"['5d', '8h']","['8d', '9d']","['7h', '6s', '3h', 'Ad']",,2d,100,100
324,River,0,-696,696,CHECK,0,"['5d', '8h']","['8d', '9d']","['7h', '6s', '3h', 'Ad', '4s']",,2d,100,100
324,River,1,-696,696,CHECK,0,"['5d', '8h']","['8d', '9d']","['7h', '6s', '3h', 'Ad', '4s']",,2d,100,100
325,Pre-Flop,1,-796,796,RAISE,2,"['4h', '4d']","['5d', '6s']","['Ah', '5s']",,,1,1
325,Pre-Flop,0,-796,796,RAISE,96,"['4h', '4d']","['5d', '6s']","['Ah', '5s']",,,2,2
325,Pre-Flop,1,-796,796,CALL,0,"['4h', '4d']","['5d', '6s']","['Ah', '5s']",,,4,4
325,Pre-Flop,0,-796,796,CHECK,0,"['4h', '4d']","['5d', '6s']","['Ah', '5s']",,,100,100
325,Flop,1,-796,796,DISCARD,0,"['4h', '4d']","['5d', '6s']","['Ah', '5s', '8h']",,,100,100
325,Flop,1,-796,796,CHECK,0,"['4h', '4d']","['8d', '6s']","['Ah', '5s', '8h']",,5d,100,100
325,Flop,0,-796,796,CHECK,0,"['4h', '4d']","['8d', '6s']","['Ah', '5s', '8h']",,5d,100,100
325,Turn,1,-796,796,CHECK,0,"['4h', '4d']","['8d', '6s']","['Ah', '5s', '8h', '2s']",,5d,100,100
325,Turn,0,-796,796,CHECK,0,"['4h', '4d']","['8d', '6s']","['Ah', '5s', '8h', '2s']",,5d,100,100
325,River,1,-796,796,CHECK,0,"['4h', '4d']","['8d', '6s']","['Ah', '5s', '8h', '2s', '2h']",,5d,100,100
325,River,0,-796,796,CHECK,0,"['4h', '4d']","['8d', '6s']","['Ah', '5s', '8h', '2s', '2h']",,5d,100,100
326,Pre-Flop,0,-896,896,RAISE,98,"['Ah', '3d']","['8h', '2s']","['6s', 'As']",,,1,1
326,Pre-Flop,1,-896,896,CALL,0,"['Ah', '3d']","['8h', '2s']","['6s', 'As']",,,2,2
326,Flop,0,-896,896,CHECK,0,"['Ah', '3d']","['8h', '2s']","['6s', 'As', 'Ad']",,,100,100
326,Flop,1,-896,896,DISCARD,0,"['Ah', '3d']","['8h', '2s']","['6s', 'As', 'Ad']",,,100,100
326,Flop,1,-896,896,CHECK,0,"['Ah', '3d']","['8h', '6d']","['6s', 'As', 'Ad']",,2s,100,100
326,Turn,0,-896,896,CHECK,0,"['Ah', '3d']","['8h', '6d']","['6s', 'As', 'Ad', '4s']",,2s,100,100
326,Turn,1,-896,896,CHECK,0,"['Ah', '3d']","['8h', '6d']","['6s', 'As', 'Ad', '4s']",,2s,100,100
326,River,0,-896,896,CHECK,0,"['Ah', '3d']","['8h', '6d']","['6s', 'As', 'Ad', '4s', '2d']",,2s,100,100
326,River,1,-896,896,CHECK,0,"['Ah', '3d']","['8h', '6d']","['6s', 'As', 'Ad', '4s', '2d']",,2s,100,100
327,Pre-Flop,1,-796,796,RAISE,2,"['3h', 'As']","['Ad', '4d']","['9s', '2d']",,,1,1
327,Pre-Flop,0,-796,796,RAISE,96,"['3h', 'As']","['Ad', '4d']","['9s', '2d']",,,2,2
327,Pre-Flop,1,-796,796,CALL,0,"['3h', 'As']","['Ad', '4d']","['9s', '2d']",,,4,4
327,Pre-Flop,0,-796,796,CHECK,0,"['3h', 'As']","['Ad', '4d']","['9s', '2d']",,,100,100
327,Flop,1,-796,796,DISCARD,0,"['3h', 'As']","['Ad', '4d']","['9s', '2d', '6s']",,,100,100
327,Flop,1,-796,796,CHECK,0,"['3h', 'As']","['6h', '4d']","['9s', '2d', '6s']",,Ad,100,100
327,Flop,0,-796,796,CHECK,0,"['3h', 'As']","['6h', '4d']","['9s', '2d', '6s']",,Ad,100,100
327,Turn,1,-796,796,CHECK,0,"['3h', 'As']","['6h', '4d']","['9s', '2d', '6s', '3d']",,Ad,100,100
327,Turn,0,-796,796,CHECK,0,"['3h', 'As']","['6h', '4d']","['9s', '2d', '6s', '3d']",,Ad,100,100
327,River,1,-796,796,CHECK,0,"['3h', 'As']","['6h', '4d']","['9s', '2d', '6s', '3d', '2h']",,Ad,100,100
327,River,0,-796,796,CHECK,0,"['3h', 'As']","['6h', '4d']","['9s', '2d', '6s', '3d', '2h']",,Ad,100,100
328,Pre-Flop,0,-896,896,RAISE,98,"['5s', '7h']","['4h', '3d']","['2h', 'Ad']",,,1,1
328,Pre-Flop,1,-896,896,CALL,0,"['5s', '7h']","['4h', '3d']","['2h', 'Ad']",,,2,2
328,Flop,0,-896,896,CHECK,0,"['5s', '7h']","['4h', '3d']","['2h', 'Ad', '9d']",,,100,100
328,Flop,1,-896,896,DISCARD,0,"['5s', '7h']","['4h', '3d']","['2h', 'Ad', '9d']",,,100,100
328,Flop,1,-896,896,CHECK,0,"['5s', '7h']","['4h', 'As']","['2h', 'Ad', '9d']",,3d,100,100
328,Turn,0,-896,896,CHECK,0,"['5s', '7h']","['4h', 'As']","['2h', 'Ad', '9d', '4d']",,3d,100,100
328,Turn,1,-896,896,CHECK,0,"['5s', '7h']","['4h', 'As']","['2h', 'Ad', '9d', '4d']",,3d,100,100
328,River,0,-896,896,CHECK,0,"['5s', '7h']","['4h', 'As']","['2h', 'Ad', '9d', '4d', '7s']",,3d,100,100
328,River,1,-896,896,CHECK,0,"['5s', '7h']","['4h', 'As']","['2h', 'Ad', '9d', '4d', '7s']",,3d,100,100
329,Pre-Flop,1,-996,996,DISCARD,0,"['4s', '9s']","['Ad', '6d']","['8d', '8s']",,,1,1
329,Pre-Flop,1,-996,996,CALL,0,"['4s', '9s']","['Ad', '3s']","['8d', '8s']",,6d,1,1
329,Pre-Flop,0,-996,996,RAISE,98,"['4s', '9s']","['Ad', '3s']","['8d', '8s']",,6d,2,2
329,Pre-Flop,1,-996,996,CALL,0,"['4s', '9s']","['Ad', '3s']","['8d', '8s']",,6d,2,2
329,Pre-Flop,0,-996,996,CHECK,0,"['4s', '9s']","['Ad', '3s']","['8d', '8s']",,6d,100,100
329,Flop,1,-996,996,CHECK,0,"['4s', '9s']","['Ad', '3s']","['8d', '8s', '3d']",,6d,100,100
329,Flop,0,-996,996,CHECK,0,"['4s', '9s']","['Ad', '3s']","['8d', '8s', '3d']",,6d,100,100
329,Turn,1,-996,996,CHECK,0,"['4s', '9s']","['Ad', '3s']","['8d', '8s', '3d', '6h']",,6d,100,100
329,Turn,0,-996,996,CHECK,0,"['4s', '9s']","['Ad', '3s']","['8d', '8s', '3d', '6h']",,6d,100,100
329,River,1,-996,996,CHECK,0,"['4s', '9s']","['Ad', '3s']","['8d', '8s', '3d', '6h', 'Ah']",,6d,100,100
329,River,0,-996,996,CHECK,0,"['4s', '9s']","['Ad', '3s']","['8d', '8s', '3d', '6h', 'Ah']",,6d,100,100
330,Pre-Flop,0,-1096,1096,RAISE,98,"['3h', 'As']","['4s', '8s']","['7d', '5s']",,,1,1
330,Pre-Flop,1,-1096,1096,CALL,0,"['3h', 'As']","['4s', '8s']","['7d', '5s']",,,2,2
330,Flop,0,-1096,1096,CHECK,0,"['3h', 'As']","['4s', '8s']","['7d', '5s', '9s']",,,100,100
330,Flop,1,-1096,1096,DISCARD,0,"['3h', 'As']","['4s', '8s']","['7d', '5s', '9s']",,,100,100
330,Flop,1,-1096,1096,CHECK,0,"['3h', 'As']","['6h', '8s']","['7d', '5s', '9s']",,4s,100,100
330,Turn,0,-1096,1096,CHECK,0,"['3h', 'As']","['6h', '8s']","['7d', '5s', '9s', '3s']",,4s,100,100
330,Turn,1,-1096,1096,CHECK,0,"['3h', 'As']","['6h', '8s']","['7d', '5s', '9s', '3s']",,4s,100,100
330,River,0,-1096,1096,CHECK,0,"['3h', 'As']","['6h', '8s']","['7d', '5s', '9s', '3s', 'Ad']",,4s,100,100
330,River,1,-1096,1096,CHECK,0,"['3h', 'As']","['6h', '8s']","['7d', '5s', '9s', '3s', 'Ad']",,4s,100,100
331,Pre-Flop,1,-1196,1196,RAISE,3,"['6d', '7h']","['As', '9s']","['5s', '7d']",,,1,1
331,Pre-Flop,0,-1196,1196,RAISE,95,"['6d', '7h']","['As', '9s']","['5s', '7d']",,,2,2
331,Pre-Flop,1,-1196,1196,CALL,0,"['6d', '7h']","['As', '9s']","['5s', '7d']",,,5,5
331,Pre-Flop,0,-1196,1196,CHECK,0,"['6d', '7h']","['As', '9s']","['5s', '7d']",,,100,100
331,Flop,1,-1196,1196,CHECK,0,"['6d', '7h']","['As', '9s']","['5s', '7d', '8d']",,,100,100
331,Flop,0,-1196,1196,CHECK,0,"['6d', '7h']","['As', '9s']","['5s', '7d', '8d']",,,100,100
331,Turn,1,-1196,1196,CHECK,0,"['6d', '7h']","['As', '9s']","['5s', '7d', '8d', '5h']",,,100,100
331,Turn,0,-1196,1196,CHECK,0,"['6d', '7h']","['As', '9s']","['5s', '7d', '8d', '5h']",,,100,100
331,River,1,-1196,1196,CHECK,0,"['6d', '7h']","['As', '9s']","['5s', '7d', '8d', '5h', '9h']",,,100,100
331,River,0,-1196,1196,CHECK,0,"['6d', '7h']","['As', '9s']","['5s', '7d', '8d', '5h', '9h']",,,100,100
332,Pre-Flop,0,-1096,1096,RAISE,98,"['6h', '3h']","['2d', '4d']","['2h', '8s']",,,1,1
332,Pre-Flop,1,-1096,1096,CALL,0,"['6h', '3h']","['2d', '4d']","['2h', '8s']",,,2,2
332,Flop,0,-1096,1096,CHECK,0,"['6h', '3h']","['2d', '4d']","['2h', '8s', '3s']",,,100,100
332,Flop,1,-1096,1096,CHECK,0,"['6h', '3h']","['2d', '4d']","['2h', '8s', '3s']",,,100,100
332,Turn,0,-1096,1096,CHECK,0,"['6h', '3h']","['2d', '4d']","['2h', '8s', '3s', '5s']",,,100,100
332,Turn,1,-1096,1096,CHECK,0,"['6h', '3h']","['2d', '4d']","['2h', '8s', '3s', '5s']",,,100,100
332,River,0,-1096,1096,CHECK,0,"['6h', '3h']","['2d', '4d']","['2h', '8s', '3s', '5s', '7d']",,,100,100
332,River,1,-1096,1096,CHECK,0,"['6h', '3h']","['2d', '4d']","['2h', '8s', '3s', '5s', '7d']",,,100,100
333,Pre-Flop,1,-996,996,RAISE,2,"['8s', '2d']","['9d', 'Ah']","['As', '4s']",,,1,1
333,Pre-Flop,0,-996,996,RAISE,96,"['8s', '2d']","['9d', 'Ah']","['As', '4s']",,,2,2
333,Pre-Flop,1,-996,996,CALL,0,"['8s', '2d']","['9d', 'Ah']","['As', '4s']",,,4,4
333,Pre-Flop,0,-996,996,CHECK,0,"['8s', '2d']","['9d', 'Ah']","['As', '4s']",,,100,100
333,Flop,1,-996,996,DISCARD,0,"['8s', '2d']","['9d', 'Ah']","['As', '4s', '2s']",,,100,100
333,Flop,1,-996,996,CHECK,0,"['8s', '2d']","['9h', 'Ah']","['As', '4s', '2s']",,9d,100,100
333,Flop,0,-996,996,CHECK,0,"['8s', '2d']","['9h', 'Ah']","['As', '4s', '2s']",,9d,100,100
333,Turn,1,-996,996,CHECK,0,"['8s', '2d']","['9h', 'Ah']","['As', '4s', '2s', '2h']",,9d,100,100
333,Turn,0,-996,996,CHECK,0,"['8s', '2d']","['9h', 'Ah']","['As', '4s', '2s', '2h']",,9d,100,100
333,River,1,-996,996,CHECK,0,"['8s', '2d']","['9h', 'Ah']","['As', '4s', '2s', '2h', '5d']",,9d,100,100
333,River,0,-996,996,CHECK,0,"['8s', '2d']","['9h', 'Ah']","['As', '4s', '2s', '2h', '5d']",,9d,100,100
334,Pre-Flop,0,-896,896,RAISE,98,"['2d', '4h']","['6h', '4d']","['Ad', '7d']",,,1,1
334,Pre-Flop,1,-896,896,CALL,0,"['2d', '4h']","['6h', '4d']","['Ad', '7d']",,,2,2
334,Flop,0,-896,896,CHECK,0,"['2d', '4h']","['6h', '4d']","['Ad', '7d', '8s']",,,100,100
334,Flop,1,-896,896,DISCARD,0,"['2d', '4h']","['6h', '4d']","['Ad', '7d', '8s']",,,100,100
334,Flop,1,-896,896,CHECK,0,"['2d', '4h']","['9d', '4d']","['Ad', '7d', '8s']",,6h,100,100
334,Turn,0,-896,896,CHECK,0,"['2d', '4h']","['9d', '4d']","['Ad', '7d', '8s', '8d']",,6h,100,100
334,Turn,1,-896,896,CHECK,0,"['2d', '4h']","['9d', '4d']","['Ad', '7d', '8s', '8d']",,6h,100,100
334,River,0,-896,896,CHECK,0,"['2d', '4h']","['9d', '4d']","['Ad', '7d', '8s', '8d', '7h']",,6h,100,100
334,River,1,-896,896,CHECK,0,"['2d', '4h']","['9d', '4d']","['Ad', '7d', '8s', '8d', '7h']",,6h,100,100
335,Pre-Flop,1,-996,996,FOLD,0,"['7h', 'As']","['8d', '3s']","['5d', '2d']",,,1,1
336,Pre-Flop,0,-995,995,RAISE,98,"['4d', '6d']","['5h', '2h']","['9d', '2d']",,,1,1
336,Pre-Flop,1,-995,995,CALL,0,"['4d', '6d']","['5h', '2h']","['9d', '2d']",,,2,2
336,Flop,0,-995,995,CHECK,0,"['4d', '6d']","['5h', '2h']","['9d', '2d', 'As']",,,100,100
336,Flop,1,-995,995,DISCARD,0,"['4d', '6d']","['5h', '2h']","['9d', '2d', 'As']",,,100,100
336,Flop,1,-995,995,CHECK,0,"['4d', '6d']","['4h', '2h']","['9d', '2d', 'As']",,5h,100,100
336,Turn,0,-995,995,CHECK,0,"['4d', '6d']","['4h', '2h']","['9d', '2d', 'As', '2s']",,5h,100,100
336,Turn,1,-995,995,CHECK,0,"['4d', '6d']","['4h', '2h']","['9d', '2d', 'As', '2s']",,5h,100,100
336,River,0,-995,995,CHECK,0,"['4d', '6d']","['4h', '2h']","['9d', '2d', 'As', '2s', '8s']",,5h,100,100
336,River,1,-995,995,CHECK,0,"['4d', '6d']","['4h', '2h']","['9d', '2d', 'As', '2s', '8s']",,5h,100,100
337,Pre-Flop,1,-1095,1095,RAISE,2,"['Ah', 'Ad']","['7h', '9s']","['6s', '3s']",,,1,1
337,Pre-Flop,0,-1095,1095,RAISE,96,"['Ah', 'Ad']","['7h', '9s']","['6s', '3s']",,,2,2
337,Pre-Flop,1,-1095,1095,DISCARD,0,"['Ah', 'Ad']","['7h', '9s']","['6s', '3s']",,,4,4
337,Pre-Flop,1,-1095,1095,CALL,0,"['Ah', 'Ad']","['8s', '9s']","['6s', '3s']",,7h,4,4
337,Pre-Flop,0,-1095,1095,CHECK,0,"['Ah', 'Ad']","['8s', '9s']","['6s', '3s']",,7h,100,100
337,Flop,1,-1095,1095,CHECK,0,"['Ah', 'Ad']","['8s', '9s']","['6s', '3s', '7d']",,7h,100,100
337,Flop,0,-1095,1095,CHECK,0,"['Ah', 'Ad']","['8s', '9s']","['6s', '3s', '7d']",,7h,100,100
337,Turn,1,-1095,1095,CHECK,0,"['Ah', 'Ad']","['8s', '9s']","['6s', '3s', '7d', '2h']",,7h,100,100
337,Turn,0,-1095,1095,CHECK,0,"['Ah', 'Ad']","['8s', '9s']","['6s', '3s', '7d', '2h']",,7h,100,100
337,River,1,-1095,1095,CHECK,0,"['Ah', 'Ad']","['8s', '9s']","['6s', '3s', '7d', '2h', '2s']",,7h,100,100
337,River,0,-1095,1095,CHECK,0,"['Ah', 'Ad']","['8s', '9s']","['6s', '3s', '7d', '2h', '2s']",,7h,100,100
338,Pre-Flop,0,-1195,1195,RAISE,98,"['3s', '5d']","['9h', '5h']","['5s', '6h']",,,1,1
338,Pre-Flop,1,-1195,1195,CALL,0,"['3s', '5d']","['9h', '5h']","['5s', '6h']",,,2,2
338,Flop,0,-1195,1195,CHECK,0,"['3s', '5d']","['9h', '5h']","['5s', '6h', '9d']",,,100,100
338,Flop,1,-1195,1195,DISCARD,0,"['3s', '5d']","['9h', '5h']","['5s', '6h', '9d']",,,100,100
338,Flop,1,-1195,1195,CHECK,0,"['3s', '5d']","['4h', '5h']","['5s', '6h', '9d']",,9h,100,100
338,Turn,0,-1195,1195,CHECK,0,"['3s', '5d']","['4h', '5h']","['5s', '6h', '9d', 'Ad']",,9h,100,100
338,Turn,1,-1195,1195,CHECK,0,"['3s', '5d']","['4h', '5h']","['5s', '6h', '9d', 'Ad']",,9h,100,100
338,River,0,-1195,1195,CHECK,0,"['3s', '5d']","['4h', '5h']","['5s', '6h', '9d', 'Ad', '4s']",,9h,100,100
338,River,1,-1195,1195,CHECK,0,"['3s', '5d']","['4h', '5h']","['5s', '6h', '9d', 'Ad', '4s']",,9h,100,100
339,Pre-Flop,1,-1295,1295,RAISE,2,"['6h', '4s']","['9d', '3s']","['2d', '6s']",,,1,1
339,Pre-Flop,0,-1295,1295,RAISE,96,"['6h', '4s']","['9d', '3s']","['2d', '6s']",,,2,2
339,Pre-Flop,1,-1295,1295,CALL,0,"['6h', '4s']","['9d', '3s']","['2d', '6s']",,,4,4
339,Pre-Flop,0,-1295,1295,CHECK,0,"['6h', '4s']","['9d', '3s']","['2d', '6s']",,,100,100
339,Flop,1,-1295,1295,DISCARD,0,"['6h', '4s']","['9d', '3s']","['2d', '6s', '7h']",,,100,100
339,Flop,1,-1295,1295,CHECK,0,"['6h', '4s']","['8d', '3s']","['2d', '6s', '7h']",,9d,100,100
339,Flop,0,-1295,1295,CHECK,0,"['6h', '4s']","['8d', '3s']","['2d', '6s', '7h']",,9d,100,100
339,Turn,1,-1295,1295,CHECK,0,"['6h', '4s']","['8d', '3s']","['2d', '6s', '7h', '5s']",,9d,100,100
339,Turn,0,-1295,1295,CHECK,0,"['6h', '4s']","['8d', '3s']","['2d', '6s', '7h', '5s']",,9d,100,100
339,River,1,-1295,1295,CHECK,0,"['6h', '4s']","['8d', '3s']","['2d', '6s', '7h', '5s', '9s']",,9d,100,100
339,River,0,-1295,1295,CHECK,0,"['6h', '4s']","['8d', '3s']","['2d', '6s', '7h', '5s', '9s']",,9d,100,100
340,Pre-Flop,0,-1395,1395,RAISE,98,"['9d', '5s']","['2s', '9s']","['6s', '7h']",,,1,1
340,Pre-Flop,1,-1395,1395,CALL,0,"['9d', '5s']","['2s', '9s']","['6s', '7h']",,,2,2
340,Flop,0,-1395,1395,CHECK,0,"['9d', '5s']","['2s', '9s']","['6s', '7h', '4d']",,,100,100
340,Flop,1,-1395,1395,DISCARD,0,"['9d', '5s']","['2s', '9s']","['6s', '7h', '4d']",,,100,100
340,Flop,1,-1395,1395,CHECK,0,"['9d', '5s']","['As', '9s']","['6s', '7h', '4d']",,2s,100,100
340,Turn,0,-1395,1395,CHECK,0,"['9d', '5s']","['As', '9s']","['6s', '7h', '4d', '6h']",,2s,100,100
340,Turn,1,-1395,1395,CHECK,0,"['9d', '5s']","['As', '9s']","['6s', '7h', '4d', '6h']",,2s,100,100
340,River,0,-1395,1395,CHECK,0,"['9d', '5s']","['As', '9s']","['6s', '7h', '4d', '6h', '8h']",,2s,100,100
340,River,1,-1395,1395,CHECK,0,"['9d', '5s']","['As', '9s']","['6s', '7h', '4d', '6h', '8h']",,2s,100,100
341,Pre-Flop,1,-1495,1495,RAISE,2,"['8d', '7s']","['4d', '7h']","['9h', '3s']",,,1,1
341,Pre-Flop,0,-1495,1495,RAISE,96,"['8d', '7s']","['4d', '7h']","['9h', '3s']",,,2,2
341,Pre-Flop,1,-1495,1495,CALL,0,"['8d', '7s']","['4d', '7h']","['9h', '3s']",,,4,4
341,Pre-Flop,0,-1495,1495,CHECK,0,"['8d', '7s']","['4d', '7h']","['9h', '3s']",,,100,100
341,Flop,1,-1495,1495,DISCARD,0,"['8d', '7s']","['4d', '7h']","['9h', '3s', '4s']",,,100,100
341,Flop,1,-1495,1495,CHECK,0,"['8d', '7s']","['4d', '2s']","['9h', '3s', '4s']",,7h,100,100
341,Flop,0,-1495,1495,CHECK,0,"['8d', '7s']","['4d', '2s']","['9h', '3s', '4s']",,7h,100,100
341,Turn,1,-1495,1495,CHECK,0,"['8d', '7s']","['4d', '2s']","['9h', '3s', '4s', '5d']",,7h,100,100
341,Turn,0,-1495,1495,CHECK,0,"['8d', '7s']","['4d', '2s']","['9h', '3s', '4s', '5d']",,7h,100,100
341,River,1,-1495,1495,CHECK,0,"['8d', '7s']","['4d', '2s']","['9h', '3s', '4s', '5d', '5h']",,7h,100,100
341,River,0,-1495,1495,CHECK,0,"['8d', '7s']","['4d', '2s']","['9h', '3s', '4s', '5d', '5h']",,7h,100,100
342,Pre-Flop,0,-1595,1595,RAISE,98,"['Ah', '7h']","['2d', 'Ad']","['2h', '3d']",,,1,1
342,Pre-Flop,1,-1595,1595,CALL,0,"['Ah', '7h']","['2d', 'Ad']","['2h', '3d']",,,2,2
342,Flop,0,-1595,1595,CHECK,0,"['Ah', '7h']","['2d', 'Ad']","['2h', '3d', '6s']",,,100,100
342,Flop,1,-1595,1595,DISCARD,0,"['Ah', '7h']","['2d', 'Ad']","['2h', '3d', '6s']",,,100,100
342,Flop,1,-1595,1595,CHECK,0,"['Ah', '7h']","['2d', '5s']","['2h', '3d', '6s']",,Ad,100,100
342,Turn,0,-1595,1595,CHECK,0,"['Ah', '7h']","['2d', '5s']","['2h', '3d', '6s', '7s']",,Ad,100,100
342,Turn,1,-1595,1595,CHECK,0,"['Ah', '7h']","['2d', '5s']","['2h', '3d', '6s', '7s']",,Ad,100,100
342,River,0,-1595,1595,CHECK,0,"['Ah', '7h']","['2d', '5s']","['2h', '3d', '6s', '7s', '8d']",,Ad,100,100
342,River,1,-1595,1595,CHECK,0,"['Ah', '7h']","['2d', '5s']","['2h', '3d', '6s', '7s', '8d']",,Ad,100,100
343,Pre-Flop,1,-1495,1495,RAISE,3,"['3s', '7s']","['As', '6s']","['9h', '9s']",,,1,1
343,Pre-Flop,0,-1495,1495,RAISE,95,"['3s', '7s']","['As', '6s']","['9h', '9s']",,,2,2
343,Pre-Flop,1,-1495,1495,CALL,0,"['3s', '7s']","['As', '6s']","['9h', '9s']",,,5,5
343,Pre-Flop,0,-1495,1495,CHECK,0,"['3s', '7s']","['As', '6s']","['9h', '9s']",,,100,100
343,Flop,1,-1495,1495,DISCARD,0,"['3s', '7s']","['As', '6s']","['9h', '9s', '5d']",,,100,100
343,Flop,1,-1495,1495,CHECK,0,"['3s', '7s']","['As', 'Ad']","['9h', '9s', '5d']",,6s,100,100
343,Flop,0,-1495,1495,CHECK,0,"['3s', '7s']","['As', 'Ad']","['9h', '9s', '5d']",,6s,100,100
343,Turn,1,-1495,1495,CHECK,0,"['3s', '7s']","['As', 'Ad']","['9h', '9s', '5d', '2d']",,6s,100,100
343,Turn,0,-1495,1495,CHECK,0,"['3s', '7s']","['As', 'Ad']","['9h', '9s', '5d', '2d']",,6s,100,100
343,River,1,-1495,1495,CHECK,0,"['3s', '7s']","['As', 'Ad']","['9h', '9s', '5d', '2d', '7h']",,6s,100,100
343,River,0,-1495,1495,CHECK,0,"['3s', '7s']","['As', 'Ad']","['9h', '9s', '5d', '2d', '7h']",,6s,100,100
344,Pre-Flop,0,-1595,1595,RAISE,98,"['3s', '9h']","['2d', '2h']","['7d', '3d']",,,1,1
344,Pre-Flop,1,-1595,1595,CALL,0,"['3s', '9h']","['2d', '2h']","['7d', '3d']",,,2,2
344,Flop,0,-1595,1595,CHECK,0,"['3s', '9h']","['2d', '2h']","['7d', '3d', 'Ah']",,,100,100
344,Flop,1,-1595,1595,DISCARD,0,"['3s', '9h']","['2d', '2h']","['7d', '3d', 'Ah']",,,100,100
344,Flop,1,-1595,1595,CHECK,0,"['3s', '9h']","['2d', '8h']","['7d', '3d', 'Ah']",,2h,100,100
344,Turn,0,-1595,1595,CHECK,0,"['3s', '9h']","['2d', '8h']","['7d', '3d', 'Ah', '4h']",,2h,100,100
344,Turn,1,-1595,1595,CHECK,0,"['3s', '9h']","['2d', '8h']","['7d', '3d', 'Ah', '4h']",,2h,100,100
344,River,0,-1595,1595,CHECK,0,"['3s', '9h']","['2d', '8h']","['7d', '3d', 'Ah', '4h', '6h']",,2h,100,100
344,River,1,-1595,1595,CHECK,0,"['3s', '9h']","['2d', '8h']","['7d', '3d', 'Ah', '4h', '6h']",,2h,100,100
345,Pre-Flop,1,-1495,1495,RAISE,2,"['As', '9s']","['5s', '9d']","['6s', '6h']",,,1,1
345,Pre-Flop,0,-1495,1495,RAISE,96,"['As', '9s']","['5s', '9d']","['6s', '6h']",,,2,2
345,Pre-Flop,1,-1495,1495,DISCARD,0,"['As', '9s']","['5s', '9d']","['6s', '6h']",,,4,4
345,Pre-Flop,1,-1495,1495,CALL,0,"['As', '9s']","['5s', '3s']","['6s', '6h']",,9d,4,4
345,Pre-Flop,0,-1495,1495,CHECK,0,"['As', '9s']","['5s', '3s']","['6s', '6h']",,9d,100,100
345,Flop,1,-1495,1495,CHECK,0,"['As', '9s']","['5s', '3s']","['6s', '6h', '4h']",,9d,100,100
345,Flop,0,-1495,1495,CHECK,0,"['As', '9s']","['5s', '3s']","['6s', '6h', '4h']",,9d,100,100
345,Turn,1,-1495,1495,CHECK,0,"['As', '9s']","['5s', '3s']","['6s', '6h', '4h', 'Ad']",,9d,100,100
345,Turn,0,-1495,1495,CHECK,0,"['As', '9s']","['5s', '3s']","['6s', '6h', '4h', 'Ad']",,9d,100,100
345,River,1,-1495,1495,CHECK,0,"['As', '9s']","['5s', '3s']","['6s', '6h', '4h', 'Ad', '8h']",,9d,100,100
345,River,0,-1495,1495,CHECK,0,"['As', '9s']","['5s', '3s']","['6s', '6h', '4h', 'Ad', '8h']",,9d,100,100
346,Pre-Flop,0,-1395,1395,RAISE,98,"['9s', '4d']","['4s', '6s']","['6h', 'As']",,,1,1
346,Pre-Flop,1,-1395,1395,CALL,0,"['9s', '4d']","['4s', '6s']","['6h', 'As']",,,2,2
346,Flop,0,-1395,1395,CHECK,0,"['9s', '4d']","['4s', '6s']","['6h', 'As', 'Ad']",,,100,100
346,Flop,1,-1395,1395,DISCARD,0,"['9s', '4d']","['4s', '6s']","['6h', 'As', 'Ad']",,,100,100
346,Flop,1,-1395,1395,CHECK,0,"['9s', '4d']","['3h', '6s']","['6h', 'As', 'Ad']",,4s,100,100
346,Turn,0,-1395,1395,CHECK,0,"['9s', '4d']","['3h', '6s']","['6h', 'As', 'Ad', '2d']",,4s,100,100
346,Turn,1,-1395,1395,CHECK,0,"['9s', '4d']","['3h', '6s']","['6h', 'As', 'Ad', '2d']",,4s,100,100
346,River,0,-1395,1395,CHECK,0,"['9s', '4d']","['3h', '6s']","['6h', 'As', 'Ad', '2d', '9h']",,4s,100,100
346,River,1,-1395,1395,CHECK,0,"['9s', '4d']","['3h', '6s']","['6h', 'As', 'Ad', '2d', '9h']",,4s,100,100
347,Pre-Flop,1,-1295,1295,RAISE,2,"['As', '5s']","['9h', '6s']","['6h', '3s']",,,1,1
347,Pre-Flop,0,-1295,1295,RAISE,96,"['As', '5s']","['9h', '6s']","['6h', '3s']",,,2,2
347,Pre-Flop,1,-1295,1295,CALL,0,"['As', '5s']","['9h', '6s']","['6h', '3s']",,,4,4
347,Pre-Flop,0,-1295,1295,CHECK,0,"['As', '5s']","['9h', '6s']","['6h', '3s']",,,100,100
347,Flop,1,-1295,1295,CHECK,0,"['As', '5s']","['9h', '6s']","['6h', '3s', '9s']",,,100,100
347,Flop,0,-1295,1295,CHECK,0,"['As', '5s']","['9h', '6s']","['6h', '3s', '9s']",,,100,100
347,Turn,1,-1295,1295,CHECK,0,"['As', '5s']","['9h', '6s']","['6h', '3s', '9s', '2d']",,,100,100
347,Turn,0,-1295,1295,CHECK,0,"['As', '5s']","['9h', '6s']","['6h', '3s', '9s', '2d']",,,100,100
347,River,1,-1295,1295,CHECK,0,"['As', '5s']","['9h', '6s']","['6h', '3s', '9s', '2d', '7s']",,,100,100
347,River,0,-1295,1295,CHECK,0,"['As', '5s']","['9h', '6s']","['6h', '3s', '9s', '2d', '7s']",,,100,100
348,Pre-Flop,0,-1195,1195,RAISE,98,"['4h', '2s']","['3s', '6h']","['7s', '3h']",,,1,1
348,Pre-Flop,1,-1195,1195,CALL,0,"['4h', '2s']","['3s', '6h']","['7s', '3h']",,,2,2
348,Flop,0,-1195,1195,CHECK,0,"['4h', '2s']","['3s', '6h']","['7s', '3h', '8s']",,,100,100
348,Flop,1,-1195,1195,DISCARD,0,"['4h', '2s']","['3s', '6h']","['7s', '3h', '8s']",,,100,100
348,Flop,1,-1195,1195,CHECK,0,"['4h', '2s']","['9s', '6h']","['7s', '3h', '8s']",,3s,100,100
348,Turn,0,-1195,1195,CHECK,0,"['4h', '2s']","['9s', '6h']","['7s', '3h', '8s', '8h']",,3s,100,100
348,Turn,1,-1195,1195,CHECK,0,"['4h', '2s']","['9s', '6h']","['7s', '3h', '8s', '8h']",,3s,100,100
348,River,0,-1195,1195,CHECK,0,"['4h', '2s']","['9s', '6h']","['7s', '3h', '8s', '8h', '4d']",,3s,100,100
348,River,1,-1195,1195,CHECK,0,"['4h', '2s']","['9s', '6h']","['7s', '3h', '8s', '8h', '4d']",,3s,100,100
349,Pre-Flop,1,-1095,1095,RAISE,2,"['6h', '7s']","['4d', '2s']","['4s', '2d']",,,1,1
349,Pre-Flop,0,-1095,1095,RAISE,96,"['6h', '7s']","['4d', '2s']","['4s', '2d']",,,2,2
349,Pre-Flop,1,-1095,1095,CALL,0,"['6h', '7s']","['4d', '2s']","['4s', '2d']",,,4,4
349,Pre-Flop,0,-1095,1095,CHECK,0,"['6h', '7s']","['4d', '2s']","['4s', '2d']",,,100,100
349,Flop,1,-1095,1095,CHECK,0,"['6h', '7s']","['4d', '2s']","['4s', '2d', '6d']",,,100,100
349,Flop,0,-1095,1095,CHECK,0,"['6h', '7s']","['4d', '2s']","['4s', '2d', '6d']",,,100,100
349,Turn,1,-1095,1095,CHECK,0,"['6h', '7s']","['4d', '2s']","['4s', '2d', '6d', '7h']",,,100,100
349,Turn,0,-1095,1095,CHECK,0,"['6h', '7s']","['4d', '2s']","['4s', '2d', '6d', '7h']",,,100,100
349,River,1,-1095,1095,CHECK,0,"['6h', '7s']","['4d', '2s']","['4s', '2d', '6d', '7h', 'Ah']",,,100,100
349,River,0,-1095,1095,CHECK,0,"['6h', '7s']","['4d', '2s']","['4s', '2d', '6d', '7h', 'Ah']",,,100,100
350,Pre-Flop,0,-995,995,RAISE,98,"['4s', '2s']","['8h', '6s']","['6d', 'Ah']",,,1,1
350,Pre-Flop,1,-995,995,CALL,0,"['4s', '2s']","['8h', '6s']","['6d', 'Ah']",,,2,2
350,Flop,0,-995,995,CHECK,0,"['4s', '2s']","['8h', '6s']","['6d', 'Ah', '8d']",,,100,100
350,Flop,1,-995,995,DISCARD,0,"['4s', '2s']","['8h', '6s']","['6d', 'Ah', '8d']",,,100,100
350,Flop,1,-995,995,CHECK,0,"['4s', '2s']","['8h', '9d']","['6d', 'Ah', '8d']",,6s,100,100
350,Turn,0,-995,995,CHECK,0,"['4s', '2s']","['8h', '9d']","['6d', 'Ah', '8d', '6h']",,6s,100,100
350,Turn,1,-995,995,CHECK,0,"['4s', '2s']","['8h', '9d']","['6d', 'Ah', '8d', '6h']",,6s,100,100
350,River,0,-995,995,CHECK,0,"['4s', '2s']","['8h', '9d']","['6d', 'Ah', '8d', '6h', '7s']",,6s,100,100
350,River,1,-995,995,CHECK,0,"['4s', '2s']","['8h', '9d']","['6d', 'Ah', '8d', '6h', '7s']",,6s,100,100
351,Pre-Flop,1,-1095,1095,RAISE,2,"['4s', '8h']","['6d', '8s']","['6s', '7d']",,,1,1
351,Pre-Flop,0,-1095,1095,RAISE,96,"['4s', '8h']","['6d', '8s']","['6s', '7d']",,,2,2
351,Pre-Flop,1,-1095,1095,CALL,0,"['4s', '8h']","['6d', '8s']","['6s', '7d']",,,4,4
351,Pre-Flop,0,-1095,1095,CHECK,0,"['4s', '8h']","['6d', '8s']","['6s', '7d']",,,100,100
351,Flop,1,-1095,1095,DISCARD,0,"['4s', '8h']","['6d', '8s']","['6s', '7d', '2s']",,,100,100
351,Flop,1,-1095,1095,CHECK,0,"['4s', '8h']","['6d', '5d']","['6s', '7d', '2s']",,8s,100,100
351,Flop,0,-1095,1095,CHECK,0,"['4s', '8h']","['6d', '5d']","['6s', '7d', '2s']",,8s,100,100
351,Turn,1,-1095,1095,CHECK,0,"['4s', '8h']","['6d', '5d']","['6s', '7d', '2s', '2d']",,8s,100,100
351,Turn,0,-1095,1095,CHECK,0,"['4s', '8h']","['6d', '5d']","['6s', '7d', '2s', '2d']",,8s,100,100
351,River,1,-1095,1095,CHECK,0,"['4s', '8h']","['6d', '5d']","['6s', '7d', '2s', '2d', '4d']",,8s,100,100
351,River,0,-1095,1095,CHECK,0,"['4s', '8h']","['6d', '5d']","['6s', '7d', '2s', '2d', '4d']",,8s,100,100
352,Pre-Flop,0,-1195,1195,RAISE,98,"['5h', '4d']","['6s', '7h']","['6d', '4s']",,,1,1
352,Pre-Flop,1,-1195,1195,CALL,0,"['5h', '4d']","['6s', '7h']","['6d', '4s']",,,2,2
352,Flop,0,-1195,1195,CHECK,0,"['5h', '4d']","['6s', '7h']","['6d', '4s', '4h']",,,100,100
352,Flop,1,-1195,1195,DISCARD,0,"['5h', '4d']","['6s', '7h']","['6d', '4s', '4h']",,,100,100
352,Flop,1,-1195,1195,CHECK,0,"['5h', '4d']","['6s', '9s']","['6d', '4s', '4h']",,7h,100,100
352,Turn,0,-1195,1195,CHECK,0,"['5h', '4d']","['6s', '9s']","['6d', '4s', '4h', '2d']",,7h,100,100
352,Turn,1,-1195,1195,CHECK,0,"['5h', '4d']","['6s', '9s']","['6d', '4s', '4h', '2d']",,7h,100,100
352,River,0,-1195,1195,CHECK,0,"['5h', '4d']","['6s', '9s']","['6d', '4s', '4h', '2d', '3s']",,7h,100,100
352,River,1,-1195,1195,CHECK,0,"['5h', '4d']","['6s', '9s']","['6d', '4s', '4h', '2d', '3s']",,7h,100,100
353,Pre-Flop,1,-1095,1095,RAISE,2,"['6s', '2d']","['4h', '7s']","['4d', 'As']",,,1,1
353,Pre-Flop,0,-1095,1095,RAISE,96,"['6s', '2d']","['4h', '7s']","['4d', 'As']",,,2,2
353,Pre-Flop,1,-1095,1095,CALL,0,"['6s', '2d']","['4h', '7s']","['4d', 'As']",,,4,4
353,Pre-Flop,0,-1095,1095,CHECK,0,"['6s', '2d']","['4h', '7s']","['4d', 'As']",,,100,100
353,Flop,1,-1095,1095,DISCARD,0,"['6s', '2d']","['4h', '7s']","['4d', 'As', '6d']",,,100,100
353,Flop,1,-1095,1095,CHECK,0,"['6s', '2d']","['9s', '7s']","['4d', 'As', '6d']",,4h,100,100
353,Flop,0,-1095,1095,CHECK,0,"['6s', '2d']","['9s', '7s']","['4d', 'As', '6d']",,4h,100,100
353,Turn,1,-1095,1095,CHECK,0,"['6s', '2d']","['9s', '7s']","['4d', 'As', '6d', '2h']",,4h,100,100
353,Turn,0,-1095,1095,CHECK,0,"['6s', '2d']","['9s', '7s']","['4d', 'As', '6d', '2h']",,4h,100,100
353,River,1,-1095,1095,CHECK,0,"['6s', '2d']","['9s', '7s']","['4d', 'As', '6d', '2h', '5h']",,4h,100,100
353,River,0,-1095,1095,CHECK,0,"['6s', '2d']","['9s', '7s']","['4d', 'As', '6d', '2h', '5h']",,4h,100,100
354,Pre-Flop,0,-995,995,RAISE,98,"['6h', '2h']","['8h', '3d']","['7s', 'Ah']",,,1,1
354,Pre-Flop,1,-995,995,CALL,0,"['6h', '2h']","['8h', '3d']","['7s', 'Ah']",,,2,2
354,Flop,0,-995,995,CHECK,0,"['6h', '2h']","['8h', '3d']","['7s', 'Ah', '5s']",,,100,100
354,Flop,1,-995,995,DISCARD,0,"['6h', '2h']","['8h', '3d']","['7s', 'Ah', '5s']",,,100,100
354,Flop,1,-995,995,CHECK,0,"['6h', '2h']","['8h', '9s']","['7s', 'Ah', '5s']",,3d,100,100
354,Turn,0,-995,995,CHECK,0,"['6h', '2h']","['8h', '9s']","['7s', 'Ah', '5s', '7d']",,3d,100,100
354,Turn,1,-995,995,CHECK,0,"['6h', '2h']","['8h', '9s']","['7s', 'Ah', '5s', '7d']",,3d,100,100
354,River,0,-995,995,CHECK,0,"['6h', '2h']","['8h', '9s']","['7s', 'Ah', '5s', '7d', '4d']",,3d,100,100
354,River,1,-995,995,CHECK,0,"['6h', '2h']","['8h', '9s']","['7s', 'Ah', '5s', '7d', '4d']",,3d,100,100
355,Pre-Flop,1,-1095,1095,RAISE,2,"['9s', '2s']","['6h', '9h']","['5d', '5h']",,,1,1
355,Pre-Flop,0,-1095,1095,RAISE,96,"['9s', '2s']","['6h', '9h']","['5d', '5h']",,,2,2
355,Pre-Flop,1,-1095,1095,CALL,0,"['9s', '2s']","['6h', '9h']","['5d', '5h']",,,4,4
355,Pre-Flop,0,-1095,1095,CHECK,0,"['9s', '2s']","['6h', '9h']","['5d', '5h']",,,100,100
355,Flop,1,-1095,1095,DISCARD,0,"['9s', '2s']","['6h', '9h']","['5d', '5h', '7d']",,,100,100
355,Flop,1,-1095,1095,CHECK,0,"['9s', '2s']","['6h', '7h']","['5d', '5h', '7d']",,9h,100,100
355,Flop,0,-1095,1095,CHECK,0,"['9s', '2s']","['6h', '7h']","['5d', '5h', '7d']",,9h,100,100
355,Turn,1,-1095,1095,CHECK,0,"['9s', '2s']","['6h', '7h']","['5d', '5h', '7d', '2d']",,9h,100,100
355,Turn,0,-1095,1095,CHECK,0,"['9s', '2s']","['6h', '7h']","['5d', '5h', '7d', '2d']",,9h,100,100
355,River,1,-1095,1095,CHECK,0,"['9s', '2s']","['6h', '7h']","['5d', '5h', '7d', '2d', '6d']",,9h,100,100
355,River,0,-1095,1095,CHECK,0,"['9s', '2s']","['6h', '7h']","['5d', '5h', '7d', '2d', '6d']",,9h,100,100
356,Pre-Flop,0,-1195,1195,RAISE,98,"['7s', '4s']","['8h', '7d']","['5s', '6s']",,,1,1
356,Pre-Flop,1,-1195,1195,CALL,0,"['7s', '4s']","['8h', '7d']","['5s', '6s']",,,2,2
356,Flop,0,-1195,1195,CHECK,0,"['7s', '4s']","['8h', '7d']","['5s', '6s', '2s']",,,100,100
356,Flop,1,-1195,1195,DISCARD,0,"['7s', '4s']","['8h', '7d']","['5s', '6s', '2s']",,,100,100
356,Flop,1,-1195,1195,CHECK,0,"['7s', '4s']","['Ah', '7d']","['5s', '6s', '2s']",,8h,100,100
356,Turn,0,-1195,1195,CHECK,0,"['7s', '4s']","['Ah', '7d']","['5s', '6s', '2s', '4h']",,8h,100,100
356,Turn,1,-1195,1195,CHECK,0,"['7s', '4s']","['Ah', '7d']","['5s', '6s', '2s', '4h']",,8h,100,100
356,River,0,-1195,1195,CHECK,0,"['7s', '4s']","['Ah', '7d']","['5s', '6s', '2s', '4h', '2d']",,8h,100,100
356,River,1,-1195,1195,CHECK,0,"['7s', '4s']","['Ah', '7d']","['5s', '6s', '2s', '4h', '2d']",,8h,100,100
357,Pre-Flop,1,-1095,1095,RAISE,2,"['5h', '8d']","['9s', '7h']","['4h', '3d']",,,1,1
357,Pre-Flop,0,-1095,1095,RAISE,96,"['5h', '8d']","['9s', '7h']","['4h', '3d']",,,2,2
357,Pre-Flop,1,-1095,1095,CALL,0,"['5h', '8d']","['9s', '7h']","['4h', '3d']",,,4,4
357,Pre-Flop,0,-1095,1095,CHECK,0,"['5h', '8d']","['9s', '7h']","['4h', '3d']",,,100,100
357,Flop,1,-1095,1095,DISCARD,0,"['5h', '8d']","['9s', '7h']","['4h', '3d', 'Ad']",,,100,100
357,Flop,1,-1095,1095,CHECK,0,"['5h', '8d']","['As', '7h']","['4h', '3d', 'Ad']",,9s,100,100
357,Flop,0,-1095,1095,CHECK,0,"['5h', '8d']","['As', '7h']","['4h', '3d', 'Ad']",,9s,100,100
357,Turn,1,-1095,1095,CHECK,0,"['5h', '8d']","['As', '7h']","['4h', '3d', 'Ad', '9d']",,9s,100,100
357,Turn,0,-1095,1095,CHECK,0,"['5h', '8d']","['As', '7h']","['4h', '3d', 'Ad', '9d']",,9s,100,100
357,River,1,-1095,1095,CHECK,0,"['5h', '8d']","['As', '7h']","['4h', '3d', 'Ad', '9d', '8h']",,9s,100,100
357,River,0,-1095,1095,CHECK,0,"['5h', '8d']","['As', '7h']","['4h', '3d', 'Ad', '9d', '8h']",,9s,100,100
358,Pre-Flop,0,-1195,1195,RAISE,98,"['7d', '8h']","['6d', 'Ah']","['Ad', '8d']",,,1,1
358,Pre-Flop,1,-1195,1195,CALL,0,"['7d', '8h']","['6d', 'Ah']","['Ad', '8d']",,,2,2
358,Flop,0,-1195,1195,CHECK,0,"['7d', '8h']","['6d', 'Ah']","['Ad', '8d', '2s']",,,100,100
358,Flop,1,-1195,1195,DISCARD,0,"['7d', '8h']","['6d', 'Ah']","['Ad', '8d', '2s']",,,100,100
358,Flop,1,-1195,1195,CHECK,0,"['7d', '8h']","['6d', '3h']","['Ad', '8d', '2s']",,Ah,100,100
358,Turn,0,-1195,1195,CHECK,0,"['7d', '8h']","['6d', '3h']","['Ad', '8d', '2s', '6s']",,Ah,100,100
358,Turn,1,-1195,1195,CHECK,0,"['7d', '8h']","['6d', '3h']","['Ad', '8d', '2s', '6s']",,Ah,100,100
358,River,0,-1195,1195,CHECK,0,"['7d', '8h']","['6d', '3h']","['Ad', '8d', '2s', '6s', '3d']",,Ah,100,100
358,River,1,-1195,1195,CHECK,0,"['7d', '8h']","['6d', '3h']","['Ad', '8d', '2s', '6s', '3d']",,Ah,100,100
359,Pre-Flop,1,-1295,1295,RAISE,2,"['6h', '7d']","['4h', '6s']","['4d', '2d']",,,1,1
359,Pre-Flop,0,-1295,1295,RAISE,96,"['6h', '7d']","['4h', '6s']","['4d', '2d']",,,2,2
359,Pre-Flop,1,-1295,1295,DISCARD,0,"['6h', '7d']","['4h', '6s']","['4d', '2d']",,,4,4
359,Pre-Flop,1,-1295,1295,CALL,0,"['6h', '7d']","['6d', '6s']","['4d', '2d']",,4h,4,4
359,Pre-Flop,0,-1295,1295,CHECK,0,"['6h', '7d']","['6d', '6s']","['4d', '2d']",,4h,100,100
359,Flop,1,-1295,1295,CHECK,0,"['6h', '7d']","['6d', '6s']","['4d', '2d', 'As']",,4h,100,100
359,Flop,0,-1295,1295,CHECK,0,"['6h', '7d']","['6d', '6s']","['4d', '2d', 'As']",,4h,100,100
359,Turn,1,-1295,1295,CHECK,0,"['6h', '7d']","['6d', '6s']","['4d', '2d', 'As', '7h']",,4h,100,100
359,Turn,0,-1295,1295,CHECK,0,"['6h', '7d']","['6d', '6s']","['4d', '2d', 'As', '7h']",,4h,100,100
359,River,1,-1295,1295,CHECK,0,"['6h', '7d']","['6d', '6s']","['4d', '2d', 'As', '7h', 'Ah']",,4h,100,100
359,River,0,-1295,1295,CHECK,0,"['6h', '7d']","['6d', '6s']","['4d', '2d', 'As', '7h', 'Ah']",,4h,100,100
360,Pre-Flop,0,-1195,1195,RAISE,98,"['4s', '5d']","['3s', '9d']","['As', '6h']",,,1,1
360,Pre-Flop,1,-1195,1195,CALL,0,"['4s', '5d']","['3s', '9d']","['As', '6h']",,,2,2
360,Flop,0,-1195,1195,CHECK,0,"['4s', '5d']","['3s', '9d']","['As', '6h', '8d']",,,100,100
360,Flop,1,-1195,1195,DISCARD,0,"['4s', '5d']","['3s', '9d']","['As', '6h', '8d']",,,100,100
360,Flop,1,-1195,1195,CHECK,0,"['4s', '5d']","['5s', '9d']","['As', '6h', '8d']",,3s,100,100
360,Turn,0,-1195,1195,CHECK,0,"['4s', '5d']","['5s', '9d']","['As', '6h', '8d', '2d']",,3s,100,100
360,Turn,1,-1195,1195,CHECK,0,"['4s', '5d']","['5s', '9d']","['As', '6h', '8d', '2d']",,3s,100,100
360,River,0,-1195,1195,CHECK,0,"['4s', '5d']","['5s', '9d']","['As', '6h', '8d', '2d', '2s']",,3s,100,100
360,River,1,-1195,1195,CHECK,0,"['4s', '5d']","['5s', '9d']","['As', '6h', '8d', '2d', '2s']",,3s,100,100
361,Pre-Flop,1,-1295,1295,CALL,0,"['9h', '7s']","['3h', '7d']","['4d', '4s']",,,1,1
361,Pre-Flop,0,-1295,1295,RAISE,98,"['9h', '7s']","['3h', '7d']","['4d', '4s']",,,2,2
361,Pre-Flop,1,-1295,1295,CALL,0,"['9h', '7s']","['3h', '7d']","['4d', '4s']",,,2,2
361,Pre-Flop,0,-1295,1295,CHECK,0,"['9h', '7s']","['3h', '7d']","['4d', '4s']",,,100,100
361,Flop,1,-1295,1295,DISCARD,0,"['9h', '7s']","['3h', '7d']","['4d', '4s', '2s']",,,100,100
361,Flop,1,-1295,1295,CHECK,0,"['9h', '7s']","['3h', 'As']","['4d', '4s', '2s']",,7d,100,100
361,Flop,0,-1295,1295,CHECK,0,"['9h', '7s']","['3h', 'As']","['4d', '4s', '2s']",,7d,100,100
361,Turn,1,-1295,1295,CHECK,0,"['9h', '7s']","['3h', 'As']","['4d', '4s', '2s', '6h']",,7d,100,100
361,Turn,0,-1295,1295,CHECK,0,"['9h', '7s']","['3h', 'As']","['4d', '4s', '2s', '6h']",,7d,100,100
361,River,1,-1295,1295,CHECK,0,"['9h', '7s']","['3h', 'As']","['4d', '4s', '2s', '6h', '4h']",,7d,100,100
361,River,0,-1295,1295,CHECK,0,"['9h', '7s']","['3h', 'As']","['4d', '4s', '2s', '6h', '4h']",,7d,100,100
362,Pre-Flop,0,-1395,1395,RAISE,98,"['5d', '5h']","['2d', '7s']","['8h', '9s']",,,1,1
362,Pre-Flop,1,-1395,1395,CALL,0,"['5d', '5h']","['2d', '7s']","['8h', '9s']",,,2,2
362,Flop,0,-1395,1395,CHECK,0,"['5d', '5h']","['2d', '7s']","['8h', '9s', '4h']",,,100,100
362,Flop,1,-1395,1395,DISCARD,0,"['5d', '5h']","['2d', '7s']","['8h', '9s', '4h']",,,100,100
362,Flop,1,-1395,1395,CHECK,0,"['5d', '5h']","['4s', '7s']","['8h', '9s', '4h']",,2d,100,100
362,Turn,0,-1395,1395,CHECK,0,"['5d', '5h']","['4s', '7s']","['8h', '9s', '4h', '3d']",,2d,100,100
362,Turn,1,-1395,1395,CHECK,0,"['5d', '5h']","['4s', '7s']","['8h', '9s', '4h', '3d']",,2d,100,100
362,River,0,-1395,1395,CHECK,0,"['5d', '5h']","['4s', '7s']","['8h', '9s', '4h', '3d', '3h']",,2d,100,100
362,River,1,-1395,1395,CHECK,0,"['5d', '5h']","['4s', '7s']","['8h', '9s', '4h', '3d', '3h']",,2d,100,100
363,Pre-Flop,1,-1295,1295,RAISE,2,"['8h', '4d']","['6s', '7h']","['5d', '4s']",,,1,1
363,Pre-Flop,0,-1295,1295,RAISE,96,"['8h', '4d']","['6s', '7h']","['5d', '4s']",,,2,2
363,Pre-Flop,1,-1295,1295,CALL,0,"['8h', '4d']","['6s', '7h']","['5d', '4s']",,,4,4
363,Pre-Flop,0,-1295,1295,CHECK,0,"['8h', '4d']","['6s', '7h']","['5d', '4s']",,,100,100
363,Flop,1,-1295,1295,DISCARD,0,"['8h', '4d']","['6s', '7h']","['5d', '4s', '6d']",,,100,100
363,Flop,1,-1295,1295,CHECK,0,"['8h', '4d']","['6s', '3d']","['5d', '4s', '6d']",,7h,100,100
363,Flop,0,-1295,1295,CHECK,0,"['8h', '4d']","['6s', '3d']","['5d', '4s', '6d']",,7h,100,100
363,Turn,1,-1295,1295,CHECK,0,"['8h', '4d']","['6s', '3d']","['5d', '4s', '6d', 'Ad']",,7h,100,100
363,Turn,0,-1295,1295,CHECK,0,"['8h', '4d']","['6s', '3d']","['5d', '4s', '6d', 'Ad']",,7h,100,100
363,River,1,-1295,1295,CHECK,0,"['8h', '4d']","['6s', '3d']","['5d', '4s', '6d', 'Ad', '2h']",,7h,100,100
363,River,0,-1295,1295,CHECK,0,"['8h', '4d']","['6s', '3d']","['5d', '4s', '6d', 'Ad', '2h']",,7h,100,100
364,Pre-Flop,0,-1395,1395,RAISE,98,"['6h', '9s']","['3s', '7h']","['8d', 'As']",,,1,1
364,Pre-Flop,1,-1395,1395,CALL,0,"['6h', '9s']","['3s', '7h']","['8d', 'As']",,,2,2
364,Flop,0,-1395,1395,CHECK,0,"['6h', '9s']","['3s', '7h']","['8d', 'As', '8h']",,,100,100
364,Flop,1,-1395,1395,DISCARD,0,"['6h', '9s']","['3s', '7h']","['8d', 'As', '8h']",,,100,100
364,Flop,1,-1395,1395,CHECK,0,"['6h', '9s']","['3s', '5s']","['8d', 'As', '8h']",,7h,100,100
364,Turn,0,-1395,1395,CHECK,0,"['6h', '9s']","['3s', '5s']","['8d', 'As', '8h', '7s']",,7h,100,100
364,Turn,1,-1395,1395,CHECK,0,"['6h', '9s']","['3s', '5s']","['8d', 'As', '8h', '7s']",,7h,100,100
364,River,0,-1395,1395,CHECK,0,"['6h', '9s']","['3s', '5s']","['8d', 'As', '8h', '7s', '2h']",,7h,100,100
364,River,1,-1395,1395,CHECK,0,"['6h', '9s']","['3s', '5s']","['8d', 'As', '8h', '7s', '2h']",,7h,100,100
365,Pre-Flop,1,-1295,1295,CALL,0,"['Ah', '2h']","['4d', '5h']","['3s', 'As']",,,1,1
365,Pre-Flop,0,-1295,1295,RAISE,98,"['Ah', '2h']","['4d', '5h']","['3s', 'As']",,,2,2
365,Pre-Flop,1,-1295,1295,CALL,0,"['Ah', '2h']","['4d', '5h']","['3s', 'As']",,,2,2
365,Pre-Flop,0,-1295,1295,CHECK,0,"['Ah', '2h']","['4d', '5h']","['3s', 'As']",,,100,100
365,Flop,1,-1295,1295,DISCARD,0,"['Ah', '2h']","['4d', '5h']","['3s', 'As', '6d']",,,100,100
365,Flop,1,-1295,1295,CHECK,0,"['Ah', '2h']","['4d', 'Ad']","['3s', 'As', '6d']",,5h,100,100
365,Flop,0,-1295,1295,CHECK,0,"['Ah', '2h']","['4d', 'Ad']","['3s', 'As', '6d']",,5h,100,100
365,Turn,1,-1295,1295,CHECK,0,"['Ah', '2h']","['4d', 'Ad']","['3s', 'As', '6d', '3h']",,5h,100,100
365,Turn,0,-1295,1295,CHECK,0,"['Ah', '2h']","['4d', 'Ad']","['3s', 'As', '6d', '3h']",,5h,100,100
365,River,1,-1295,1295,CHECK,0,"['Ah', '2h']","['4d', 'Ad']","['3s', 'As', '6d', '3h', '6s']",,5h,100,100
365,River,0,-1295,1295,CHECK,0,"['Ah', '2h']","['4d', 'Ad']","['3s', 'As', '6d', '3h', '6s']",,5h,100,100
366,Pre-Flop,0,-1395,1395,RAISE,98,"['8d', 'Ad']","['3s', '6s']","['4d', '7d']",,,1,1
366,Pre-Flop,1,-1395,1395,CALL,0,"['8d', 'Ad']","['3s', '6s']","['4d', '7d']",,,2,2
366,Flop,0,-1395,1395,CHECK,0,"['8d', 'Ad']","['3s', '6s']","['4d', '7d', '8h']",,,100,100
366,Flop,1,-1395,1395,DISCARD,0,"['8d', 'Ad']","['3s', '6s']","['4d', '7d', '8h']",,,100,100
366,Flop,1,-1395,1395,CHECK,0,"['8d', 'Ad']","['3h', '6s']","['4d', '7d', '8h']",,3s,100,100
366,Turn,0,-1395,1395,CHECK,0,"['8d', 'Ad']","['3h', '6s']","['4d', '7d', '8h', '5s']",,3s,100,100
366,Turn,1,-1395,1395,CHECK,0,"['8d', 'Ad']","['3h', '6s']","['4d', '7d', '8h', '5s']",,3s,100,100
366,River,0,-1395,1395,CHECK,0,"['8d', 'Ad']","['3h', '6s']","['4d', '7d', '8h', '5s', '8s']",,3s,100,100
366,River,1,-1395,1395,CHECK,0,"['8d', 'Ad']","['3h', '6s']","['4d', '7d', '8h', '5s', '8s']",,3s,100,100
367,Pre-Flop,1,-1495,1495,RAISE,2,"['9d', '6s']","['6d', '7d']","['3h', '8d']",,,1,1
367,Pre-Flop,0,-1495,1495,RAISE,96,"['9d', '6s']","['6d', '7d']","['3h', '8d']",,,2,2
367,Pre-Flop,1,-1495,1495,DISCARD,0,"['9d', '6s']","['6d', '7d']","['3h', '8d']",,,4,4
367,Pre-Flop,1,-1495,1495,FOLD,0,"['9d', '6s']","['6d', '2h']","['3h', '8d']",,7d,4,4
368,Pre-Flop,0,-1491,1491,RAISE,98,"['8d', '8s']","['As', '9s']","['2d', '2s']",,,1,1
368,Pre-Flop,1,-1491,1491,CALL,0,"['8d', '8s']","['As', '9s']","['2d', '2s']",,,2,2
368,Flop,0,-1491,1491,CHECK,0,"['8d', '8s']","['As', '9s']","['2d', '2s', '5h']",,,100,100
368,Flop,1,-1491,1491,CHECK,0,"['8d', '8s']","['As', '9s']","['2d', '2s', '5h']",,,100,100
368,Turn,0,-1491,1491,CHECK,0,"['8d', '8s']","['As', '9s']","['2d', '2s', '5h', '5s']",,,100,100
368,Turn,1,-1491,1491,CHECK,0,"['8d', '8s']","['As', '9s']","['2d', '2s', '5h', '5s']",,,100,100
368,River,0,-1491,1491,CHECK,0,"['8d', '8s']","['As', '9s']","['2d', '2s', '5h', '5s', '4s']",,,100,100
368,River,1,-1491,1491,CHECK,0,"['8d', '8s']","['As', '9s']","['2d', '2s', '5h', '5s', '4s']",,,100,100
369,Pre-Flop,1,-1591,1591,RAISE,3,"['3s', '3d']","['8h', '8s']","['2h', '5h']",,,1,1
369,Pre-Flop,0,-1591,1591,RAISE,95,"['3s', '3d']","['8h', '8s']","['2h', '5h']",,,2,2
369,Pre-Flop,1,-1591,1591,CALL,0,"['3s', '3d']","['8h', '8s']","['2h', '5h']",,,5,5
369,Pre-Flop,0,-1591,1591,CHECK,0,"['3s', '3d']","['8h', '8s']","['2h', '5h']",,,100,100
369,Flop,1,-1591,1591,DISCARD,0,"['3s', '3d']","['8h', '8s']","['2h', '5h', '9d']",,,100,100
369,Flop,1,-1591,1591,CHECK,0,"['3s', '3d']","['8h', '3h']","['2h', '5h', '9d']",,8s,100,100
369,Flop,0,-1591,1591,CHECK,0,"['3s', '3d']","['8h', '3h']","['2h', '5h', '9d']",,8s,100,100
369,Turn,1,-1591,1591,CHECK,0,"['3s', '3d']","['8h', '3h']","['2h', '5h', '9d', '5d']",,8s,100,100
369,Turn,0,-1591,1591,CHECK,0,"['3s', '3d']","['8h', '3h']","['2h', '5h', '9d', '5d']",,8s,100,100
369,River,1,-1591,1591,CHECK,0,"['3s', '3d']","['8h', '3h']","['2h', '5h', '9d', '5d', 'Ah']",,8s,100,100
369,River,0,-1591,1591,CHECK,0,"['3s', '3d']","['8h', '3h']","['2h', '5h', '9d', '5d', 'Ah']",,8s,100,100
370,Pre-Flop,0,-1691,1691,RAISE,98,"['9s', '4d']","['2s', '5d']","['3d', '8h']",,,1,1
370,Pre-Flop,1,-1691,1691,CALL,0,"['9s', '4d']","['2s', '5d']","['3d', '8h']",,,2,2
370,Flop,0,-1691,1691,CHECK,0,"['9s', '4d']","['2s', '5d']","['3d', '8h', '7h']",,,100,100
370,Flop,1,-1691,1691,DISCARD,0,"['9s', '4d']","['2s', '5d']","['3d', '8h', '7h']",,,100,100
370,Flop,1,-1691,1691,CHECK,0,"['9s', '4d']","['2s', '8d']","['3d', '8h', '7h']",,5d,100,100
370,Turn,0,-1691,1691,CHECK,0,"['9s', '4d']","['2s', '8d']","['3d', '8h', '7h', '7d']",,5d,100,100
370,Turn,1,-1691,1691,CHECK,0,"['9s', '4d']","['2s', '8d']","['3d', '8h', '7h', '7d']",,5d,100,100
370,River,0,-1691,1691,CHECK,0,"['9s', '4d']","['2s', '8d']","['3d', '8h', '7h', '7d', '5s']",,5d,100,100
370,River,1,-1691,1691,CHECK,0,"['9s', '4d']","['2s', '8d']","['3d', '8h', '7h', '7d', '5s']",,5d,100,100
371,Pre-Flop,1,-1791,1791,RAISE,2,"['2d', '7d']","['3h', '6d']","['4h', '5h']",,,1,1
371,Pre-Flop,0,-1791,1791,RAISE,96,"['2d', '7d']","['3h', '6d']","['4h', '5h']",,,2,2
371,Pre-Flop,1,-1791,1791,CALL,0,"['2d', '7d']","['3h', '6d']","['4h', '5h']",,,4,4
371,Pre-Flop,0,-1791,1791,CHECK,0,"['2d', '7d']","['3h', '6d']","['4h', '5h']",,,100,100
371,Flop,1,-1791,1791,DISCARD,0,"['2d', '7d']","['3h', '6d']","['4h', '5h', '4s']",,,100,100
371,Flop,1,-1791,1791,CHECK,0,"['2d', '7d']","['3h', '4d']","['4h', '5h', '4s']",,6d,100,100
371,Flop,0,-1791,1791,CHECK,0,"['2d', '7d']","['3h', '4d']","['4h', '5h', '4s']",,6d,100,100
371,Turn,1,-1791,1791,CHECK,0,"['2d', '7d']","['3h', '4d']","['4h', '5h', '4s', '6s']",,6d,100,100
371,Turn,0,-1791,1791,CHECK,0,"['2d', '7d']","['3h', '4d']","['4h', '5h', '4s', '6s']",,6d,100,100
371,River,1,-1791,1791,CHECK,0,"['2d', '7d']","['3h', '4d']","['4h', '5h', '4s', '6s', '6h']",,6d,100,100
371,River,0,-1791,1791,CHECK,0,"['2d', '7d']","['3h', '4d']","['4h', '5h', '4s', '6s', '6h']",,6d,100,100
372,Pre-Flop,0,-1891,1891,RAISE,98,"['3d', '2d']","['7s', 'Ah']","['5s', '2s']",,,1,1
372,Pre-Flop,1,-1891,1891,CALL,0,"['3d', '2d']","['7s', 'Ah']","['5s', '2s']",,,2,2
372,Flop,0,-1891,1891,CHECK,0,"['3d', '2d']","['7s', 'Ah']","['5s', '2s', '9d']",,,100,100
372,Flop,1,-1891,1891,DISCARD,0,"['3d', '2d']","['7s', 'Ah']","['5s', '2s', '9d']",,,100,100
372,Flop,1,-1891,1891,CHECK,0,"['3d', '2d']","['7s', 'Ad']","['5s', '2s', '9d']",,Ah,100,100
372,Turn,0,-1891,1891,CHECK,0,"['3d', '2d']","['7s', 'Ad']","['5s', '2s', '9d', '3h']",,Ah,100,100
372,Turn,1,-1891,1891,CHECK,0,"['3d', '2d']","['7s', 'Ad']","['5s', '2s', '9d', '3h']",,Ah,100,100
372,River,0,-1891,1891,CHECK,0,"['3d', '2d']","['7s', 'Ad']","['5s', '2s', '9d', '3h', '8d']",,Ah,100,100
372,River,1,-1891,1891,CHECK,0,"['3d', '2d']","['7s', 'Ad']","['5s', '2s', '9d', '3h', '8d']",,Ah,100,100
373,Pre-Flop,1,-1791,1791,RAISE,2,"['9d', '2h']","['Ad', '8h']","['4d', '9s']",,,1,1
373,Pre-Flop,0,-1791,1791,RAISE,96,"['9d', '2h']","['Ad', '8h']","['4d', '9s']",,,2,2
373,Pre-Flop,1,-1791,1791,CALL,0,"['9d', '2h']","['Ad', '8h']","['4d', '9s']",,,4,4
373,Pre-Flop,0,-1791,1791,CHECK,0,"['9d', '2h']","['Ad', '8h']","['4d', '9s']",,,100,100
373,Flop,1,-1791,1791,DISCARD,0,"['9d', '2h']","['Ad', '8h']","['4d', '9s', '6s']",,,100,100
373,Flop,1,-1791,1791,CHECK,0,"['9d', '2h']","['5s', '8h']","['4d', '9s', '6s']",,Ad,100,100
373,Flop,0,-1791,1791,CHECK,0,"['9d', '2h']","['5s', '8h']","['4d', '9s', '6s']",,Ad,100,100
373,Turn,1,-1791,1791,CHECK,0,"['9d', '2h']","['5s', '8h']","['4d', '9s', '6s', '2d']",,Ad,100,100
373,Turn,0,-1791,1791,CHECK,0,"['9d', '2h']","['5s', '8h']","['4d', '9s', '6s', '2d']",,Ad,100,100
373,River,1,-1791,1791,CHECK,0,"['9d', '2h']","['5s', '8h']","['4d', '9s', '6s', '2d', '9h']",,Ad,100,100
373,River,0,-1791,1791,CHECK,0,"['9d', '2h']","['5s', '8h']","['4d', '9s', '6s', '2d', '9h']",,Ad,100,100
374,Pre-Flop,0,-1691,1691,RAISE,98,"['5s', '4h']","['4d', '9s']","['8d', '3d']",,,1,1
374,Pre-Flop,1,-1691,1691,CALL,0,"['5s', '4h']","['4d', '9s']","['8d', '3d']",,,2,2
374,Flop,0,-1691,1691,CHECK,0,"['5s', '4h']","['4d', '9s']","['8d', '3d', 'Ad']",,,100,100
374,Flop,1,-1691,1691,DISCARD,0,"['5s', '4h']","['4d', '9s']","['8d', '3d', 'Ad']",,,100,100
374,Flop,1,-1691,1691,CHECK,0,"['5s', '4h']","['4d', '7d']","['8d', '3d', 'Ad']",,9s,100,100
374,Turn,0,-1691,1691,CHECK,0,"['5s', '4h']","['4d', '7d']","['8d', '3d', 'Ad', '6s']",,9s,100,100
374,Turn,1,-1691,1691,CHECK,0,"['5s', '4h']","['4d', '7d']","['8d', '3d', 'Ad', '6s']",,9s,100,100
374,River,0,-1691,1691,CHECK,0,"['5s', '4h']","['4d', '7d']","['8d', '3d', 'Ad', '6s', 'Ah']",,9s,100,100
374,River,1,-1691,1691,CHECK,0,"['5s', '4h']","['4d', '7d']","['8d', '3d', 'Ad', '6s', 'Ah']",,9s,100,100
375,Pre-Flop,1,-1791,1791,CALL,0,"['3h', '8d']","['8h', '3d']","['3s', '5h']",,,1,1
375,Pre-Flop,0,-1791,1791,RAISE,98,"['3h', '8d']","['8h', '3d']","['3s', '5h']",,,2,2
375,Pre-Flop,1,-1791,1791,DISCARD,0,"['3h', '8d']","['8h', '3d']","['3s', '5h']",,,2,2
375,Pre-Flop,1,-1791,1791,CALL,0,"['3h', '8d']","['8h', 'Ah']","['3s', '5h']",,3d,2,2
375,Pre-Flop,0,-1791,1791,CHECK,0,"['3h', '8d']","['8h', 'Ah']","['3s', '5h']",,3d,100,100
375,Flop,1,-1791,1791,CHECK,0,"['3h', '8d']","['8h', 'Ah']","['3s', '5h', '4s']",,3d,100,100
375,Flop,0,-1791,1791,CHECK,0,"['3h', '8d']","['8h', 'Ah']","['3s', '5h', '4s']",,3d,100,100
375,Turn,1,-1791,1791,CHECK,0,"['3h', '8d']","['8h', 'Ah']","['3s', '5h', '4s', '7s']",,3d,100,100
375,Turn,0,-1791,1791,CHECK,0,"['3h', '8d']","['8h', 'Ah']","['3s', '5h', '4s', '7s']",,3d,100,100
375,River,1,-1791,1791,CHECK,0,"['3h', '8d']","['8h', 'Ah']","['3s', '5h', '4s', '7s', 'Ad']",,3d,100,100
375,River,0,-1791,1791,CHECK,0,"['3h', '8d']","['8h', 'Ah']","['3s', '5h', '4s', '7s', 'Ad']",,3d,100,100
376,Pre-Flop,0,-1891,1891,RAISE,98,"['7d', 'Ad']","['As', '9d']","['9s', '4h']",,,1,1
376,Pre-Flop,1,-1891,1891,CALL,0,"['7d', 'Ad']","['As', '9d']","['9s', '4h']",,,2,2
376,Flop,0,-1891,1891,CHECK,0,"['7d', 'Ad']","['As', '9d']","['9s', '4h', '8d']",,,100,100
376,Flop,1,-1891,1891,CHECK,0,"['7d', 'Ad']","['As', '9d']","['9s', '4h', '8d']",,,100,100
376,Turn,0,-1891,1891,CHECK,0,"['7d', 'Ad']","['As', '9d']","['9s', '4h', '8d', '5s']",,,100,100
376,Turn,1,-1891,1891,CHECK,0,"['7d', 'Ad']","['As', '9d']","['9s', '4h', '8d', '5s']",,,100,100
376,River,0,-1891,1891,CHECK,0,"['7d', 'Ad']","['As', '9d']","['9s', '4h', '8d', '5s', '6s']",,,100,100
376,River,1,-1891,1891,CHECK,0,"['7d', 'Ad']","['As', '9d']","['9s', '4h', '8d', '5s', '6s']",,,100,100
377,Pre-Flop,1,-1791,1791,DISCARD,0,"['3h', '6h']","['3s', '4h']","['As', '5h']",,,1,1
377,Pre-Flop,1,-1791,1791,RAISE,3,"['3h', '6h']","['3s', '9s']","['As', '5h']",,4h,1,1
377,Pre-Flop,0,-1791,1791,RAISE,95,"['3h', '6h']","['3s', '9s']","['As', '5h']",,4h,2,2
377,Pre-Flop,1,-1791,1791,CALL,0,"['3h', '6h']","['3s', '9s']","['As', '5h']",,4h,5,5
377,Pre-Flop,0,-1791,1791,CHECK,0,"['3h', '6h']","['3s', '9s']","['As', '5h']",,4h,100,100
377,Flop,1,-1791,1791,CHECK,0,"['3h', '6h']","['3s', '9s']","['As', '5h', '5d']",,4h,100,100
377,Flop,0,-1791,1791,CHECK,0,"['3h', '6h']","['3s', '9s']","['As', '5h', '5d']",,4h,100,100
377,Turn,1,-1791,1791,CHECK,0,"['3h', '6h']","['3s', '9s']","['As', '5h', '5d', '4s']",,4h,100,100
377,Turn,0,-1791,1791,CHECK,0,"['3h', '6h']","['3s', '9s']","['As', '5h', '5d', '4s']",,4h,100,100
377,River,1,-1791,1791,CHECK,0,"['3h', '6h']","['3s', '9s']","['As', '5h', '5d', '4s', '6d']",,4h,100,100
377,River,0,-1791,1791,CHECK,0,"['3h', '6h']","['3s', '9s']","['As', '5h', '5d', '4s', '6d']",,4h,100,100
378,Pre-Flop,0,-1691,1691,RAISE,98,"['8h', '7h']","['5s', '4d']","['8d', '2d']",,,1,1
378,Pre-Flop,1,-1691,1691,CALL,0,"['8h', '7h']","['5s', '4d']","['8d', '2d']",,,2,2
378,Flop,0,-1691,1691,CHECK,0,"['8h', '7h']","['5s', '4d']","['8d', '2d', '7s']",,,100,100
378,Flop,1,-1691,1691,CHECK,0,"['8h', '7h']","['5s', '4d']","['8d', '2d', '7s']",,,100,100
378,Turn,0,-1691,1691,CHECK,0,"['8h', '7h']","['5s', '4d']","['8d', '2d', '7s', 'As']",,,100,100
378,Turn,1,-1691,1691,CHECK,0,"['8h', '7h']","['5s', '4d']","['8d', '2d', '7s', 'As']",,,100,100
378,River,0,-1691,1691,CHECK,0,"['8h', '7h']","['5s', '4d']","['8d', '2d', '7s', 'As', '7d']",,,100,100
378,River,1,-1691,1691,CHECK,0,"['8h', '7h']","['5s', '4d']","['8d', '2d', '7s', 'As', '7d']",,,100,100
379,Pre-Flop,1,-1591,1591,RAISE,3,"['4h', '3d']","['As', '2s']","['4s', '7d']",,,1,1
379,Pre-Flop,0,-1591,1591,RAISE,95,"['4h', '3d']","['As', '2s']","['4s', '7d']",,,2,2
379,Pre-Flop,1,-1591,1591,CALL,0,"['4h', '3d']","['As', '2s']","['4s', '7d']",,,5,5
379,Pre-Flop,0,-1591,1591,CHECK,0,"['4h', '3d']","['As', '2s']","['4s', '7d']",,,100,100
379,Flop,1,-1591,1591,DISCARD,0,"['4h', '3d']","['As', '2s']","['4s', '7d', 'Ah']",,,100,100
379,Flop,1,-1591,1591,CHECK,0,"['4h', '3d']","['As', '5h']","['4s', '7d', 'Ah']",,2s,100,100
379,Flop,0,-1591,1591,CHECK,0,"['4h', '3d']","['As', '5h']","['4s', '7d', 'Ah']",,2s,100,100
379,Turn,1,-1591,1591,CHECK,0,"['4h', '3d']","['As', '5h']","['4s', '7d', 'Ah', '3h']",,2s,100,100
379,Turn,0,-1591,1591,CHECK,0,"['4h', '3d']","['As', '5h']","['4s', '7d', 'Ah', '3h']",,2s,100,100
379,River,1,-1591,1591,CHECK,0,"['4h', '3d']","['As', '5h']","['4s', '7d', 'Ah', '3h', '4d']",,2s,100,100
379,River,0,-1591,1591,CHECK,0,"['4h', '3d']","['As', '5h']","['4s', '7d', 'Ah', '3h', '4d']",,2s,100,100
380,Pre-Flop,0,-1491,1491,RAISE,98,"['4d', '2d']","['7s', '9d']","['2s', '8s']",,,1,1
380,Pre-Flop,1,-1491,1491,CALL,0,"['4d', '2d']","['7s', '9d']","['2s', '8s']",,,2,2
380,Flop,0,-1491,1491,CHECK,0,"['4d', '2d']","['7s', '9d']","['2s', '8s', '4h']",,,100,100
380,Flop,1,-1491,1491,DISCARD,0,"['4d', '2d']","['7s', '9d']","['2s', '8s', '4h']",,,100,100
380,Flop,1,-1491,1491,CHECK,0,"['4d', '2d']","['7s', '3d']","['2s', '8s', '4h']",,9d,100,100
380,Turn,0,-1491,1491,CHECK,0,"['4d', '2d']","['7s', '3d']","['2s', '8s', '4h', '5d']",,9d,100,100
380,Turn,1,-1491,1491,CHECK,0,"['4d', '2d']","['7s', '3d']","['2s', '8s', '4h', '5d']",,9d,100,100
380,River,0,-1491,1491,CHECK,0,"['4d', '2d']","['7s', '3d']","['2s', '8s', '4h', '5d', 'Ah']",,9d,100,100
380,River,1,-1491,1491,CHECK,0,"['4d', '2d']","['7s', '3d']","['2s', '8s', '4h', '5d', 'Ah']",,9d,100,100
381,Pre-Flop,1,-1591,1591,CALL,0,"['8h', '2d']","['5d', '9h']","['7h', '7d']",,,1,1
381,Pre-Flop,0,-1591,1591,RAISE,98,"['8h', '2d']","['5d', '9h']","['7h', '7d']",,,2,2
381,Pre-Flop,1,-1591,1591,CALL,0,"['8h', '2d']","['5d', '9h']","['7h', '7d']",,,2,2
381,Pre-Flop,0,-1591,1591,CHECK,0,"['8h', '2d']","['5d', '9h']","['7h', '7d']",,,100,100
381,Flop,1,-1591,1591,DISCARD,0,"['8h', '2d']","['5d', '9h']","['7h', '7d', '4s']",,,100,100
381,Flop,1,-1591,1591,CHECK,0,"['8h', '2d']","['5d', '5s']","['7h', '7d', '4s']",,9h,100,100
381,Flop,0,-1591,1591,CHECK,0,"['8h', '2d']","['5d', '5s']","['7h', '7d', '4s']",,9h,100,100
381,Turn,1,-1591,1591,CHECK,0,"['8h', '2d']","['5d', '5s']","['7h', '7d', '4s', '3s']",,9h,100,100
381,Turn,0,-1591,1591,CHECK,0,"['8h', '2d']","['5d', '5s']","['7h', '7d', '4s', '3s']",,9h,100,100
381,River,1,-1591,1591,CHECK,0,"['8h', '2d']","['5d', '5s']","['7h', '7d', '4s', '3s', '3h']",,9h,100,100
381,River,0,-1591,1591,CHECK,0,"['8h', '2d']","['5d', '5s']","['7h', '7d', '4s', '3s', '3h']",,9h,100,100
382,Pre-Flop,0,-1691,1691,RAISE,98,"['7s', '3h']","['4s', '2d']","['5s', '8s']",,,1,1
382,Pre-Flop,1,-1691,1691,CALL,0,"['7s', '3h']","['4s', '2d']","['5s', '8s']",,,2,2
382,Flop,0,-1691,1691,CHECK,0,"['7s', '3h']","['4s', '2d']","['5s', '8s', '3d']",,,100,100
382,Flop,1,-1691,1691,DISCARD,0,"['7s', '3h']","['4s', '2d']","['5s', '8s', '3d']",,,100,100
382,Flop,1,-1691,1691,CHECK,0,"['7s', '3h']","['6h', '2d']","['5s', '8s', '3d']",,4s,100,100
382,Turn,0,-1691,1691,CHECK,0,"['7s', '3h']","['6h', '2d']","['5s', '8s', '3d', '6s']",,4s,100,100
382,Turn,1,-1691,1691,CHECK,0,"['7s', '3h']","['6h', '2d']","['5s', '8s', '3d', '6s']",,4s,100,100
382,River,0,-1691,1691,CHECK,0,"['7s', '3h']","['6h', '2d']","['5s', '8s', '3d', '6s', '2h']",,4s,100,100
382,River,1,-1691,1691,CHECK,0,"['7s', '3h']","['6h', '2d']","['5s', '8s', '3d', '6s', '2h']",,4s,100,100
383,Pre-Flop,1,-1791,1791,RAISE,2,"['9h', 'Ah']","['3h', '2h']","['7s', '6d']",,,1,1
383,Pre-Flop,0,-1791,1791,RAISE,96,"['9h', 'Ah']","['3h', '2h']","['7s', '6d']",,,2,2
383,Pre-Flop,1,-1791,1791,CALL,0,"['9h', 'Ah']","['3h', '2h']","['7s', '6d']",,,4,4
383,Pre-Flop,0,-1791,1791,CHECK,0,"['9h', 'Ah']","['3h', '2h']","['7s', '6d']",,,100,100
383,Flop,1,-1791,1791,CHECK,0,"['9h', 'Ah']","['3h', '2h']","['7s', '6d', 'Ad']",,,100,100
383,Flop,0,-1791,1791,CHECK,0,"['9h', 'Ah']","['3h', '2h']","['7s', '6d', 'Ad']",,,100,100
383,Turn,1,-1791,1791,CHECK,0,"['9h', 'Ah']","['3h', '2h']","['7s', '6d', 'Ad', '3s']",,,100,100
383,Turn,0,-1791,1791,CHECK,0,"['9h', 'Ah']","['3h', '2h']","['7s', '6d', 'Ad', '3s']",,,100,100
383,River,1,-1791,1791,CHECK,0,"['9h', 'Ah']","['3h', '2h']","['7s', '6d', 'Ad', '3s', '9s']",,,100,100
383,River,0,-1791,1791,CHECK,0,"['9h', 'Ah']","['3h', '2h']","['7s', '6d', 'Ad', '3s', '9s']",,,100,100
384,Pre-Flop,0,-1691,1691,RAISE,98,"['3h', '8h']","['Ah', '6d']","['4s', '7h']",,,1,1
384,Pre-Flop,1,-1691,1691,CALL,0,"['3h', '8h']","['Ah', '6d']","['4s', '7h']",,,2,2
384,Flop,0,-1691,1691,CHECK,0,"['3h', '8h']","['Ah', '6d']","['4s', '7h', '9h']",,,100,100
384,Flop,1,-1691,1691,DISCARD,0,"['3h', '8h']","['Ah', '6d']","['4s', '7h', '9h']",,,100,100
384,Flop,1,-1691,1691,CHECK,0,"['3h', '8h']","['Ah', 'Ad']","['4s', '7h', '9h']",,6d,100,100
384,Turn,0,-1691,1691,CHECK,0,"['3h', '8h']","['Ah', 'Ad']","['4s', '7h', '9h', '7s']",,6d,100,100
384,Turn,1,-1691,1691,CHECK,0,"['3h', '8h']","['Ah', 'Ad']","['4s', '7h', '9h', '7s']",,6d,100,100
384,River,0,-1691,1691,CHECK,0,"['3h', '8h']","['Ah', 'Ad']","['4s', '7h', '9h', '7s', '5s']",,6d,100,100
384,River,1,-1691,1691,CHECK,0,"['3h', '8h']","['Ah', 'Ad']","['4s', '7h', '9h', '7s', '5s']",,6d,100,100
385,Pre-Flop,1,-1791,1791,CALL,0,"['Ad', '4s']","['8h', '6d']","['Ah', '3h']",,,1,1
385,Pre-Flop,0,-1791,1791,RAISE,98,"['Ad', '4s']","['8h', '6d']","['Ah', '3h']",,,2,2
385,Pre-Flop,1,-1791,1791,CALL,0,"['Ad', '4s']","['8h', '6d']","['Ah', '3h']",,,2,2
385,Pre-Flop,0,-1791,1791,CHECK,0,"['Ad', '4s']","['8h', '6d']","['Ah', '3h']",,,100,100
385,Flop,1,-1791,1791,DISCARD,0,"['Ad', '4s']","['8h', '6d']","['Ah', '3h', '6h']",,,100,100
385,Flop,1,-1791,1791,CHECK,0,"['Ad', '4s']","['2h', '6d']","['Ah', '3h', '6h']",,8h,100,100
385,Flop,0,-1791,1791,CHECK,0,"['Ad', '4s']","['2h', '6d']","['Ah', '3h', '6h']",,8h,100,100
385,Turn,1,-1791,1791,CHECK,0,"['Ad', '4s']","['2h', '6d']","['Ah', '3h', '6h', '8d']",,8h,100,100
385,Turn,0,-1791,1791,CHECK,0,"['Ad', '4s']","['2h', '6d']","['Ah', '3h', '6h', '8d']",,8h,100,100
385,River,1,-1791,1791,CHECK,0,"['Ad', '4s']","['2h', '6d']","['Ah', '3h', '6h', '8d', '9s']",,8h,100,100
385,River,0,-1791,1791,CHECK,0,"['Ad', '4s']","['2h', '6d']","['Ah', '3h', '6h', '8d', '9s']",,8h,100,100
386,Pre-Flop,0,-1691,1691,RAISE,98,"['5s', '3d']","['As', '7s']","['3s', '3h']",,,1,1
386,Pre-Flop,1,-1691,1691,CALL,0,"['5s', '3d']","['As', '7s']","['3s', '3h']",,,2,2
386,Flop,0,-1691,1691,CHECK,0,"['5s', '3d']","['As', '7s']","['3s', '3h', '2d']",,,100,100
386,Flop,1,-1691,1691,DISCARD,0,"['5s', '3d']","['As', '7s']","['3s', '3h', '2d']",,,100,100
386,Flop,1,-1691,1691,CHECK,0,"['5s', '3d']","['As', '7h']","['3s', '3h', '2d']",,7s,100,100
386,Turn,0,-1691,1691,CHECK,0,"['5s', '3d']","['As', '7h']","['3s', '3h', '2d', '5d']",,7s,100,100
386,Turn,1,-1691,1691,CHECK,0,"['5s', '3d']","['As', '7h']","['3s', '3h', '2d', '5d']",,7s,100,100
386,River,0,-1691,1691,CHECK,0,"['5s', '3d']","['As', '7h']","['3s', '3h', '2d', '5d', '2s']",,7s,100,100
386,River,1,-1691,1691,CHECK,0,"['5s', '3d']","['As', '7h']","['3s', '3h', '2d', '5d', '2s']",,7s,100,100
387,Pre-Flop,1,-1591,1591,RAISE,2,"['7d', '6h']","['4d', '6s']","['3h', '3s']",,,1,1
387,Pre-Flop,0,-1591,1591,RAISE,96,"['7d', '6h']","['4d', '6s']","['3h', '3s']",,,2,2
387,Pre-Flop,1,-1591,1591,CALL,0,"['7d', '6h']","['4d', '6s']","['3h', '3s']",,,4,4
387,Pre-Flop,0,-1591,1591,CHECK,0,"['7d', '6h']","['4d', '6s']","['3h', '3s']",,,100,100
387,Flop,1,-1591,1591,DISCARD,0,"['7d', '6h']","['4d', '6s']","['3h', '3s', 'As']",,,100,100
387,Flop,1,-1591,1591,CHECK,0,"['7d', '6h']","['Ad', '6s']","['3h', '3s', 'As']",,4d,100,100
387,Flop,0,-1591,1591,CHECK,0,"['7d', '6h']","['Ad', '6s']","['3h', '3s', 'As']",,4d,100,100
387,Turn,1,-1591,1591,CHECK,0,"['7d', '6h']","['Ad', '6s']","['3h', '3s', 'As', '4s']",,4d,100,100
387,Turn,0,-1591,1591,CHECK,0,"['7d', '6h']","['Ad', '6s']","['3h', '3s', 'As', '4s']",,4d,100,100
387,River,1,-1591,1591,CHECK,0,"['7d', '6h']","['Ad', '6s']","['3h', '3s', 'As', '4s', '8d']",,4d,100,100
387,River,0,-1591,1591,CHECK,0,"['7d', '6h']","['Ad', '6s']","['3h', '3s', 'As', '4s', '8d']",,4d,100,100
388,Pre-Flop,0,-1691,1691,RAISE,98,"['6d', '7d']","['3d', '2h']","['9s', '4h']",,,1,1
388,Pre-Flop,1,-1691,1691,CALL,0,"['6d', '7d']","['3d', '2h']","['9s', '4h']",,,2,2
388,Flop,0,-1691,1691,CHECK,0,"['6d', '7d']","['3d', '2h']","['9s', '4h', '2s']",,,100,100
388,Flop,1,-1691,1691,DISCARD,0,"['6d', '7d']","['3d', '2h']","['9s', '4h', '2s']",,,100,100
388,Flop,1,-1691,1691,CHECK,0,"['6d', '7d']","['Ad', '2h']","['9s', '4h', '2s']",,3d,100,100
388,Turn,0,-1691,1691,CHECK,0,"['6d', '7d']","['Ad', '2h']","['9s', '4h', '2s', '9h']",,3d,100,100
388,Turn,1,-1691,1691,CHECK,0,"['6d', '7d']","['Ad', '2h']","['9s', '4h', '2s', '9h']",,3d,100,100
388,River,0,-1691,1691,CHECK,0,"['6d', '7d']","['Ad', '2h']","['9s', '4h', '2s', '9h', '3s']",,3d,100,100
388,River,1,-1691,1691,CHECK,0,"['6d', '7d']","['Ad', '2h']","['9s', '4h', '2s', '9h', '3s']",,3d,100,100
389,Pre-Flop,1,-1791,1791,RAISE,2,"['Ah', '6d']","['8s', '6h']","['2s', '8d']",,,1,1
389,Pre-Flop,0,-1791,1791,RAISE,96,"['Ah', '6d']","['8s', '6h']","['2s', '8d']",,,2,2
389,Pre-Flop,1,-1791,1791,CALL,0,"['Ah', '6d']","['8s', '6h']","['2s', '8d']",,,4,4
389,Pre-Flop,0,-1791,1791,CHECK,0,"['Ah', '6d']","['8s', '6h']","['2s', '8d']",,,100,100
389,Flop,1,-1791,1791,DISCARD,0,"['Ah', '6d']","['8s', '6h']","['2s', '8d', '4h']",,,100,100
389,Flop,1,-1791,1791,CHECK,0,"['Ah', '6d']","['3d', '6h']","['2s', '8d', '4h']",,8s,100,100
389,Flop,0,-1791,1791,CHECK,0,"['Ah', '6d']","['3d', '6h']","['2s', '8d', '4h']",,8s,100,100
389,Turn,1,-1791,1791,CHECK,0,"['Ah', '6d']","['3d', '6h']","['2s', '8d', '4h', '4d']",,8s,100,100
389,Turn,0,-1791,1791,CHECK,0,"['Ah', '6d']","['3d', '6h']","['2s', '8d', '4h', '4d']",,8s,100,100
389,River,1,-1791,1791,CHECK,0,"['Ah', '6d']","['3d', '6h']","['2s', '8d', '4h', '4d', '3s']",,8s,100,100
389,River,0,-1791,1791,CHECK,0,"['Ah', '6d']","['3d', '6h']","['2s', '8d', '4h', '4d', '3s']",,8s,100,100
390,Pre-Flop,0,-1891,1891,RAISE,98,"['2s', '2h']","['2d', '3s']","['3d', '9s']",,,1,1
390,Pre-Flop,1,-1891,1891,CALL,0,"['2s', '2h']","['2d', '3s']","['3d', '9s']",,,2,2
390,Flop,0,-1891,1891,CHECK,0,"['2s', '2h']","['2d', '3s']","['3d', '9s', '5s']",,,100,100
390,Flop,1,-1891,1891,DISCARD,0,"['2s', '2h']","['2d', '3s']","['3d', '9s', '5s']",,,100,100
390,Flop,1,-1891,1891,CHECK,0,"['2s', '2h']","['2d', '6d']","['3d', '9s', '5s']",,3s,100,100
390,Turn,0,-1891,1891,CHECK,0,"['2s', '2h']","['2d', '6d']","['3d', '9s', '5s', '8s']",,3s,100,100
390,Turn,1,-1891,1891,CHECK,0,"['2s', '2h']","['2d', '6d']","['3d', '9s', '5s', '8s']",,3s,100,100
390,River,0,-1891,1891,CHECK,0,"['2s', '2h']","['2d', '6d']","['3d', '9s', '5s', '8s', 'Ah']",,3s,100,100
390,River,1,-1891,1891,CHECK,0,"['2s', '2h']","['2d', '6d']","['3d', '9s', '5s', '8s', 'Ah']",,3s,100,100
391,Pre-Flop,1,-1791,1791,RAISE,2,"['2s', '4h']","['8d', 'Ad']","['5d', '5h']",,,1,1
391,Pre-Flop,0,-1791,1791,RAISE,96,"['2s', '4h']","['8d', 'Ad']","['5d', '5h']",,,2,2
391,Pre-Flop,1,-1791,1791,CALL,0,"['2s', '4h']","['8d', 'Ad']","['5d', '5h']",,,4,4
391,Pre-Flop,0,-1791,1791,CHECK,0,"['2s', '4h']","['8d', 'Ad']","['5d', '5h']",,,100,100
391,Flop,1,-1791,1791,DISCARD,0,"['2s', '4h']","['8d', 'Ad']","['5d', '5h', '4d']",,,100,100
391,Flop,1,-1791,1791,CHECK,0,"['2s', '4h']","['8d', '4s']","['5d', '5h', '4d']",,Ad,100,100
391,Flop,0,-1791,1791,CHECK,0,"['2s', '4h']","['8d', '4s']","['5d', '5h', '4d']",,Ad,100,100
391,Turn,1,-1791,1791,CHECK,0,"['2s', '4h']","['8d', '4s']","['5d', '5h', '4d', 'Ah']",,Ad,100,100
391,Turn,0,-1791,1791,CHECK,0,"['2s', '4h']","['8d', '4s']","['5d', '5h', '4d', 'Ah']",,Ad,100,100
391,River,1,-1791,1791,CHECK,0,"['2s', '4h']","['8d', '4s']","['5d', '5h', '4d', 'Ah', '8h']",,Ad,100,100
391,River,0,-1791,1791,CHECK,0,"['2s', '4h']","['8d', '4s']","['5d', '5h', '4d', 'Ah', '8h']",,Ad,100,100
392,Pre-Flop,0,-1891,1891,RAISE,98,"['9s', '4h']","['6h', '8s']","['2d', '3d']",,,1,1
392,Pre-Flop,1,-1891,1891,CALL,0,"['9s', '4h']","['6h', '8s']","['2d', '3d']",,,2,2
392,Flop,0,-1891,1891,CHECK,0,"['9s', '4h']","['6h', '8s']","['2d', '3d', 'Ad']",,,100,100
392,Flop,1,-1891,1891,DISCARD,0,"['9s', '4h']","['6h', '8s']","['2d', '3d', 'Ad']",,,100,100
392,Flop,1,-1891,1891,CHECK,0,"['9s', '4h']","['6s', '8s']","['2d', '3d', 'Ad']",,6h,100,100
392,Turn,0,-1891,1891,CHECK,0,"['9s', '4h']","['6s', '8s']","['2d', '3d', 'Ad', '3s']",,6h,100,100
392,Turn,1,-1891,1891,CHECK,0,"['9s', '4h']","['6s', '8s']","['2d', '3d', 'Ad', '3s']",,6h,100,100
392,River,0,-1891,1891,CHECK,0,"['9s', '4h']","['6s', '8s']","['2d', '3d', 'Ad', '3s', '9h']",,6h,100,100
392,River,1,-1891,1891,CHECK,0,"['9s', '4h']","['6s', '8s']","['2d', '3d', 'Ad', '3s', '9h']",,6h,100,100
393,Pre-Flop,1,-1791,1791,CALL,0,"['5d', '4h']","['7d', '3h']","['7h', '6s']",,,1,1
393,Pre-Flop,0,-1791,1791,RAISE,98,"['5d', '4h']","['7d', '3h']","['7h', '6s']",,,2,2
393,Pre-Flop,1,-1791,1791,CALL,0,"['5d', '4h']","['7d', '3h']","['7h', '6s']",,,2,2
393,Pre-Flop,0,-1791,1791,CHECK,0,"['5d', '4h']","['7d', '3h']","['7h', '6s']",,,100,100
393,Flop,1,-1791,1791,DISCARD,0,"['5d', '4h']","['7d', '3h']","['7h', '6s', '2h']",,,100,100
393,Flop,1,-1791,1791,CHECK,0,"['5d', '4h']","['7s', '3h']","['7h', '6s', '2h']",,7d,100,100
393,Flop,0,-1791,1791,CHECK,0,"['5d', '4h']","['7s', '3h']","['7h', '6s', '2h']",,7d,100,100
393,Turn,1,-1791,1791,CHECK,0,"['5d', '4h']","['7s', '3h']","['7h', '6s', '2h', '8s']",,7d,100,100
393,Turn,0,-1791,1791,CHECK,0,"['5d', '4h']","['7s', '3h']","['7h', '6s', '2h', '8s']",,7d,100,100
393,River,1,-1791,1791,CHECK,0,"['5d', '4h']","['7s', '3h']","['7h', '6s', '2h', '8s', '9s']",,7d,100,100
393,River,0,-1791,1791,CHECK,0,"['5d', '4h']","['7s', '3h']","['7h', '6s', '2h', '8s', '9s']",,7d,100,100
394,Pre-Flop,0,-1691,1691,RAISE,98,"['4s', '9s']","['2h', 'As']","['3d', '3s']",,,1,1
394,Pre-Flop,1,-1691,1691,CALL,0,"['4s', '9s']","['2h', 'As']","['3d', '3s']",,,2,2
394,Flop,0,-1691,1691,CHECK,0,"['4s', '9s']","['2h', 'As']","['3d', '3s', '7s']",,,100,100
394,Flop,1,-1691,1691,DISCARD,0,"['4s', '9s']","['2h', 'As']","['3d', '3s', '7s']",,,100,100
394,Flop,1,-1691,1691,CHECK,0,"['4s', '9s']","['2s', 'As']","['3d', '3s', '7s']",,2h,100,100
394,Turn,0,-1691,1691,CHECK,0,"['4s', '9s']","['2s', 'As']","['3d', '3s', '7s', '7h']",,2h,100,100
394,Turn,1,-1691,1691,CHECK,0,"['4s', '9s']","['2s', 'As']","['3d', '3s', '7s', '7h']",,2h,100,100
394,River,0,-1691,1691,CHECK,0,"['4s', '9s']","['2s', 'As']","['3d', '3s', '7s', '7h', 'Ad']",,2h,100,100
394,River,1,-1691,1691,CHECK,0,"['4s', '9s']","['2s', 'As']","['3d', '3s', '7s', '7h', 'Ad']",,2h,100,100
395,Pre-Flop,1,-1791,1791,RAISE,2,"['9s', '3h']","['Ah', '5h']","['As', '7h']",,,1,1
395,Pre-Flop,0,-1791,1791,RAISE,96,"['9s', '3h']","['Ah', '5h']","['As', '7h']",,,2,2
395,Pre-Flop,1,-1791,1791,CALL,0,"['9s', '3h']","['Ah', '5h']","['As', '7h']",,,4,4
395,Pre-Flop,0,-1791,1791,CHECK,0,"['9s', '3h']","['Ah', '5h']","['As', '7h']",,,100,100
395,Flop,1,-1791,1791,DISCARD,0,"['9s', '3h']","['Ah', '5h']","['As', '7h', '7s']",,,100,100
395,Flop,1,-1791,1791,CHECK,0,"['9s', '3h']","['7d', '5h']","['As', '7h', '7s']",,Ah,100,100
395,Flop,0,-1791,1791,CHECK,0,"['9s', '3h']","['7d', '5h']","['As', '7h', '7s']",,Ah,100,100
395,Turn,1,-1791,1791,CHECK,0,"['9s', '3h']","['7d', '5h']","['As', '7h', '7s', '8s']",,Ah,100,100
395,Turn,0,-1791,1791,CHECK,0,"['9s', '3h']","['7d', '5h']","['As', '7h', '7s', '8s']",,Ah,100,100
395,River,1,-1791,1791,CHECK,0,"['9s', '3h']","['7d', '5h']","['As', '7h', '7s', '8s', '3d']",,Ah,100,100
395,River,0,-1791,1791,CHECK,0,"['9s', '3h']","['7d', '5h']","['As', '7h', '7s', '8s', '3d']",,Ah,100,100
396,Pre-Flop,0,-1891,1891,RAISE,98,"['8h', 'Ah']","['9d', '5d']","['As', '6d']",,,1,1
396,Pre-Flop,1,-1891,1891,CALL,0,"['8h', 'Ah']","['9d', '5d']","['As', '6d']",,,2,2
396,Flop,0,-1891,1891,CHECK,0,"['8h', 'Ah']","['9d', '5d']","['As', '6d', '3d']",,,100,100
396,Flop,1,-1891,1891,DISCARD,0,"['8h', 'Ah']","['9d', '5d']","['As', '6d', '3d']",,,100,100
396,Flop,1,-1891,1891,CHECK,0,"['8h', 'Ah']","['5h', '5d']","['As', '6d', '3d']",,9d,100,100
396,Turn,0,-1891,1891,CHECK,0,"['8h', 'Ah']","['5h', '5d']","['As', '6d', '3d', '7d']",,9d,100,100
396,Turn,1,-1891,1891,CHECK,0,"['8h', 'Ah']","['5h', '5d']","['As', '6d', '3d', '7d']",,9d,100,100
396,River,0,-1891,1891,CHECK,0,"['8h', 'Ah']","['5h', '5d']","['As', '6d', '3d', '7d', '6s']",,9d,100,100
396,River,1,-1891,1891,CHECK,0,"['8h', 'Ah']","['5h', '5d']","['As', '6d', '3d', '7d', '6s']",,9d,100,100
397,Pre-Flop,1,-1791,1791,RAISE,2,"['7h', '3d']","['5s', '9d']","['2s', 'Ah']",,,1,1
397,Pre-Flop,0,-1791,1791,RAISE,96,"['7h', '3d']","['5s', '9d']","['2s', 'Ah']",,,2,2
397,Pre-Flop,1,-1791,1791,CALL,0,"['7h', '3d']","['5s', '9d']","['2s', 'Ah']",,,4,4
397,Pre-Flop,0,-1791,1791,CHECK,0,"['7h', '3d']","['5s', '9d']","['2s', 'Ah']",,,100,100
397,Flop,1,-1791,1791,DISCARD,0,"['7h', '3d']","['5s', '9d']","['2s', 'Ah', '4d']",,,100,100
397,Flop,1,-1791,1791,CHECK,0,"['7h', '3d']","['5s', '5h']","['2s', 'Ah', '4d']",,9d,100,100
397,Flop,0,-1791,1791,CHECK,0,"['7h', '3d']","['5s', '5h']","['2s', 'Ah', '4d']",,9d,100,100
397,Turn,1,-1791,1791,CHECK,0,"['7h', '3d']","['5s', '5h']","['2s', 'Ah', '4d', 'Ad']",,9d,100,100
397,Turn,0,-1791,1791,CHECK,0,"['7h', '3d']","['5s', '5h']","['2s', 'Ah', '4d', 'Ad']",,9d,100,100
397,River,1,-1791,1791,CHECK,0,"['7h', '3d']","['5s', '5h']","['2s', 'Ah', '4d', 'Ad', '7s']",,9d,100,100
397,River,0,-1791,1791,CHECK,0,"['7h', '3d']","['5s', '5h']","['2s', 'Ah', '4d', 'Ad', '7s']",,9d,100,100
398,Pre-Flop,0,-1691,1691,RAISE,98,"['9s', '4h']","['8s', '6d']","['8d', 'Ad']",,,1,1
398,Pre-Flop,1,-1691,1691,CALL,0,"['9s', '4h']","['8s', '6d']","['8d', 'Ad']",,,2,2
398,Flop,0,-1691,1691,CHECK,0,"['9s', '4h']","['8s', '6d']","['8d', 'Ad', '5d']",,,100,100
398,Flop,1,-1691,1691,DISCARD,0,"['9s', '4h']","['8s', '6d']","['8d', 'Ad', '5d']",,,100,100
398,Flop,1,-1691,1691,CHECK,0,"['9s', '4h']","['2s', '6d']","['8d', 'Ad', '5d']",,8s,100,100
398,Turn,0,-1691,1691,CHECK,0,"['9s', '4h']","['2s', '6d']","['8d', 'Ad', '5d', '2d']",,8s,100,100
398,Turn,1,-1691,1691,CHECK,0,"['9s', '4h']","['2s', '6d']","['8d', 'Ad', '5d', '2d']",,8s,100,100
398,River,0,-1691,1691,CHECK,0,"['9s', '4h']","['2s', '6d']","['8d', 'Ad', '5d', '2d', '6s']",,8s,100,100
398,River,1,-1691,1691,CHECK,0,"['9s', '4h']","['2s', '6d']","['8d', 'Ad', '5d', '2d', '6s']",,8s,100,100
399,Pre-Flop,1,-1791,1791,RAISE,2,"['7s', '3h']","['7h', '9d']","['2d', '9h']",,,1,1
399,Pre-Flop,0,-1791,1791,RAISE,96,"['7s', '3h']","['7h', '9d']","['2d', '9h']",,,2,2
399,Pre-Flop,1,-1791,1791,CALL,0,"['7s', '3h']","['7h', '9d']","['2d', '9h']",,,4,4
399,Pre-Flop,0,-1791,1791,CHECK,0,"['7s', '3h']","['7h', '9d']","['2d', '9h']",,,100,100
399,Flop,1,-1791,1791,DISCARD,0,"['7s', '3h']","['7h', '9d']","['2d', '9h', '4h']",,,100,100
399,Flop,1,-1791,1791,CHECK,0,"['7s', '3h']","['7h', 'Ad']","['2d', '9h', '4h']",,9d,100,100
399,Flop,0,-1791,1791,CHECK,0,"['7s', '3h']","['7h', 'Ad']","['2d', '9h', '4h']",,9d,100,100
399,Turn,1,-1791,1791,CHECK,0,"['7s', '3h']","['7h', 'Ad']","['2d', '9h', '4h', '5h']",,9d,100,100
399,Turn,0,-1791,1791,CHECK,0,"['7s', '3h']","['7h', 'Ad']","['2d', '9h', '4h', '5h']",,9d,100,100
399,River,1,-1791,1791,CHECK,0,"['7s', '3h']","['7h', 'Ad']","['2d', '9h', '4h', '5h', '8h']",,9d,100,100
399,River,0,-1791,1791,CHECK,0,"['7s', '3h']","['7h', 'Ad']","['2d', '9h', '4h', '5h', '8h']",,9d,100,100
400,Pre-Flop,0,-1891,1891,RAISE,98,"['2h', '3d']","['As', 'Ah']","['Ad', '8d']",,,1,1
400,Pre-Flop,1,-1891,1891,CALL,0,"['2h', '3d']","['As', 'Ah']","['Ad', '8d']",,,2,2
400,Flop,0,-1891,1891,CHECK,0,"['2h', '3d']","['As', 'Ah']","['Ad', '8d', '4s']",,,100,100
400,Flop,1,-1891,1891,DISCARD,0,"['2h', '3d']","['As', 'Ah']","['Ad', '8d', '4s']",,,100,100
400,Flop,1,-1891,1891,CHECK,0,"['2h', '3d']","['As', '9h']","['Ad', '8d', '4s']",,Ah,100,100
400,Turn,0,-1891,1891,CHECK,0,"['2h', '3d']","['As', '9h']","['Ad', '8d', '4s', '8h']",,Ah,100,100
400,Turn,1,-1891,1891,CHECK,0,"['2h', '3d']","['As', '9h']","['Ad', '8d', '4s', '8h']",,Ah,100,100
400,River,0,-1891,1891,CHECK,0,"['2h', '3d']","['As', '9h']","['Ad', '8d', '4s', '8h', '8s']",,Ah,100,100
400,River,1,-1891,1891,CHECK,0,"['2h', '3d']","['As', '9h']","['Ad', '8d', '4s', '8h', '8s']",,Ah,100,100
401,Pre-Flop,1,-1991,1991,RAISE,2,"['9s', '7s']","['Ad', '4s']","['8s', '3d']",,,1,1
401,Pre-Flop,0,-1991,1991,RAISE,96,"['9s', '7s']","['Ad', '4s']","['8s', '3d']",,,2,2
401,Pre-Flop,1,-1991,1991,CALL,0,"['9s', '7s']","['Ad', '4s']","['8s', '3d']",,,4,4
401,Pre-Flop,0,-1991,1991,CHECK,0,"['9s', '7s']","['Ad', '4s']","['8s', '3d']",,,100,100
401,Flop,1,-1991,1991,DISCARD,0,"['9s', '7s']","['Ad', '4s']","['8s', '3d', '4h']",,,100,100
401,Flop,1,-1991,1991,CHECK,0,"['9s', '7s']","['2d', '4s']","['8s', '3d', '4h']",,Ad,100,100
401,Flop,0,-1991,1991,CHECK,0,"['9s', '7s']","['2d', '4s']","['8s', '3d', '4h']",,Ad,100,100
401,Turn,1,-1991,1991,CHECK,0,"['9s', '7s']","['2d', '4s']","['8s', '3d', '4h', '3s']",,Ad,100,100
401,Turn,0,-1991,1991,CHECK,0,"['9s', '7s']","['2d', '4s']","['8s', '3d', '4h', '3s']",,Ad,100,100
401,River,1,-1991,1991,CHECK,0,"['9s', '7s']","['2d', '4s']","['8s', '3d', '4h', '3s', '7h']",,Ad,100,100
401,River,0,-1991,1991,CHECK,0,"['9s', '7s']","['2d', '4s']","['8s', '3d', '4h', '3s', '7h']",,Ad,100,100
402,Pre-Flop,0,-1891,1891,RAISE,98,"['7s', '5d']","['9d', '6s']","['2d', '2s']",,,1,1
402,Pre-Flop,1,-1891,1891,CALL,0,"['7s', '5d']","['9d', '6s']","['2d', '2s']",,,2,2
402,Flop,0,-1891,1891,CHECK,0,"['7s', '5d']","['9d', '6s']","['2d', '2s', '7h']",,,100,100
402,Flop,1,-1891,1891,DISCARD,0,"['7s', '5d']","['9d', '6s']","['2d', '2s', '7h']",,,100,100
402,Flop,1,-1891,1891,CHECK,0,"['7s', '5d']","['Ah', '6s']","['2d', '2s', '7h']",,9d,100,100
402,Turn,0,-1891,1891,CHECK,0,"['7s', '5d']","['Ah', '6s']","['2d', '2s', '7h', 'Ad']",,9d,100,100
402,Turn,1,-1891,1891,CHECK,0,"['7s', '5d']","['Ah', '6s']","['2d', '2s', '7h', 'Ad']",,9d,100,100
402,River,0,-1891,1891,CHECK,0,"['7s', '5d']","['Ah', '6s']","['2d', '2s', '7h', 'Ad', '7d']",,9d,100,100
402,River,1,-1891,1891,CHECK,0,"['7s', '5d']","['Ah', '6s']","['2d', '2s', '7h', 'Ad', '7d']",,9d,100,100
403,Pre-Flop,1,-1791,1791,RAISE,3,"['7s', '5d']","['7h', '8d']","['8s', 'Ad']",,,1,1
403,Pre-Flop,0,-1791,1791,RAISE,95,"['7s', '5d']","['7h', '8d']","['8s', 'Ad']",,,2,2
403,Pre-Flop,1,-1791,1791,CALL,0,"['7s', '5d']","['7h', '8d']","['8s', 'Ad']",,,5,5
403,Pre-Flop,0,-1791,1791,CHECK,0,"['7s', '5d']","['7h', '8d']","['8s', 'Ad']",,,100,100
403,Flop,1,-1791,1791,DISCARD,0,"['7s', '5d']","['7h', '8d']","['8s', 'Ad', '3s']",,,100,100
403,Flop,1,-1791,1791,CHECK,0,"['7s', '5d']","['As', '8d']","['8s', 'Ad', '3s']",,7h,100,100
403,Flop,0,-1791,1791,CHECK,0,"['7s', '5d']","['As', '8d']","['8s', 'Ad', '3s']",,7h,100,100
403,Turn,1,-1791,1791,CHECK,0,"['7s', '5d']","['As', '8d']","['8s', 'Ad', '3s', '7d']",,7h,100,100
403,Turn,0,-1791,1791,CHECK,0,"['7s', '5d']","['As', '8d']","['8s', 'Ad', '3s', '7d']",,7h,100,100
403,River,1,-1791,1791,CHECK,0,"['7s', '5d']","['As', '8d']","['8s', 'Ad', '3s', '7d', '4d']",,7h,100,100
403,River,0,-1791,1791,CHECK,0,"['7s', '5d']","['As', '8d']","['8s', 'Ad', '3s', '7d', '4d']",,7h,100,100
404,Pre-Flop,0,-1891,1891,RAISE,98,"['3s', '4d']","['4s', '6d']","['7d', 'As']",,,1,1
404,Pre-Flop,1,-1891,1891,CALL,0,"['3s', '4d']","['4s', '6d']","['7d', 'As']",,,2,2
404,Flop,0,-1891,1891,CHECK,0,"['3s', '4d']","['4s', '6d']","['7d', 'As', '2s']",,,100,100
404,Flop,1,-1891,1891,CHECK,0,"['3s', '4d']","['4s', '6d']","['7d', 'As', '2s']",,,100,100
404,Turn,0,-1891,1891,CHECK,0,"['3s', '4d']","['4s', '6d']","['7d', 'As', '2s', 'Ad']",,,100,100
404,Turn,1,-1891,1891,CHECK,0,"['3s', '4d']","['4s', '6d']","['7d', 'As', '2s', 'Ad']",,,100,100
404,River,0,-1891,1891,CHECK,0,"['3s', '4d']","['4s', '6d']","['7d', 'As', '2s', 'Ad', '7s']",,,100,100
404,River,1,-1891,1891,CHECK,0,"['3s', '4d']","['4s', '6d']","['7d', 'As', '2s', 'Ad', '7s']",,,100,100
405,Pre-Flop,1,-1991,1991,RAISE,3,"['7d', '6d']","['2d', '6s']","['7h', '4s']",,,1,1
405,Pre-Flop,0,-1991,1991,RAISE,95,"['7d', '6d']","['2d', '6s']","['7h', '4s']",,,2,2
405,Pre-Flop,1,-1991,1991,CALL,0,"['7d', '6d']","['2d', '6s']","['7h', '4s']",,,5,5
405,Pre-Flop,0,-1991,1991,CHECK,0,"['7d', '6d']","['2d', '6s']","['7h', '4s']",,,100,100
405,Flop,1,-1991,1991,DISCARD,0,"['7d', '6d']","['2d', '6s']","['7h', '4s', '4d']",,,100,100
405,Flop,1,-1991,1991,CHECK,0,"['7d', '6d']","['2d', '8s']","['7h', '4s', '4d']",,6s,100,100
405,Flop,0,-1991,1991,CHECK,0,"['7d', '6d']","['2d', '8s']","['7h', '4s', '4d']",,6s,100,100
405,Turn,1,-1991,1991,CHECK,0,"['7d', '6d']","['2d', '8s']","['7h', '4s', '4d', '8d']",,6s,100,100
405,Turn,0,-1991,1991,CHECK,0,"['7d', '6d']","['2d', '8s']","['7h', '4s', '4d', '8d']",,6s,100,100
405,River,1,-1991,1991,CHECK,0,"['7d', '6d']","['2d', '8s']","['7h', '4s', '4d', '8d', '7s']",,6s,100,100
405,River,0,-1991,1991,CHECK,0,"['7d', '6d']","['2d', '8s']","['7h', '4s', '4d', '8d', '7s']",,6s,100,100
406,Pre-Flop,0,-1891,1891,RAISE,98,"['7d', '7s']","['2d', '5d']","['2h', 'As']",,,1,1
406,Pre-Flop,1,-1891,1891,CALL,0,"['7d', '7s']","['2d', '5d']","['2h', 'As']",,,2,2
406,Flop,0,-1891,1891,CHECK,0,"['7d', '7s']","['2d', '5d']","['2h', 'As', '4h']",,,100,100
406,Flop,1,-1891,1891,DISCARD,0,"['7d', '7s']","['2d', '5d']","['2h', 'As', '4h']",,,100,100
406,Flop,1,-1891,1891,CHECK,0,"['7d', '7s']","['2d', '6s']","['2h', 'As', '4h']",,5d,100,100
406,Turn,0,-1891,1891,CHECK,0,"['7d', '7s']","['2d', '6s']","['2h', 'As', '4h', '8s']",,5d,100,100
406,Turn,1,-1891,1891,CHECK,0,"['7d', '7s']","['2d', '6s']","['2h', 'As', '4h', '8s']",,5d,100,100
406,River,0,-1891,1891,CHECK,0,"['7d', '7s']","['2d', '6s']","['2h', 'As', '4h', '8s', '4s']",,5d,100,100
406,River,1,-1891,1891,CHECK,0,"['7d', '7s']","['2d', '6s']","['2h', 'As', '4h', '8s', '4s']",,5d,100,100
407,Pre-Flop,1,-1791,1791,DISCARD,0,"['2s', '5s']","['6h', '4h']","['4d', '7h']",,,1,1
407,Pre-Flop,1,-1791,1791,CALL,0,"['2s', '5s']","['6h', '5d']","['4d', '7h']",,4h,1,1
407,Pre-Flop,0,-1791,1791,RAISE,98,"['2s', '5s']","['6h', '5d']","['4d', '7h']",,4h,2,2
407,Pre-Flop,1,-1791,1791,CALL,0,"['2s', '5s']","['6h', '5d']","['4d', '7h']",,4h,2,2
407,Pre-Flop,0,-1791,1791,CHECK,0,"['2s', '5s']","['6h', '5d']","['4d', '7h']",,4h,100,100
407,Flop,1,-1791,1791,CHECK,0,"['2s', '5s']","['6h', '5d']","['4d', '7h', 'Ah']",,4h,100,100
407,Flop,0,-1791,1791,CHECK,0,"['2s', '5s']","['6h', '5d']","['4d', '7h', 'Ah']",,4h,100,100
407,Turn,1,-1791,1791,CHECK,0,"['2s', '5s']","['6h', '5d']","['4d', '7h', 'Ah', '7s']",,4h,100,100
407,Turn,0,-1791,1791,CHECK,0,"['2s', '5s']","['6h', '5d']","['4d', '7h', 'Ah', '7s']",,4h,100,100
407,River,1,-1791,1791,CHECK,0,"['2s', '5s']","['6h', '5d']","['4d', '7h', 'Ah', '7s', '7d']",,4h,100,100
407,River,0,-1791,1791,CHECK,0,"['2s', '5s']","['6h', '5d']","['4d', '7h', 'Ah', '7s', '7d']",,4h,100,100
408,Pre-Flop,0,-1891,1891,RAISE,98,"['Ad', '2d']","['6d', '8h']","['9d', '4d']",,,1,1
408,Pre-Flop,1,-1891,1891,CALL,0,"['Ad', '2d']","['6d', '8h']","['9d', '4d']",,,2,2
408,Flop,0,-1891,1891,CHECK,0,"['Ad', '2d']","['6d', '8h']","['9d', '4d', '6h']",,,100,100
408,Flop,1,-1891,1891,DISCARD,0,"['Ad', '2d']","['6d', '8h']","['9d', '4d', '6h']",,,100,100
408,Flop,1,-1891,1891,CHECK,0,"['Ad', '2d']","['6d', '2s']","['9d', '4d', '6h']",,8h,100,100
408,Turn,0,-1891,1891,CHECK,0,"['Ad', '2d']","['6d', '2s']","['9d', '4d', '6h', '2h']",,8h,100,100
408,Turn,1,-1891,1891,CHECK,0,"['Ad', '2d']","['6d', '2s']","['9d', '4d', '6h', '2h']",,8h,100,100
408,River,0,-1891,1891,CHECK,0,"['Ad', '2d']","['6d', '2s']","['9d', '4d', '6h', '2h', 'Ah']",,8h,100,100
408,River,1,-1891,1891,CHECK,0,"['Ad', '2d']","['6d', '2s']","['9d', '4d', '6h', '2h', 'Ah']",,8h,100,100
409,Pre-Flop,1,-1791,1791,RAISE,3,"['7h', '2d']","['8s', '4h']","['5h', '7s']",,,1,1
409,Pre-Flop,0,-1791,1791,RAISE,95,"['7h', '2d']","['8s', '4h']","['5h', '7s']",,,2,2
409,Pre-Flop,1,-1791,1791,DISCARD,0,"['7h', '2d']","['8s', '4h']","['5h', '7s']",,,5,5
409,Pre-Flop,1,-1791,1791,CALL,0,"['7h', '2d']","['8s', '2h']","['5h', '7s']",,4h,5,5
409,Pre-Flop,0,-1791,1791,CHECK,0,"['7h', '2d']","['8s', '2h']","['5h', '7s']",,4h,100,100
409,Flop,1,-1791,1791,CHECK,0,"['7h', '2d']","['8s', '2h']","['5h', '7s', '4s']",,4h,100,100
409,Flop,0,-1791,1791,CHECK,0,"['7h', '2d']","['8s', '2h']","['5h', '7s', '4s']",,4h,100,100
409,Turn,1,-1791,1791,CHECK,0,"['7h', '2d']","['8s', '2h']","['5h', '7s', '4s', '6d']",,4h,100,100
409,Turn,0,-1791,1791,CHECK,0,"['7h', '2d']","['8s', '2h']","['5h', '7s', '4s', '6d']",,4h,100,100
409,River,1,-1791,1791,CHECK,0,"['7h', '2d']","['8s', '2h']","['5h', '7s', '4s', '6d', '8d']",,4h,100,100
409,River,0,-1791,1791,CHECK,0,"['7h', '2d']","['8s', '2h']","['5h', '7s', '4s', '6d', '8d']",,4h,100,100
410,Pre-Flop,0,-1791,1791,RAISE,98,"['8h', '8s']","['7d', '9d']","['9s', 'As']",,,1,1
410,Pre-Flop,1,-1791,1791,CALL,0,"['8h', '8s']","['7d', '9d']","['9s', 'As']",,,2,2
410,Flop,0,-1791,1791,CHECK,0,"['8h', '8s']","['7d', '9d']","['9s', 'As', '6d']",,,100,100
410,Flop,1,-1791,1791,DISCARD,0,"['8h', '8s']","['7d', '9d']","['9s', 'As', '6d']",,,100,100
410,Flop,1,-1791,1791,CHECK,0,"['8h', '8s']","['7d', '2d']","['9s', 'As', '6d']",,9d,100,100
410,Turn,0,-1791,1791,CHECK,0,"['8h', '8s']","['7d', '2d']","['9s', 'As', '6d', 'Ad']",,9d,100,100
410,Turn,1,-1791,1791,CHECK,0,"['8h', '8s']","['7d', '2d']","['9s', 'As', '6d', 'Ad']",,9d,100,100
410,River,0,-1791,1791,CHECK,0,"['8h', '8s']","['7d', '2d']","['9s', 'As', '6d', 'Ad', '4h']",,9d,100,100
410,River,1,-1791,1791,CHECK,0,"['8h', '8s']","['7d', '2d']","['9s', 'As', '6d', 'Ad', '4h']",,9d,100,100
411,Pre-Flop,1,-1691,1691,RAISE,2,"['6h', '6d']","['7h', '6s']","['4s', '2h']",,,1,1
411,Pre-Flop,0,-1691,1691,RAISE,96,"['6h', '6d']","['7h', '6s']","['4s', '2h']",,,2,2
411,Pre-Flop,1,-1691,1691,CALL,0,"['6h', '6d']","['7h', '6s']","['4s', '2h']",,,4,4
411,Pre-Flop,0,-1691,1691,CHECK,0,"['6h', '6d']","['7h', '6s']","['4s', '2h']",,,100,100
411,Flop,1,-1691,1691,CHECK,0,"['6h', '6d']","['7h', '6s']","['4s', '2h', '9h']",,,100,100
411,Flop,0,-1691,1691,CHECK,0,"['6h', '6d']","['7h', '6s']","['4s', '2h', '9h']",,,100,100
411,Turn,1,-1691,1691,CHECK,0,"['6h', '6d']","['7h', '6s']","['4s', '2h', '9h', '4h']",,,100,100
411,Turn,0,-1691,1691,CHECK,0,"['6h', '6d']","['7h', '6s']","['4s', '2h', '9h', '4h']",,,100,100
411,River,1,-1691,1691,CHECK,0,"['6h', '6d']","['7h', '6s']","['4s', '2h', '9h', '4h', '3d']",,,100,100
411,River,0,-1691,1691,CHECK,0,"['6h', '6d']","['7h', '6s']","['4s', '2h', '9h', '4h', '3d']",,,100,100
412,Pre-Flop,0,-1591,1591,RAISE,98,"['3d', '6h']","['6d', '5s']","['6s', '7h']",,,1,1
412,Pre-Flop,1,-1591,1591,CALL,0,"['3d', '6h']","['6d', '5s']","['6s', '7h']",,,2,2
412,Flop,0,-1591,1591,CHECK,0,"['3d', '6h']","['6d', '5s']","['6s', '7h', '4h']",,,100,100
412,Flop,1,-1591,1591,DISCARD,0,"['3d', '6h']","['6d', '5s']","['6s', '7h', '4h']",,,100,100
412,Flop,1,-1591,1591,CHECK,0,"['3d', '6h']","['4d', '5s']","['6s', '7h', '4h']",,6d,100,100
412,Turn,0,-1591,1591,CHECK,0,"['3d', '6h']","['4d', '5s']","['6s', '7h', '4h', '9h']",,6d,100,100
412,Turn,1,-1591,1591,CHECK,0,"['3d', '6h']","['4d', '5s']","['6s', '7h', '4h', '9h']",,6d,100,100
412,River,0,-1591,1591,CHECK,0,"['3d', '6h']","['4d', '5s']","['6s', '7h', '4h', '9h', 'As']",,6d,100,100
412,River,1,-1591,1591,CHECK,0,"['3d', '6h']","['4d', '5s']","['6s', '7h', '4h', '9h', 'As']",,6d,100,100
413,Pre-Flop,1,-1491,1491,RAISE,2,"['2d', '5d']","['Ad', '5h']","['2h', '9d']",,,1,1
413,Pre-Flop,0,-1491,1491,RAISE,96,"['2d', '5d']","['Ad', '5h']","['2h', '9d']",,,2,2
413,Pre-Flop,1,-1491,1491,CALL,0,"['2d', '5d']","['Ad', '5h']","['2h', '9d']",,,4,4
413,Pre-Flop,0,-1491,1491,CHECK,0,"['2d', '5d']","['Ad', '5h']","['2h', '9d']",,,100,100
413,Flop,1,-1491,1491,CHECK,0,"['2d', '5d']","['Ad', '5h']","['2h', '9d', '6h']",,,100,100
413,Flop,0,-1491,1491,CHECK,0,"['2d', '5d']","['Ad', '5h']","['2h', '9d', '6h']",,,100,100
413,Turn,1,-1491,1491,CHECK,0,"['2d', '5d']","['Ad', '5h']","['2h', '9d', '6h', '9s']",,,100,100
413,Turn,0,-1491,1491,CHECK,0,"['2d', '5d']","['Ad', '5h']","['2h', '9d', '6h', '9s']",,,100,100
413,River,1,-1491,1491,CHECK,0,"['2d', '5d']","['Ad', '5h']","['2h', '9d', '6h', '9s', '8h']",,,100,100
413,River,0,-1491,1491,CHECK,0,"['2d', '5d']","['Ad', '5h']","['2h', '9d', '6h', '9s', '8h']",,,100,100
414,Pre-Flop,0,-1391,1391,RAISE,98,"['5s', 'Ad']","['3h', '3d']","['7s', '9s']",,,1,1
414,Pre-Flop,1,-1391,1391,CALL,0,"['5s', 'Ad']","['3h', '3d']","['7s', '9s']",,,2,2
414,Flop,0,-1391,1391,CHECK,0,"['5s', 'Ad']","['3h', '3d']","['7s', '9s', 'As']",,,100,100
414,Flop,1,-1391,1391,DISCARD,0,"['5s', 'Ad']","['3h', '3d']","['7s', '9s', 'As']",,,100,100
414,Flop,1,-1391,1391,CHECK,0,"['5s', 'Ad']","['3h', '3s']","['7s', '9s', 'As']",,3d,100,100
414,Turn,0,-1391,1391,CHECK,0,"['5s', 'Ad']","['3h', '3s']","['7s', '9s', 'As', '7d']",,3d,100,100
414,Turn,1,-1391,1391,CHECK,0,"['5s', 'Ad']","['3h', '3s']","['7s', '9s', 'As', '7d']",,3d,100,100
414,River,0,-1391,1391,CHECK,0,"['5s', 'Ad']","['3h', '3s']","['7s', '9s', 'As', '7d', '4d']",,3d,100,100
414,River,1,-1391,1391,CHECK,0,"['5s', 'Ad']","['3h', '3s']","['7s', '9s', 'As', '7d', '4d']",,3d,100,100
415,Pre-Flop,1,-1291,1291,CALL,0,"['2s', '6h']","['5h', '4d']","['As', 'Ad']",,,1,1
415,Pre-Flop,0,-1291,1291,RAISE,98,"['2s', '6h']","['5h', '4d']","['As', 'Ad']",,,2,2
415,Pre-Flop,1,-1291,1291,CALL,0,"['2s', '6h']","['5h', '4d']","['As', 'Ad']",,,2,2
415,Pre-Flop,0,-1291,1291,CHECK,0,"['2s', '6h']","['5h', '4d']","['As', 'Ad']",,,100,100
415,Flop,1,-1291,1291,DISCARD,0,"['2s', '6h']","['5h', '4d']","['As', 'Ad', '8d']",,,100,100
415,Flop,1,-1291,1291,CHECK,0,"['2s', '6h']","['5h', '4s']","['As', 'Ad', '8d']",,4d,100,100
415,Flop,0,-1291,1291,CHECK,0,"['2s', '6h']","['5h', '4s']","['As', 'Ad', '8d']",,4d,100,100
415,Turn,1,-1291,1291,CHECK,0,"['2s', '6h']","['5h', '4s']","['As', 'Ad', '8d', '3s']",,4d,100,100
415,Turn,0,-1291,1291,CHECK,0,"['2s', '6h']","['5h', '4s']","['As', 'Ad', '8d', '3s']",,4d,100,100
415,River,1,-1291,1291,CHECK,0,"['2s', '6h']","['5h', '4s']","['As', 'Ad', '8d', '3s', '6d']",,4d,100,100
415,River,0,-1291,1291,CHECK,0,"['2s', '6h']","['5h', '4s']","['As', 'Ad', '8d', '3s', '6d']",,4d,100,100
416,Pre-Flop,0,-1191,1191,RAISE,98,"['4h', '2d']","['9h', '6d']","['8d', '7h']",,,1,1
416,Pre-Flop,1,-1191,1191,DISCARD,0,"['4h', '2d']","['9h', '6d']","['8d', '7h']",,,2,2
416,Pre-Flop,1,-1191,1191,CALL,0,"['4h', '2d']","['9h', '6s']","['8d', '7h']",,6d,2,2
416,Flop,0,-1191,1191,CHECK,0,"['4h', '2d']","['9h', '6s']","['8d', '7h', '2s']",,6d,100,100
416,Flop,1,-1191,1191,CHECK,0,"['4h', '2d']","['9h', '6s']","['8d', '7h', '2s']",,6d,100,100
416,Turn,0,-1191,1191,CHECK,0,"['4h', '2d']","['9h', '6s']","['8d', '7h', '2s', '9s']",,6d,100,100
416,Turn,1,-1191,1191,CHECK,0,"['4h', '2d']","['9h', '6s']","['8d', '7h', '2s', '9s']",,6d,100,100
416,River,0,-1191,1191,CHECK,0,"['4h', '2d']","['9h', '6s']","['8d', '7h', '2s', '9s', '7s']",,6d,100,100
416,River,1,-1191,1191,CHECK,0,"['4h', '2d']","['9h', '6s']","['8d', '7h', '2s', '9s', '7s']",,6d,100,100
417,Pre-Flop,1,-1291,1291,DISCARD,0,"['6d', '2h']","['As', '5s']","['3s', '2s']",,,1,1
417,Pre-Flop,1,-1291,1291,RAISE,2,"['6d', '2h']","['As', '3d']","['3s', '2s']",,5s,1,1
417,Pre-Flop,0,-1291,1291,RAISE,96,"['6d', '2h']","['As', '3d']","['3s', '2s']",,5s,2,2
417,Pre-Flop,1,-1291,1291,CALL,0,"['6d', '2h']","['As', '3d']","['3s', '2s']",,5s,4,4
417,Pre-Flop,0,-1291,1291,CHECK,0,"['6d', '2h']","['As', '3d']","['3s', '2s']",,5s,100,100
417,Flop,1,-1291,1291,CHECK,0,"['6d', '2h']","['As', '3d']","['3s', '2s', '8h']",,5s,100,100
417,Flop,0,-1291,1291,CHECK,0,"['6d', '2h']","['As', '3d']","['3s', '2s', '8h']",,5s,100,100
417,Turn,1,-1291,1291,CHECK,0,"['6d', '2h']","['As', '3d']","['3s', '2s', '8h', 'Ah']",,5s,100,100
417,Turn,0,-1291,1291,CHECK,0,"['6d', '2h']","['As', '3d']","['3s', '2s', '8h', 'Ah']",,5s,100,100
417,River,1,-1291,1291,CHECK,0,"['6d', '2h']","['As', '3d']","['3s', '2s', '8h', 'Ah', 'Ad']",,5s,100,100
417,River,0,-1291,1291,CHECK,0,"['6d', '2h']","['As', '3d']","['3s', '2s', '8h', 'Ah', 'Ad']",,5s,100,100
418,Pre-Flop,0,-1391,1391,RAISE,98,"['4h', '2h']","['5d', '4d']","['8s', '4s']",,,1,1
418,Pre-Flop,1,-1391,1391,CALL,0,"['4h', '2h']","['5d', '4d']","['8s', '4s']",,,2,2
418,Flop,0,-1391,1391,CHECK,0,"['4h', '2h']","['5d', '4d']","['8s', '4s', '7d']",,,100,100
418,Flop,1,-1391,1391,DISCARD,0,"['4h', '2h']","['5d', '4d']","['8s', '4s', '7d']",,,100,100
418,Flop,1,-1391,1391,CHECK,0,"['4h', '2h']","['5d', 'Ad']","['8s', '4s', '7d']",,4d,100,100
418,Turn,0,-1391,1391,CHECK,0,"['4h', '2h']","['5d', 'Ad']","['8s', '4s', '7d', '5s']",,4d,100,100
418,Turn,1,-1391,1391,CHECK,0,"['4h', '2h']","['5d', 'Ad']","['8s', '4s', '7d', '5s']",,4d,100,100
418,River,0,-1391,1391,CHECK,0,"['4h', '2h']","['5d', 'Ad']","['8s', '4s', '7d', '5s', '9d']",,4d,100,100
418,River,1,-1391,1391,CHECK,0,"['4h', '2h']","['5d', 'Ad']","['8s', '4s', '7d', '5s', '9d']",,4d,100,100
419,Pre-Flop,1,-1491,1491,RAISE,2,"['3h', '6d']","['9h', 'Ad']","['8h', '9s']",,,1,1
419,Pre-Flop,0,-1491,1491,RAISE,96,"['3h', '6d']","['9h', 'Ad']","['8h', '9s']",,,2,2
419,Pre-Flop,1,-1491,1491,CALL,0,"['3h', '6d']","['9h', 'Ad']","['8h', '9s']",,,4,4
419,Pre-Flop,0,-1491,1491,CHECK,0,"['3h', '6d']","['9h', 'Ad']","['8h', '9s']",,,100,100
419,Flop,1,-1491,1491,DISCARD,0,"['3h', '6d']","['9h', 'Ad']","['8h', '9s', '3s']",,,100,100
419,Flop,1,-1491,1491,CHECK,0,"['3h', '6d']","['9h', '2h']","['8h', '9s', '3s']",,Ad,100,100
419,Flop,0,-1491,1491,CHECK,0,"['3h', '6d']","['9h', '2h']","['8h', '9s', '3s']",,Ad,100,100
419,Turn,1,-1491,1491,CHECK,0,"['3h', '6d']","['9h', '2h']","['8h', '9s', '3s', '3d']",,Ad,100,100
419,Turn,0,-1491,1491,CHECK,0,"['3h', '6d']","['9h', '2h']","['8h', '9s', '3s', '3d']",,Ad,100,100
419,River,1,-1491,1491,CHECK,0,"['3h', '6d']","['9h', '2h']","['8h', '9s', '3s', '3d', 'Ah']",,Ad,100,100
419,River,0,-1491,1491,CHECK,0,"['3h', '6d']","['9h', '2h']","['8h', '9s', '3s', '3d', 'Ah']",,Ad,100,100
420,Pre-Flop,0,-1391,1391,RAISE,98,"['2h', '3s']","['9d', 'Ah']","['9h', '5d']",,,1,1
420,Pre-Flop,1,-1391,1391,CALL,0,"['2h', '3s']","['9d', 'Ah']","['9h', '5d']",,,2,2
420,Flop,0,-1391,1391,CHECK,0,"['2h', '3s']","['9d', 'Ah']","['9h', '5d', '3d']",,,100,100
420,Flop,1,-1391,1391,DISCARD,0,"['2h', '3s']","['9d', 'Ah']","['9h', '5d', '3d']",,,100,100
420,Flop,1,-1391,1391,CHECK,0,"['2h', '3s']","['4s', 'Ah']","['9h', '5d', '3d']",,9d,100,100
420,Turn,0,-1391,1391,CHECK,0,"['2h', '3s']","['4s', 'Ah']","['9h', '5d', '3d', '9s']",,9d,100,100
420,Turn,1,-1391,1391,CHECK,0,"['2h', '3s']","['4s', 'Ah']","['9h', '5d', '3d', '9s']",,9d,100,100
420,River,0,-1391,1391,CHECK,0,"['2h', '3s']","['4s', 'Ah']","['9h', '5d', '3d', '9s', '8d']",,9d,100,100
420,River,1,-1391,1391,CHECK,0,"['2h', '3s']","['4s', 'Ah']","['9h', '5d', '3d', '9s', '8d']",,9d,100,100
421,Pre-Flop,1,-1291,1291,RAISE,2,"['7d', '6h']","['6d', 'Ad']","['7h', '9s']",,,1,1
421,Pre-Flop,0,-1291,1291,RAISE,96,"['7d', '6h']","['6d', 'Ad']","['7h', '9s']",,,2,2
421,Pre-Flop,1,-1291,1291,CALL,0,"['7d', '6h']","['6d', 'Ad']","['7h', '9s']",,,4,4
421,Pre-Flop,0,-1291,1291,CHECK,0,"['7d', '6h']","['6d', 'Ad']","['7h', '9s']",,,100,100
421,Flop,1,-1291,1291,DISCARD,0,"['7d', '6h']","['6d', 'Ad']","['7h', '9s', '4d']",,,100,100
421,Flop,1,-1291,1291,CHECK,0,"['7d', '6h']","['6d', '3s']","['7h', '9s', '4d']",,Ad,100,100
421,Flop,0,-1291,1291,CHECK,0,"['7d', '6h']","['6d', '3s']","['7h', '9s', '4d']",,Ad,100,100
421,Turn,1,-1291,1291,CHECK,0,"['7d', '6h']","['6d', '3s']","['7h', '9s', '4d', '5s']",,Ad,100,100
421,Turn,0,-1291,1291,CHECK,0,"['7d', '6h']","['6d', '3s']","['7h', '9s', '4d', '5s']",,Ad,100,100
421,River,1,-1291,1291,CHECK,0,"['7d', '6h']","['6d', '3s']","['7h', '9s', '4d', '5s', '5d']",,Ad,100,100
421,River,0,-1291,1291,CHECK,0,"['7d', '6h']","['6d', '3s']","['7h', '9s', '4d', '5s', '5d']",,Ad,100,100
422,Pre-Flop,0,-1391,1391,RAISE,98,"['3d', '6s']","['7h', '5s']","['2d', '2s']",,,1,1
422,Pre-Flop,1,-1391,1391,CALL,0,"['3d', '6s']","['7h', '5s']","['2d', '2s']",,,2,2
422,Flop,0,-1391,1391,CHECK,0,"['3d', '6s']","['7h', '5s']","['2d', '2s', '2h']",,,100,100
422,Flop,1,-1391,1391,DISCARD,0,"['3d', '6s']","['7h', '5s']","['2d', '2s', '2h']",,,100,100
422,Flop,1,-1391,1391,CHECK,0,"['3d', '6s']","['7s', '5s']","['2d', '2s', '2h']",,7h,100,100
422,Turn,0,-1391,1391,CHECK,0,"['3d', '6s']","['7s', '5s']","['2d', '2s', '2h', '9s']",,7h,100,100
422,Turn,1,-1391,1391,CHECK,0,"['3d', '6s']","['7s', '5s']","['2d', '2s', '2h', '9s']",,7h,100,100
422,River,0,-1391,1391,CHECK,0,"['3d', '6s']","['7s', '5s']","['2d', '2s', '2h', '9s', '6d']",,7h,100,100
422,River,1,-1391,1391,CHECK,0,"['3d', '6s']","['7s', '5s']","['2d', '2s', '2h', '9s', '6d']",,7h,100,100
423,Pre-Flop,1,-1291,1291,RAISE,3,"['6d', '8h']","['4s', 'As']","['3d', '3s']",,,1,1
423,Pre-Flop,0,-1291,1291,RAISE,95,"['6d', '8h']","['4s', 'As']","['3d', '3s']",,,2,2
423,Pre-Flop,1,-1291,1291,CALL,0,"['6d', '8h']","['4s', 'As']","['3d', '3s']",,,5,5
423,Pre-Flop,0,-1291,1291,CHECK,0,"['6d', '8h']","['4s', 'As']","['3d', '3s']",,,100,100
423,Flop,1,-1291,1291,DISCARD,0,"['6d', '8h']","['4s', 'As']","['3d', '3s', '5h']",,,100,100
423,Flop,1,-1291,1291,CHECK,0,"['6d', '8h']","['4s', '5d']","['3d', '3s', '5h']",,As,100,100
423,Flop,0,-1291,1291,CHECK,0,"['6d', '8h']","['4s', '5d']","['3d', '3s', '5h']",,As,100,100
423,Turn,1,-1291,1291,CHECK,0,"['6d', '8h']","['4s', '5d']","['3d', '3s', '5h', '7s']",,As,100,100
423,Turn,0,-1291,1291,CHECK,0,"['6d', '8h']","['4s', '5d']","['3d', '3s', '5h', '7s']",,As,100,100
423,River,1,-1291,1291,CHECK,0,"['6d', '8h']","['4s', '5d']","['3d', '3s', '5h', '7s', '6h']",,As,100,100
423,River,0,-1291,1291,CHECK,0,"['6d', '8h']","['4s', '5d']","['3d', '3s', '5h', '7s', '6h']",,As,100,100
424,Pre-Flop,0,-1391,1391,RAISE,98,"['7s', 'As']","['8d', '8h']","['4h', '4s']",,,1,1
424,Pre-Flop,1,-1391,1391,DISCARD,0,"['7s', 'As']","['8d', '8h']","['4h', '4s']",,,2,2
424,Pre-Flop,1,-1391,1391,CALL,0,"['7s', 'As']","['Ah', '8h']","['4h', '4s']",,8d,2,2
424,Flop,0,-1391,1391,CHECK,0,"['7s', 'As']","['Ah', '8h']","['4h', '4s', '2s']",,8d,100,100
424,Flop,1,-1391,1391,CHECK,0,"['7s', 'As']","['Ah', '8h']","['4h', '4s', '2s']",,8d,100,100
424,Turn,0,-1391,1391,CHECK,0,"['7s', 'As']","['Ah', '8h']","['4h', '4s', '2s', '9d']",,8d,100,100
424,Turn,1,-1391,1391,CHECK,0,"['7s', 'As']","['Ah', '8h']","['4h', '4s', '2s', '9d']",,8d,100,100
424,River,0,-1391,1391,CHECK,0,"['7s', 'As']","['Ah', '8h']","['4h', '4s', '2s', '9d', '9s']",,8d,100,100
424,River,1,-1391,1391,CHECK,0,"['7s', 'As']","['Ah', '8h']","['4h', '4s', '2s', '9d', '9s']",,8d,100,100
425,Pre-Flop,1,-1291,1291,RAISE,2,"['8d', '2h']","['8s', '9h']","['Ah', '7h']",,,1,1
425,Pre-Flop,0,-1291,1291,RAISE,96,"['8d', '2h']","['8s', '9h']","['Ah', '7h']",,,2,2
425,Pre-Flop,1,-1291,1291,CALL,0,"['8d', '2h']","['8s', '9h']","['Ah', '7h']",,,4,4
425,Pre-Flop,0,-1291,1291,CHECK,0,"['8d', '2h']","['8s', '9h']","['Ah', '7h']",,,100,100
425,Flop,1,-1291,1291,DISCARD,0,"['8d', '2h']","['8s', '9h']","['Ah', '7h', '3h']",,,100,100
425,Flop,1,-1291,1291,CHECK,0,"['8d', '2h']","['3s', '9h']","['Ah', '7h', '3h']",,8s,100,100
425,Flop,0,-1291,1291,CHECK,0,"['8d', '2h']","['3s', '9h']","['Ah', '7h', '3h']",,8s,100,100
425,Turn,1,-1291,1291,CHECK,0,"['8d', '2h']","['3s', '9h']","['Ah', '7h', '3h', '3d']",,8s,100,100
425,Turn,0,-1291,1291,CHECK,0,"['8d', '2h']","['3s', '9h']","['Ah', '7h', '3h', '3d']",,8s,100,100
425,River,1,-1291,1291,CHECK,0,"['8d', '2h']","['3s', '9h']","['Ah', '7h', '3h', '3d', '6d']",,8s,100,100
425,River,0,-1291,1291,CHECK,0,"['8d', '2h']","['3s', '9h']","['Ah', '7h', '3h', '3d', '6d']",,8s,100,100
426,Pre-Flop,0,-1391,1391,RAISE,98,"['4s', '6d']","['6h', 'Ah']","['8h', '5h']",,,1,1
426,Pre-Flop,1,-1391,1391,CALL,0,"['4s', '6d']","['6h', 'Ah']","['8h', '5h']",,,2,2
426,Flop,0,-1391,1391,CHECK,0,"['4s', '6d']","['6h', 'Ah']","['8h', '5h', '7d']",,,100,100
426,Flop,1,-1391,1391,CHECK,0,"['4s', '6d']","['6h', 'Ah']","['8h', '5h', '7d']",,,100,100
426,Turn,0,-1391,1391,CHECK,0,"['4s', '6d']","['6h', 'Ah']","['8h', '5h', '7d', '9h']",,,100,100
426,Turn,1,-1391,1391,CHECK,0,"['4s', '6d']","['6h', 'Ah']","['8h', '5h', '7d', '9h']",,,100,100
426,River,0,-1391,1391,CHECK,0,"['4s', '6d']","['6h', 'Ah']","['8h', '5h', '7d', '9h', '2d']",,,100,100
426,River,1,-1391,1391,CHECK,0,"['4s', '6d']","['6h', 'Ah']","['8h', '5h', '7d', '9h', '2d']",,,100,100
427,Pre-Flop,1,-1491,1491,FOLD,0,"['2d', 'Ad']","['3d', 'Ah']","['6h', '8d']",,,1,1
428,Pre-Flop,0,-1490,1490,RAISE,98,"['3h', '5s']","['5h', '8d']","['4s', 'As']",,,1,1
428,Pre-Flop,1,-1490,1490,CALL,0,"['3h', '5s']","['5h', '8d']","['4s', 'As']",,,2,2
428,Flop,0,-1490,1490,CHECK,0,"['3h', '5s']","['5h', '8d']","['4s', 'As', '6s']",,,100,100
428,Flop,1,-1490,1490,DISCARD,0,"['3h', '5s']","['5h', '8d']","['4s', 'As', '6s']",,,100,100
428,Flop,1,-1490,1490,CHECK,0,"['3h', '5s']","['5h', '6d']","['4s', 'As', '6s']",,8d,100,100
428,Turn,0,-1490,1490,CHECK,0,"['3h', '5s']","['5h', '6d']","['4s', 'As', '6s', '3s']",,8d,100,100
428,Turn,1,-1490,1490,CHECK,0,"['3h', '5s']","['5h', '6d']","['4s', 'As', '6s', '3s']",,8d,100,100
428,River,0,-1490,1490,CHECK,0,"['3h', '5s']","['5h', '6d']","['4s', 'As', '6s', '3s', '7h']",,8d,100,100
428,River,1,-1490,1490,CHECK,0,"['3h', '5s']","['5h', '6d']","['4s', 'As', '6s', '3s', '7h']",,8d,100,100
429,Pre-Flop,1,-1390,1390,RAISE,2,"['Ah', '8h']","['4h', '5h']","['6d', '9d']",,,1,1
429,Pre-Flop,0,-1390,1390,RAISE,96,"['Ah', '8h']","['4h', '5h']","['6d', '9d']",,,2,2
429,Pre-Flop,1,-1390,1390,CALL,0,"['Ah', '8h']","['4h', '5h']","['6d', '9d']",,,4,4
429,Pre-Flop,0,-1390,1390,CHECK,0,"['Ah', '8h']","['4h', '5h']","['6d', '9d']",,,100,100
429,Flop,1,-1390,1390,DISCARD,0,"['Ah', '8h']","['4h', '5h']","['6d', '9d', '4s']",,,100,100
429,Flop,1,-1390,1390,CHECK,0,"['Ah', '8h']","['7d', '5h']","['6d', '9d', '4s']",,4h,100,100
429,Flop,0,-1390,1390,CHECK,0,"['Ah', '8h']","['7d', '5h']","['6d', '9d', '4s']",,4h,100,100
429,Turn,1,-1390,1390,CHECK,0,"['Ah', '8h']","['7d', '5h']","['6d', '9d', '4s', '9h']",,4h,100,100
429,Turn,0,-1390,1390,CHECK,0,"['Ah', '8h']","['7d', '5h']","['6d', '9d', '4s', '9h']",,4h,100,100
429,River,1,-1390,1390,CHECK,0,"['Ah', '8h']","['7d', '5h']","['6d', '9d', '4s', '9h', '7h']",,4h,100,100
429,River,0,-1390,1390,CHECK,0,"['Ah', '8h']","['7d', '5h']","['6d', '9d', '4s', '9h', '7h']",,4h,100,100
430,Pre-Flop,0,-1290,1290,RAISE,98,"['6h', '2s']","['4h', '4s']","['9d', '7d']",,,1,1
430,Pre-Flop,1,-1290,1290,DISCARD,0,"['6h', '2s']","['4h', '4s']","['9d', '7d']",,,2,2
430,Pre-Flop,1,-1290,1290,CALL,0,"['6h', '2s']","['9s', '4s']","['9d', '7d']",,4h,2,2
430,Flop,0,-1290,1290,CHECK,0,"['6h', '2s']","['9s', '4s']","['9d', '7d', '8s']",,4h,100,100
430,Flop,1,-1290,1290,CHECK,0,"['6h', '2s']","['9s', '4s']","['9d', '7d', '8s']",,4h,100,100
430,Turn,0,-1290,1290,CHECK,0,"['6h', '2s']","['9s', '4s']","['9d', '7d', '8s', '4d']",,4h,100,100
430,Turn,1,-1290,1290,CHECK,0,"['6h', '2s']","['9s', '4s']","['9d', '7d', '8s', '4d']",,4h,100,100
430,River,0,-1290,1290,CHECK,0,"['6h', '2s']","['9s', '4s']","['9d', '7d', '8s', '4d', '7h']",,4h,100,100
430,River,1,-1290,1290,CHECK,0,"['6h', '2s']","['9s', '4s']","['9d', '7d', '8s', '4d', '7h']",,4h,100,100
431,Pre-Flop,1,-1390,1390,RAISE,2,"['6d', '5s']","['7d', '7h']","['4d', '3h']",,,1,1
431,Pre-Flop,0,-1390,1390,RAISE,96,"['6d', '5s']","['7d', '7h']","['4d', '3h']",,,2,2
431,Pre-Flop,1,-1390,1390,CALL,0,"['6d', '5s']","['7d', '7h']","['4d', '3h']",,,4,4
431,Pre-Flop,0,-1390,1390,CHECK,0,"['6d', '5s']","['7d', '7h']","['4d', '3h']",,,100,100
431,Flop,1,-1390,1390,DISCARD,0,"['6d', '5s']","['7d', '7h']","['4d', '3h', '6s']",,,100,100
431,Flop,1,-1390,1390,CHECK,0,"['6d', '5s']","['7d', 'Ad']","['4d', '3h', '6s']",,7h,100,100
431,Flop,0,-1390,1390,CHECK,0,"['6d', '5s']","['7d', 'Ad']","['4d', '3h', '6s']",,7h,100,100
431,Turn,1,-1390,1390,CHECK,0,"['6d', '5s']","['7d', 'Ad']","['4d', '3h', '6s', '4s']",,7h,100,100
431,Turn,0,-1390,1390,CHECK,0,"['6d', '5s']","['7d', 'Ad']","['4d', '3h', '6s', '4s']",,7h,100,100
431,River,1,-1390,1390,CHECK,0,"['6d', '5s']","['7d', 'Ad']","['4d', '3h', '6s', '4s', 'Ah']",,7h,100,100
431,River,0,-1390,1390,CHECK,0,"['6d', '5s']","['7d', 'Ad']","['4d', '3h', '6s', '4s', 'Ah']",,7h,100,100
432,Pre-Flop,0,-1490,1490,RAISE,98,"['9d', '7h']","['4h', '5s']","['4s', 'Ad']",,,1,1
432,Pre-Flop,1,-1490,1490,CALL,0,"['9d', '7h']","['4h', '5s']","['4s', 'Ad']",,,2,2
432,Flop,0,-1490,1490,CHECK,0,"['9d', '7h']","['4h', '5s']","['4s', 'Ad', '6s']",,,100,100
432,Flop,1,-1490,1490,DISCARD,0,"['9d', '7h']","['4h', '5s']","['4s', 'Ad', '6s']",,,100,100
432,Flop,1,-1490,1490,CHECK,0,"['9d', '7h']","['6d', '5s']","['4s', 'Ad', '6s']",,4h,100,100
432,Turn,0,-1490,1490,CHECK,0,"['9d', '7h']","['6d', '5s']","['4s', 'Ad', '6s', '3s']",,4h,100,100
432,Turn,1,-1490,1490,CHECK,0,"['9d', '7h']","['6d', '5s']","['4s', 'Ad', '6s', '3s']",,4h,100,100
432,River,0,-1490,1490,CHECK,0,"['9d', '7h']","['6d', '5s']","['4s', 'Ad', '6s', '3s', '9h']",,4h,100,100
432,River,1,-1490,1490,CHECK,0,"['9d', '7h']","['6d', '5s']","['4s', 'Ad', '6s', '3s', '9h']",,4h,100,100
433,Pre-Flop,1,-1390,1390,RAISE,2,"['2d', '3d']","['5s', '4h']","['7s', 'As']",,,1,1
433,Pre-Flop,0,-1390,1390,RAISE,96,"['2d', '3d']","['5s', '4h']","['7s', 'As']",,,2,2
433,Pre-Flop,1,-1390,1390,CALL,0,"['2d', '3d']","['5s', '4h']","['7s', 'As']",,,4,4
433,Pre-Flop,0,-1390,1390,CHECK,0,"['2d', '3d']","['5s', '4h']","['7s', 'As']",,,100,100
433,Flop,1,-1390,1390,DISCARD,0,"['2d', '3d']","['5s', '4h']","['7s', 'As', '6d']",,,100,100
433,Flop,1,-1390,1390,CHECK,0,"['2d', '3d']","['5s', '5h']","['7s', 'As', '6d']",,4h,100,100
433,Flop,0,-1390,1390,CHECK,0,"['2d', '3d']","['5s', '5h']","['7s', 'As', '6d']",,4h,100,100
433,Turn,1,-1390,1390,CHECK,0,"['2d', '3d']","['5s', '5h']","['7s', 'As', '6d', '3h']",,4h,100,100
433,Turn,0,-1390,1390,CHECK,0,"['2d', '3d']","['5s', '5h']","['7s', 'As', '6d', '3h']",,4h,100,100
433,River,1,-1390,1390,CHECK,0,"['2d', '3d']","['5s', '5h']","['7s', 'As', '6d', '3h', '7h']",,4h,100,100
433,River,0,-1390,1390,CHECK,0,"['2d', '3d']","['5s', '5h']","['7s', 'As', '6d', '3h', '7h']",,4h,100,100
434,Pre-Flop,0,-1490,1490,RAISE,98,"['9s', '4s']","['7d', '6h']","['3d', 'Ah']",,,1,1
434,Pre-Flop,1,-1490,1490,CALL,0,"['9s', '4s']","['7d', '6h']","['3d', 'Ah']",,,2,2
434,Flop,0,-1490,1490,CHECK,0,"['9s', '4s']","['7d', '6h']","['3d', 'Ah', '7h']",,,100,100
434,Flop,1,-1490,1490,DISCARD,0,"['9s', '4s']","['7d', '6h']","['3d', 'Ah', '7h']",,,100,100
434,Flop,1,-1490,1490,CHECK,0,"['9s', '4s']","['2d', '6h']","['3d', 'Ah', '7h']",,7d,100,100
434,Turn,0,-1490,1490,CHECK,0,"['9s', '4s']","['2d', '6h']","['3d', 'Ah', '7h', '5s']",,7d,100,100
434,Turn,1,-1490,1490,CHECK,0,"['9s', '4s']","['2d', '6h']","['3d', 'Ah', '7h', '5s']",,7d,100,100
434,River,0,-1490,1490,CHECK,0,"['9s', '4s']","['2d', '6h']","['3d', 'Ah', '7h', '5s', '6s']",,7d,100,100
434,River,1,-1490,1490,CHECK,0,"['9s', '4s']","['2d', '6h']","['3d', 'Ah', '7h', '5s', '6s']",,7d,100,100
435,Pre-Flop,1,-1390,1390,RAISE,2,"['9s', '5h']","['9d', '3d']","['8d', '8s']",,,1,1
435,Pre-Flop,0,-1390,1390,RAISE,96,"['9s', '5h']","['9d', '3d']","['8d', '8s']",,,2,2
435,Pre-Flop,1,-1390,1390,CALL,0,"['9s', '5h']","['9d', '3d']","['8d', '8s']",,,4,4
435,Pre-Flop,0,-1390,1390,CHECK,0,"['9s', '5h']","['9d', '3d']","['8d', '8s']",,,100,100
435,Flop,1,-1390,1390,DISCARD,0,"['9s', '5h']","['9d', '3d']","['8d', '8s', '7d']",,,100,100
435,Flop,1,-1390,1390,CHECK,0,"['9s', '5h']","['As', '3d']","['8d', '8s', '7d']",,9d,100,100
435,Flop,0,-1390,1390,CHECK,0,"['9s', '5h']","['As', '3d']","['8d', '8s', '7d']",,9d,100,100
435,Turn,1,-1390,1390,CHECK,0,"['9s', '5h']","['As', '3d']","['8d', '8s', '7d', '7s']",,9d,100,100
435,Turn,0,-1390,1390,CHECK,0,"['9s', '5h']","['As', '3d']","['8d', '8s', '7d', '7s']",,9d,100,100
435,River,1,-1390,1390,CHECK,0,"['9s', '5h']","['As', '3d']","['8d', '8s', '7d', '7s', '2s']",,9d,100,100
435,River,0,-1390,1390,CHECK,0,"['9s', '5h']","['As', '3d']","['8d', '8s', '7d', '7s', '2s']",,9d,100,100
436,Pre-Flop,0,-1490,1490,RAISE,98,"['8d', '3d']","['4h', '9h']","['5s', '2d']",,,1,1
436,Pre-Flop,1,-1490,1490,CALL,0,"['8d', '3d']","['4h', '9h']","['5s', '2d']",,,2,2
436,Flop,0,-1490,1490,CHECK,0,"['8d', '3d']","['4h', '9h']","['5s', '2d', '6h']",,,100,100
436,Flop,1,-1490,1490,DISCARD,0,"['8d', '3d']","['4h', '9h']","['5s', '2d', '6h']",,,100,100
436,Flop,1,-1490,1490,CHECK,0,"['8d', '3d']","['8s', '9h']","['5s', '2d', '6h']",,4h,100,100
436,Turn,0,-1490,1490,CHECK,0,"['8d', '3d']","['8s', '9h']","['5s', '2d', '6h', '6d']",,4h,100,100
436,Turn,1,-1490,1490,CHECK,0,"['8d', '3d']","['8s', '9h']","['5s', '2d', '6h', '6d']",,4h,100,100
436,River,0,-1490,1490,CHECK,0,"['8d', '3d']","['8s', '9h']","['5s', '2d', '6h', '6d', '3s']",,4h,100,100
436,River,1,-1490,1490,CHECK,0,"['8d', '3d']","['8s', '9h']","['5s', '2d', '6h', '6d', '3s']",,4h,100,100
437,Pre-Flop,1,-1390,1390,CALL,0,"['6s', '9h']","['Ad', '3s']","['3h', '3d']",,,1,1
437,Pre-Flop,0,-1390,1390,RAISE,98,"['6s', '9h']","['Ad', '3s']","['3h', '3d']",,,2,2
437,Pre-Flop,1,-1390,1390,CALL,0,"['6s', '9h']","['Ad', '3s']","['3h', '3d']",,,2,2
437,Pre-Flop,0,-1390,1390,CHECK,0,"['6s', '9h']","['Ad', '3s']","['3h', '3d']",,,100,100
437,Flop,1,-1390,1390,DISCARD,0,"['6s', '9h']","['Ad', '3s']","['3h', '3d', '5s']",,,100,100
437,Flop,1,-1390,1390,CHECK,0,"['6s', '9h']","['7s', '3s']","['3h', '3d', '5s']",,Ad,100,100
437,Flop,0,-1390,1390,CHECK,0,"['6s', '9h']","['7s', '3s']","['3h', '3d', '5s']",,Ad,100,100
437,Turn,1,-1390,1390,CHECK,0,"['6s', '9h']","['7s', '3s']","['3h', '3d', '5s', '2s']",,Ad,100,100
437,Turn,0,-1390,1390,CHECK,0,"['6s', '9h']","['7s', '3s']","['3h', '3d', '5s', '2s']",,Ad,100,100
437,River,1,-1390,1390,CHECK,0,"['6s', '9h']","['7s', '3s']","['3h', '3d', '5s', '2s', '9d']",,Ad,100,100
437,River,0,-1390,1390,CHECK,0,"['6s', '9h']","['7s', '3s']","['3h', '3d', '5s', '2s', '9d']",,Ad,100,100
438,Pre-Flop,0,-1490,1490,RAISE,98,"['7h', '3s']","['3h', '2s']","['4s', '8d']",,,1,1
438,Pre-Flop,1,-1490,1490,CALL,0,"['7h', '3s']","['3h', '2s']","['4s', '8d']",,,2,2
438,Flop,0,-1490,1490,CHECK,0,"['7h', '3s']","['3h', '2s']","['4s', '8d', '5h']",,,100,100
438,Flop,1,-1490,1490,DISCARD,0,"['7h', '3s']","['3h', '2s']","['4s', '8d', '5h']",,,100,100
438,Flop,1,-1490,1490,CHECK,0,"['7h', '3s']","['3h', 'Ah']","['4s', '8d', '5h']",,2s,100,100
438,Turn,0,-1490,1490,CHECK,0,"['7h', '3s']","['3h', 'Ah']","['4s', '8d', '5h', 'Ad']",,2s,100,100
438,Turn,1,-1490,1490,CHECK,0,"['7h', '3s']","['3h', 'Ah']","['4s', '8d', '5h', 'Ad']",,2s,100,100
438,River,0,-1490,1490,CHECK,0,"['7h', '3s']","['3h', 'Ah']","['4s', '8d', '5h', 'Ad', '6s']",,2s,100,100
438,River,1,-1490,1490,CHECK,0,"['7h', '3s']","['3h', 'Ah']","['4s', '8d', '5h', 'Ad', '6s']",,2s,100,100
439,Pre-Flop,1,-1390,1390,RAISE,2,"['5s', '4h']","['Ad', '4s']","['4d', '2d']",,,1,1
439,Pre-Flop,0,-1390,1390,RAISE,96,"['5s', '4h']","['Ad', '4s']","['4d', '2d']",,,2,2
439,Pre-Flop,1,-1390,1390,CALL,0,"['5s', '4h']","['Ad', '4s']","['4d', '2d']",,,4,4
439,Pre-Flop,0,-1390,1390,CHECK,0,"['5s', '4h']","['Ad', '4s']","['4d', '2d']",,,100,100
439,Flop,1,-1390,1390,DISCARD,0,"['5s', '4h']","['Ad', '4s']","['4d', '2d', '7s']",,,100,100
439,Flop,1,-1390,1390,CHECK,0,"['5s', '4h']","['9s', '4s']","['4d', '2d', '7s']",,Ad,100,100
439,Flop,0,-1390,1390,CHECK,0,"['5s', '4h']","['9s', '4s']","['4d', '2d', '7s']",,Ad,100,100
439,Turn,1,-1390,1390,CHECK,0,"['5s', '4h']","['9s', '4s']","['4d', '2d', '7s', '2s']",,Ad,100,100
439,Turn,0,-1390,1390,CHECK,0,"['5s', '4h']","['9s', '4s']","['4d', '2d', '7s', '2s']",,Ad,100,100
439,River,1,-1390,1390,CHECK,0,"['5s', '4h']","['9s', '4s']","['4d', '2d', '7s', '2s', '6s']",,Ad,100,100
439,River,0,-1390,1390,CHECK,0,"['5s', '4h']","['9s', '4s']","['4d', '2d', '7s', '2s', '6s']",,Ad,100,100
440,Pre-Flop,0,-1490,1490,RAISE,98,"['3s', '9d']","['7h', '8h']","['8d', '4d']",,,1,1
440,Pre-Flop,1,-1490,1490,CALL,0,"['3s', '9d']","['7h', '8h']","['8d', '4d']",,,2,2
440,Flop,0,-1490,1490,CHECK,0,"['3s', '9d']","['7h', '8h']","['8d', '4d', '5s']",,,100,100
440,Flop,1,-1490,1490,DISCARD,0,"['3s', '9d']","['7h', '8h']","['8d', '4d', '5s']",,,100,100
440,Flop,1,-1490,1490,CHECK,0,"['3s', '9d']","['7h', '7s']","['8d', '4d', '5s']",,8h,100,100
440,Turn,0,-1490,1490,CHECK,0,"['3s', '9d']","['7h', '7s']","['8d', '4d', '5s', '9h']",,8h,100,100
440,Turn,1,-1490,1490,CHECK,0,"['3s', '9d']","['7h', '7s']","['8d', '4d', '5s', '9h']",,8h,100,100
440,River,0,-1490,1490,CHECK,0,"['3s', '9d']","['7h', '7s']","['8d', '4d', '5s', '9h', '7d']",,8h,100,100
440,River,1,-1490,1490,CHECK,0,"['3s', '9d']","['7h', '7s']","['8d', '4d', '5s', '9h', '7d']",,8h,100,100
441,Pre-Flop,1,-1590,1590,RAISE,2,"['6d', '9s']","['9d', 'As']","['7d', '2s']",,,1,1
441,Pre-Flop,0,-1590,1590,RAISE,96,"['6d', '9s']","['9d', 'As']","['7d', '2s']",,,2,2
441,Pre-Flop,1,-1590,1590,CALL,0,"['6d', '9s']","['9d', 'As']","['7d', '2s']",,,4,4
441,Pre-Flop,0,-1590,1590,CHECK,0,"['6d', '9s']","['9d', 'As']","['7d', '2s']",,,100,100
441,Flop,1,-1590,1590,DISCARD,0,"['6d', '9s']","['9d', 'As']","['7d', '2s', '2h']",,,100,100
441,Flop,1,-1590,1590,CHECK,0,"['6d', '9s']","['6h', 'As']","['7d', '2s', '2h']",,9d,100,100
441,Flop,0,-1590,1590,CHECK,0,"['6d', '9s']","['6h', 'As']","['7d', '2s', '2h']",,9d,100,100
441,Turn,1,-1590,1590,CHECK,0,"['6d', '9s']","['6h', 'As']","['7d', '2s', '2h', '2d']",,9d,100,100
441,Turn,0,-1590,1590,CHECK,0,"['6d', '9s']","['6h', 'As']","['7d', '2s', '2h', '2d']",,9d,100,100
441,River,1,-1590,1590,CHECK,0,"['6d', '9s']","['6h', 'As']","['7d', '2s', '2h', '2d', '5d']",,9d,100,100
441,River,0,-1590,1590,CHECK,0,"['6d', '9s']","['6h', 'As']","['7d', '2s', '2h', '2d', '5d']",,9d,100,100
442,Pre-Flop,0,-1690,1690,RAISE,98,"['6h', '2d']","['5h', '3d']","['5s', '8s']",,,1,1
442,Pre-Flop,1,-1690,1690,CALL,0,"['6h', '2d']","['5h', '3d']","['5s', '8s']",,,2,2
442,Flop,0,-1690,1690,CHECK,0,"['6h', '2d']","['5h', '3d']","['5s', '8s', 'Ah']",,,100,100
442,Flop,1,-1690,1690,DISCARD,0,"['6h', '2d']","['5h', '3d']","['5s', '8s', 'Ah']",,,100,100
442,Flop,1,-1690,1690,CHECK,0,"['6h', '2d']","['5h', 'As']","['5s', '8s', 'Ah']",,3d,100,100
442,Turn,0,-1690,1690,CHECK,0,"['6h', '2d']","['5h', 'As']","['5s', '8s', 'Ah', 'Ad']",,3d,100,100
442,Turn,1,-1690,1690,CHECK,0,"['6h', '2d']","['5h', 'As']","['5s', '8s', 'Ah', 'Ad']",,3d,100,100
442,River,0,-1690,1690,CHECK,0,"['6h', '2d']","['5h', 'As']","['5s', '8s', 'Ah', 'Ad', '4h']",,3d,100,100
442,River,1,-1690,1690,CHECK,0,"['6h', '2d']","['5h', 'As']","['5s', '8s', 'Ah', 'Ad', '4h']",,3d,100,100
443,Pre-Flop,1,-1790,1790,DISCARD,0,"['7h', 'Ah']","['4h', '8h']","['6d', '5d']",,,1,1
443,Pre-Flop,1,-1790,1790,RAISE,2,"['7h', 'Ah']","['6s', '8h']","['6d', '5d']",,4h,1,1
443,Pre-Flop,0,-1790,1790,RAISE,96,"['7h', 'Ah']","['6s', '8h']","['6d', '5d']",,4h,2,2
443,Pre-Flop,1,-1790,1790,CALL,0,"['7h', 'Ah']","['6s', '8h']","['6d', '5d']",,4h,4,4
443,Pre-Flop,0,-1790,1790,CHECK,0,"['7h', 'Ah']","['6s', '8h']","['6d', '5d']",,4h,100,100
443,Flop,1,-1790,1790,CHECK,0,"['7h', 'Ah']","['6s', '8h']","['6d', '5d', '9d']",,4h,100,100
443,Flop,0,-1790,1790,CHECK,0,"['7h', 'Ah']","['6s', '8h']","['6d', '5d', '9d']",,4h,100,100
443,Turn,1,-1790,1790,CHECK,0,"['7h', 'Ah']","['6s', '8h']","['6d', '5d', '9d', '2d']",,4h,100,100
443,Turn,0,-1790,1790,CHECK,0,"['7h', 'Ah']","['6s', '8h']","['6d', '5d', '9d', '2d']",,4h,100,100
443,River,1,-1790,1790,CHECK,0,"['7h', 'Ah']","['6s', '8h']","['6d', '5d', '9d', '2d', '5h']",,4h,100,100
443,River,0,-1790,1790,CHECK,0,"['7h', 'Ah']","['6s', '8h']","['6d', '5d', '9d', '2d', '5h']",,4h,100,100
444,Pre-Flop,0,-1890,1890,RAISE,98,"['2h', '4d']","['7s', '5s']","['5d', 'Ah']",,,1,1
444,Pre-Flop,1,-1890,1890,CALL,0,"['2h', '4d']","['7s', '5s']","['5d', 'Ah']",,,2,2
444,Flop,0,-1890,1890,CHECK,0,"['2h', '4d']","['7s', '5s']","['5d', 'Ah', '2d']",,,100,100
444,Flop,1,-1890,1890,CHECK,0,"['2h', '4d']","['7s', '5s']","['5d', 'Ah', '2d']",,,100,100
444,Turn,0,-1890,1890,CHECK,0,"['2h', '4d']","['7s', '5s']","['5d', 'Ah', '2d', '7d']",,,100,100
444,Turn,1,-1890,1890,CHECK,0,"['2h', '4d']","['7s', '5s']","['5d', 'Ah', '2d', '7d']",,,100,100
444,River,0,-1890,1890,CHECK,0,"['2h', '4d']","['7s', '5s']","['5d', 'Ah', '2d', '7d', '7h']",,,100,100
444,River,1,-1890,1890,CHECK,0,"['2h', '4d']","['7s', '5s']","['5d', 'Ah', '2d', '7d', '7h']",,,100,100
445,Pre-Flop,1,-1990,1990,RAISE,2,"['9d', 'As']","['4h', '2h']","['7d', '6h']",,,1,1
445,Pre-Flop,0,-1990,1990,RAISE,96,"['9d', 'As']","['4h', '2h']","['7d', '6h']",,,2,2
445,Pre-Flop,1,-1990,1990,CALL,0,"['9d', 'As']","['4h', '2h']","['7d', '6h']",,,4,4
445,Pre-Flop,0,-1990,1990,CHECK,0,"['9d', 'As']","['4h', '2h']","['7d', '6h']",,,100,100
445,Flop,1,-1990,1990,DISCARD,0,"['9d', 'As']","['4h', '2h']","['7d', '6h', '9h']",,,100,100
445,Flop,1,-1990,1990,CHECK,0,"['9d', 'As']","['4h', 'Ah']","['7d', '6h', '9h']",,2h,100,100
445,Flop,0,-1990,1990,CHECK,0,"['9d', 'As']","['4h', 'Ah']","['7d', '6h', '9h']",,2h,100,100
445,Turn,1,-1990,1990,CHECK,0,"['9d', 'As']","['4h', 'Ah']","['7d', '6h', '9h', '4d']",,2h,100,100
445,Turn,0,-1990,1990,CHECK,0,"['9d', 'As']","['4h', 'Ah']","['7d', '6h', '9h', '4d']",,2h,100,100
445,River,1,-1990,1990,CHECK,0,"['9d', 'As']","['4h', 'Ah']","['7d', '6h', '9h', '4d', '6d']",,2h,100,100
445,River,0,-1990,1990,CHECK,0,"['9d', 'As']","['4h', 'Ah']","['7d', '6h', '9h', '4d', '6d']",,2h,100,100
446,Pre-Flop,0,-1890,1890,RAISE,98,"['9s', '8s']","['8d', '7s']","['6d', '6s']",,,1,1
446,Pre-Flop,1,-1890,1890,CALL,0,"['9s', '8s']","['8d', '7s']","['6d', '6s']",,,2,2
446,Flop,0,-1890,1890,CHECK,0,"['9s', '8s']","['8d', '7s']","['6d', '6s', '4s']",,,100,100
446,Flop,1,-1890,1890,DISCARD,0,"['9s', '8s']","['8d', '7s']","['6d', '6s', '4s']",,,100,100
446,Flop,1,-1890,1890,CHECK,0,"['9s', '8s']","['5h', '7s']","['6d', '6s', '4s']",,8d,100,100
446,Turn,0,-1890,1890,CHECK,0,"['9s', '8s']","['5h', '7s']","['6d', '6s', '4s', '7d']",,8d,100,100
446,Turn,1,-1890,1890,CHECK,0,"['9s', '8s']","['5h', '7s']","['6d', '6s', '4s', '7d']",,8d,100,100
446,River,0,-1890,1890,CHECK,0,"['9s', '8s']","['5h', '7s']","['6d', '6s', '4s', '7d', '4d']",,8d,100,100
446,River,1,-1890,1890,CHECK,0,"['9s', '8s']","['5h', '7s']","['6d', '6s', '4s', '7d', '4d']",,8d,100,100
447,Pre-Flop,1,-1990,1990,RAISE,2,"['8d', '5h']","['Ah', '3h']","['7d', 'Ad']",,,1,1
447,Pre-Flop,0,-1990,1990,RAISE,96,"['8d', '5h']","['Ah', '3h']","['7d', 'Ad']",,,2,2
447,Pre-Flop,1,-1990,1990,CALL,0,"['8d', '5h']","['Ah', '3h']","['7d', 'Ad']",,,4,4
447,Pre-Flop,0,-1990,1990,CHECK,0,"['8d', '5h']","['Ah', '3h']","['7d', 'Ad']",,,100,100
447,Flop,1,-1990,1990,DISCARD,0,"['8d', '5h']","['Ah', '3h']","['7d', 'Ad', '9s']",,,100,100
447,Flop,1,-1990,1990,CHECK,0,"['8d', '5h']","['Ah', '7s']","['7d', 'Ad', '9s']",,3h,100,100
447,Flop,0,-1990,1990,CHECK,0,"['8d', '5h']","['Ah', '7s']","['7d', 'Ad', '9s']",,3h,100,100
447,Turn,1,-1990,1990,CHECK,0,"['8d', '5h']","['Ah', '7s']","['7d', 'Ad', '9s', 'As']",,3h,100,100
447,Turn,0,-1990,1990,CHECK,0,"['8d', '5h']","['Ah', '7s']","['7d', 'Ad', '9s', 'As']",,3h,100,100
447,River,1,-1990,1990,CHECK,0,"['8d', '5h']","['Ah', '7s']","['7d', 'Ad', '9s', 'As', '9d']",,3h,100,100
447,River,0,-1990,1990,CHECK,0,"['8d', '5h']","['Ah', '7s']","['7d', 'Ad', '9s', 'As', '9d']",,3h,100,100
448,Pre-Flop,0,-2090,2090,RAISE,98,"['2d', '8d']","['6h', '6d']","['2h', '5h']",,,1,1
448,Pre-Flop,1,-2090,2090,CALL,0,"['2d', '8d']","['6h', '6d']","['2h', '5h']",,,2,2
448,Flop,0,-2090,2090,CHECK,0,"['2d', '8d']","['6h', '6d']","['2h', '5h', '3h']",,,100,100
448,Flop,1,-2090,2090,DISCARD,0,"['2d', '8d']","['6h', '6d']","['2h', '5h', '3h']",,,100,100
448,Flop,1,-2090,2090,CHECK,0,"['2d', '8d']","['6h', '5s']","['2h', '5h', '3h']",,6d,100,100
448,Turn,0,-2090,2090,CHECK,0,"['2d', '8d']","['6h', '5s']","['2h', '5h', '3h', '3d']",,6d,100,100
448,Turn,1,-2090,2090,CHECK,0,"['2d', '8d']","['6h', '5s']","['2h', '5h', '3h', '3d']",,6d,100,100
448,River,0,-2090,2090,CHECK,0,"['2d', '8d']","['6h', '5s']","['2h', '5h', '3h', '3d', '5d']",,6d,100,100
448,River,1,-2090,2090,CHECK,0,"['2d', '8d']","['6h', '5s']","['2h', '5h', '3h', '3d', '5d']",,6d,100,100
449,Pre-Flop,1,-2190,2190,RAISE,2,"['6s', '2h']","['4h', '5h']","['3d', '9d']",,,1,1
449,Pre-Flop,0,-2190,2190,RAISE,96,"['6s', '2h']","['4h', '5h']","['3d', '9d']",,,2,2
449,Pre-Flop,1,-2190,2190,CALL,0,"['6s', '2h']","['4h', '5h']","['3d', '9d']",,,4,4
449,Pre-Flop,0,-2190,2190,CHECK,0,"['6s', '2h']","['4h', '5h']","['3d', '9d']",,,100,100
449,Flop,1,-2190,2190,DISCARD,0,"['6s', '2h']","['4h', '5h']","['3d', '9d', '8s']",,,100,100
449,Flop,1,-2190,2190,CHECK,0,"['6s', '2h']","['4h', 'As']","['3d', '9d', '8s']",,5h,100,100
449,Flop,0,-2190,2190,CHECK,0,"['6s', '2h']","['4h', 'As']","['3d', '9d', '8s']",,5h,100,100
449,Turn,1,-2190,2190,CHECK,0,"['6s', '2h']","['4h', 'As']","['3d', '9d', '8s', '8h']",,5h,100,100
449,Turn,0,-2190,2190,CHECK,0,"['6s', '2h']","['4h', 'As']","['3d', '9d', '8s', '8h']",,5h,100,100
449,River,1,-2190,2190,CHECK,0,"['6s', '2h']","['4h', 'As']","['3d', '9d', '8s', '8h', '7h']",,5h,100,100
449,River,0,-2190,2190,CHECK,0,"['6s', '2h']","['4h', 'As']","['3d', '9d', '8s', '8h', '7h']",,5h,100,100
450,Pre-Flop,0,-2290,2290,RAISE,98,"['4h', '5d']","['Ah', '2s']","['3d', '8h']",,,1,1
450,Pre-Flop,1,-2290,2290,CALL,0,"['4h', '5d']","['Ah', '2s']","['3d', '8h']",,,2,2
450,Flop,0,-2290,2290,CHECK,0,"['4h', '5d']","['Ah', '2s']","['3d', '8h', 'Ad']",,,100,100
450,Flop,1,-2290,2290,DISCARD,0,"['4h', '5d']","['Ah', '2s']","['3d', '8h', 'Ad']",,,100,100
450,Flop,1,-2290,2290,CHECK,0,"['4h', '5d']","['Ah', '2h']","['3d', '8h', 'Ad']",,2s,100,100
450,Turn,0,-2290,2290,CHECK,0,"['4h', '5d']","['Ah', '2h']","['3d', '8h', 'Ad', '2d']",,2s,100,100
450,Turn,1,-2290,2290,CHECK,0,"['4h', '5d']","['Ah', '2h']","['3d', '8h', 'Ad', '2d']",,2s,100,100
450,River,0,-2290,2290,CHECK,0,"['4h', '5d']","['Ah', '2h']","['3d', '8h', 'Ad', '2d', '7h']",,2s,100,100
450,River,1,-2290,2290,CHECK,0,"['4h', '5d']","['Ah', '2h']","['3d', '8h', 'Ad', '2d', '7h']",,2s,100,100
451,Pre-Flop,1,-2190,2190,CALL,0,"['8s', '6h']","['2d', '9h']","['7d', '4d']",,,1,1
451,Pre-Flop,0,-2190,2190,RAISE,98,"['8s', '6h']","['2d', '9h']","['7d', '4d']",,,2,2
451,Pre-Flop,1,-2190,2190,CALL,0,"['8s', '6h']","['2d', '9h']","['7d', '4d']",,,2,2
451,Pre-Flop,0,-2190,2190,CHECK,0,"['8s', '6h']","['2d', '9h']","['7d', '4d']",,,100,100
451,Flop,1,-2190,2190,DISCARD,0,"['8s', '6h']","['2d', '9h']","['7d', '4d', '3h']",,,100,100
451,Flop,1,-2190,2190,CHECK,0,"['8s', '6h']","['2d', '4s']","['7d', '4d', '3h']",,9h,100,100
451,Flop,0,-2190,2190,CHECK,0,"['8s', '6h']","['2d', '4s']","['7d', '4d', '3h']",,9h,100,100
451,Turn,1,-2190,2190,CHECK,0,"['8s', '6h']","['2d', '4s']","['7d', '4d', '3h', '2s']",,9h,100,100
451,Turn,0,-2190,2190,CHECK,0,"['8s', '6h']","['2d', '4s']","['7d', '4d', '3h', '2s']",,9h,100,100
451,River,1,-2190,2190,CHECK,0,"['8s', '6h']","['2d', '4s']","['7d', '4d', '3h', '2s', '7h']",,9h,100,100
451,River,0,-2190,2190,CHECK,0,"['8s', '6h']","['2d', '4s']","['7d', '4d', '3h', '2s', '7h']",,9h,100,100
452,Pre-Flop,0,-2290,2290,RAISE,98,"['Ah', '9h']","['9s', '2h']","['3h', '6s']",,,1,1
452,Pre-Flop,1,-2290,2290,DISCARD,0,"['Ah', '9h']","['9s', '2h']","['3h', '6s']",,,2,2
452,Pre-Flop,1,-2290,2290,CALL,0,"['Ah', '9h']","['9s', '5d']","['3h', '6s']",,2h,2,2
452,Flop,0,-2290,2290,CHECK,0,"['Ah', '9h']","['9s', '5d']","['3h', '6s', '7s']",,2h,100,100
452,Flop,1,-2290,2290,CHECK,0,"['Ah', '9h']","['9s', '5d']","['3h', '6s', '7s']",,2h,100,100
452,Turn,0,-2290,2290,CHECK,0,"['Ah', '9h']","['9s', '5d']","['3h', '6s', '7s', '2d']",,2h,100,100
452,Turn,1,-2290,2290,CHECK,0,"['Ah', '9h']","['9s', '5d']","['3h', '6s', '7s', '2d']",,2h,100,100
452,River,0,-2290,2290,CHECK,0,"['Ah', '9h']","['9s', '5d']","['3h', '6s', '7s', '2d', '3d']",,2h,100,100
452,River,1,-2290,2290,CHECK,0,"['Ah', '9h']","['9s', '5d']","['3h', '6s', '7s', '2d', '3d']",,2h,100,100
453,Pre-Flop,1,-2190,2190,RAISE,2,"['8s', '4s']","['3d', '5s']","['8d', 'Ad']",,,1,1
453,Pre-Flop,0,-2190,2190,RAISE,96,"['8s', '4s']","['3d', '5s']","['8d', 'Ad']",,,2,2
453,Pre-Flop,1,-2190,2190,CALL,0,"['8s', '4s']","['3d', '5s']","['8d', 'Ad']",,,4,4
453,Pre-Flop,0,-2190,2190,CHECK,0,"['8s', '4s']","['3d', '5s']","['8d', 'Ad']",,,100,100
453,Flop,1,-2190,2190,DISCARD,0,"['8s', '4s']","['3d', '5s']","['8d', 'Ad', '3h']",,,100,100
453,Flop,1,-2190,2190,CHECK,0,"['8s', '4s']","['5d', '5s']","['8d', 'Ad', '3h']",,3d,100,100
453,Flop,0,-2190,2190,CHECK,0,"['8s', '4s']","['5d', '5s']","['8d', 'Ad', '3h']",,3d,100,100
453,Turn,1,-2190,2190,CHECK,0,"['8s', '4s']","['5d', '5s']","['8d', 'Ad', '3h', '3s']",,3d,100,100
453,Turn,0,-2190,2190,CHECK,0,"['8s', '4s']","['5d', '5s']","['8d', 'Ad', '3h', '3s']",,3d,100,100
453,River,1,-2190,2190,CHECK,0,"['8s', '4s']","['5d', '5s']","['8d', 'Ad', '3h', '3s', 'As']",,3d,100,100
453,River,0,-2190,2190,CHECK,0,"['8s', '4s']","['5d', '5s']","['8d', 'Ad', '3h', '3s', 'As']",,3d,100,100
454,Pre-Flop,0,-2090,2090,RAISE,98,"['6d', '9h']","['9s', '5h']","['7d', '3d']",,,1,1
454,Pre-Flop,1,-2090,2090,CALL,0,"['6d', '9h']","['9s', '5h']","['7d', '3d']",,,2,2
454,Flop,0,-2090,2090,CHECK,0,"['6d', '9h']","['9s', '5h']","['7d', '3d', '4h']",,,100,100
454,Flop,1,-2090,2090,DISCARD,0,"['6d', '9h']","['9s', '5h']","['7d', '3d', '4h']",,,100,100
454,Flop,1,-2090,2090,CHECK,0,"['6d', '9h']","['9s', '6h']","['7d', '3d', '4h']",,5h,100,100
454,Turn,0,-2090,2090,CHECK,0,"['6d', '9h']","['9s', '6h']","['7d', '3d', '4h', 'As']",,5h,100,100
454,Turn,1,-2090,2090,CHECK,0,"['6d', '9h']","['9s', '6h']","['7d', '3d', '4h', 'As']",,5h,100,100
454,River,0,-2090,2090,CHECK,0,"['6d', '9h']","['9s', '6h']","['7d', '3d', '4h', 'As', '8h']",,5h,100,100
454,River,1,-2090,2090,CHECK,0,"['6d', '9h']","['9s', '6h']","['7d', '3d', '4h', 'As', '8h']",,5h,100,100
455,Pre-Flop,1,-2090,2090,RAISE,2,"['8d', '7h']","['As', '6h']","['5d', '2d']",,,1,1
455,Pre-Flop,0,-2090,2090,RAISE,96,"['8d', '7h']","['As', '6h']","['5d', '2d']",,,2,2
455,Pre-Flop,1,-2090,2090,CALL,0,"['8d', '7h']","['As', '6h']","['5d', '2d']",,,4,4
455,Pre-Flop,0,-2090,2090,CHECK,0,"['8d', '7h']","['As', '6h']","['5d', '2d']",,,100,100
455,Flop,1,-2090,2090,DISCARD,0,"['8d', '7h']","['As', '6h']","['5d', '2d', '3d']",,,100,100
455,Flop,1,-2090,2090,CHECK,0,"['8d', '7h']","['6s', '6h']","['5d', '2d', '3d']",,As,100,100
455,Flop,0,-2090,2090,CHECK,0,"['8d', '7h']","['6s', '6h']","['5d', '2d', '3d']",,As,100,100
455,Turn,1,-2090,2090,CHECK,0,"['8d', '7h']","['6s', '6h']","['5d', '2d', '3d', '6d']",,As,100,100
455,Turn,0,-2090,2090,CHECK,0,"['8d', '7h']","['6s', '6h']","['5d', '2d', '3d', '6d']",,As,100,100
455,River,1,-2090,2090,CHECK,0,"['8d', '7h']","['6s', '6h']","['5d', '2d', '3d', '6d', '5s']",,As,100,100
455,River,0,-2090,2090,CHECK,0,"['8d', '7h']","['6s', '6h']","['5d', '2d', '3d', '6d', '5s']",,As,100,100
456,Pre-Flop,0,-2190,2190,RAISE,98,"['5h', '6h']","['As', '5d']","['6s', '8s']",,,1,1
456,Pre-Flop,1,-2190,2190,CALL,0,"['5h', '6h']","['As', '5d']","['6s', '8s']",,,2,2
456,Flop,0,-2190,2190,CHECK,0,"['5h', '6h']","['As', '5d']","['6s', '8s', '7h']",,,100,100
456,Flop,1,-2190,2190,DISCARD,0,"['5h', '6h']","['As', '5d']","['6s', '8s', '7h']",,,100,100
456,Flop,1,-2190,2190,CHECK,0,"['5h', '6h']","['As', '3d']","['6s', '8s', '7h']",,5d,100,100
456,Turn,0,-2190,2190,CHECK,0,"['5h', '6h']","['As', '3d']","['6s', '8s', '7h', 'Ad']",,5d,100,100
456,Turn,1,-2190,2190,CHECK,0,"['5h', '6h']","['As', '3d']","['6s', '8s', '7h', 'Ad']",,5d,100,100
456,River,0,-2190,2190,CHECK,0,"['5h', '6h']","['As', '3d']","['6s', '8s', '7h', 'Ad', '2d']",,5d,100,100
456,River,1,-2190,2190,CHECK,0,"['5h', '6h']","['As', '3d']","['6s', '8s', '7h', 'Ad', '2d']",,5d,100,100
457,Pre-Flop,1,-2290,2290,CALL,0,"['Ad', 'Ah']","['6d', '2d']","['8h', '4s']",,,1,1
457,Pre-Flop,0,-2290,2290,RAISE,98,"['Ad', 'Ah']","['6d', '2d']","['8h', '4s']",,,2,2
457,Pre-Flop,1,-2290,2290,CALL,0,"['Ad', 'Ah']","['6d', '2d']","['8h', '4s']",,,2,2
457,Pre-Flop,0,-2290,2290,CHECK,0,"['Ad', 'Ah']","['6d', '2d']","['8h', '4s']",,,100,100
457,Flop,1,-2290,2290,DISCARD,0,"['Ad', 'Ah']","['6d', '2d']","['8h', '4s', '6h']",,,100,100
457,Flop,1,-2290,2290,CHECK,0,"['Ad', 'Ah']","['4d', '2d']","['8h', '4s', '6h']",,6d,100,100
457,Flop,0,-2290,2290,CHECK,0,"['Ad', 'Ah']","['4d', '2d']","['8h', '4s', '6h']",,6d,100,100
457,Turn,1,-2290,2290,CHECK,0,"['Ad', 'Ah']","['4d', '2d']","['8h', '4s', '6h', '8s']",,6d,100,100
457,Turn,0,-2290,2290,CHECK,0,"['Ad', 'Ah']","['4d', '2d']","['8h', '4s', '6h', '8s']",,6d,100,100
457,River,1,-2290,2290,CHECK,0,"['Ad', 'Ah']","['4d', '2d']","['8h', '4s', '6h', '8s', '8d']",,6d,100,100
457,River,0,-2290,2290,CHECK,0,"['Ad', 'Ah']","['4d', '2d']","['8h', '4s', '6h', '8s', '8d']",,6d,100,100
458,Pre-Flop,0,-2190,2190,RAISE,98,"['7h', '8s']","['8d', '5s']","['As', '7s']",,,1,1
458,Pre-Flop,1,-2190,2190,DISCARD,0,"['7h', '8s']","['8d', '5s']","['As', '7s']",,,2,2
458,Pre-Flop,1,-2190,2190,CALL,0,"['7h', '8s']","['4d', '5s']","['As', '7s']",,8d,2,2
458,Flop,0,-2190,2190,CHECK,0,"['7h', '8s']","['4d', '5s']","['As', '7s', '9d']",,8d,100,100
458,Flop,1,-2190,2190,CHECK,0,"['7h', '8s']","['4d', '5s']","['As', '7s', '9d']",,8d,100,100
458,Turn,0,-2190,2190,CHECK,0,"['7h', '8s']","['4d', '5s']","['As', '7s', '9d', '7d']",,8d,100,100
458,Turn,1,-2190,2190,CHECK,0,"['7h', '8s']","['4d', '5s']","['As', '7s', '9d', '7d']",,8d,100,100
458,River,0,-2190,2190,CHECK,0,"['7h', '8s']","['4d', '5s']","['As', '7s', '9d', '7d', '2h']",,8d,100,100
458,River,1,-2190,2190,CHECK,0,"['7h', '8s']","['4d', '5s']","['As', '7s', '9d', '7d', '2h']",,8d,100,100
459,Pre-Flop,1,-2090,2090,RAISE,2,"['5h', '9h']","['5s', 'Ah']","['8s', '2h']",,,1,1
459,Pre-Flop,0,-2090,2090,RAISE,96,"['5h', '9h']","['5s', 'Ah']","['8s', '2h']",,,2,2
459,Pre-Flop,1,-2090,2090,CALL,0,"['5h', '9h']","['5s', 'Ah']","['8s', '2h']",,,4,4
459,Pre-Flop,0,-2090,2090,CHECK,0,"['5h', '9h']","['5s', 'Ah']","['8s', '2h']",,,100,100
459,Flop,1,-2090,2090,DISCARD,0,"['5h', '9h']","['5s', 'Ah']","['8s', '2h', '9d']",,,100,100
459,Flop,1,-2090,2090,CHECK,0,"['5h', '9h']","['5s', '8h']","['8s', '2h', '9d']",,Ah,100,100
459,Flop,0,-2090,2090,CHECK,0,"['5h', '9h']","['5s', '8h']","['8s', '2h', '9d']",,Ah,100,100
459,Turn,1,-2090,2090,CHECK,0,"['5h', '9h']","['5s', '8h']","['8s', '2h', '9d', '5d']",,Ah,100,100
459,Turn,0,-2090,2090,CHECK,0,"['5h', '9h']","['5s', '8h']","['8s', '2h', '9d', '5d']",,Ah,100,100
459,River,1,-2090,2090,CHECK,0,"['5h', '9h']","['5s', '8h']","['8s', '2h', '9d', '5d', '3h']",,Ah,100,100
459,River,0,-2090,2090,CHECK,0,"['5h', '9h']","['5s', '8h']","['8s', '2h', '9d', '5d', '3h']",,Ah,100,100
460,Pre-Flop,0,-1990,1990,RAISE,98,"['9d', '5h']","['3s', '6s']","['7s', 'Ad']",,,1,1
460,Pre-Flop,1,-1990,1990,CALL,0,"['9d', '5h']","['3s', '6s']","['7s', 'Ad']",,,2,2
460,Flop,0,-1990,1990,CHECK,0,"['9d', '5h']","['3s', '6s']","['7s', 'Ad', '4s']",,,100,100
460,Flop,1,-1990,1990,CHECK,0,"['9d', '5h']","['3s', '6s']","['7s', 'Ad', '4s']",,,100,100
460,Turn,0,-1990,1990,CHECK,0,"['9d', '5h']","['3s', '6s']","['7s', 'Ad', '4s', '7h']",,,100,100
460,Turn,1,-1990,1990,CHECK,0,"['9d', '5h']","['3s', '6s']","['7s', 'Ad', '4s', '7h']",,,100,100
460,River,0,-1990,1990,CHECK,0,"['9d', '5h']","['3s', '6s']","['7s', 'Ad', '4s', '7h', '8h']",,,100,100
460,River,1,-1990,1990,CHECK,0,"['9d', '5h']","['3s', '6s']","['7s', 'Ad', '4s', '7h', '8h']",,,100,100
461,Pre-Flop,1,-1890,1890,RAISE,2,"['2d', '7d']","['Ah', '5h']","['5s', '6h']",,,1,1
461,Pre-Flop,0,-1890,1890,RAISE,96,"['2d', '7d']","['Ah', '5h']","['5s', '6h']",,,2,2
461,Pre-Flop,1,-1890,1890,CALL,0,"['2d', '7d']","['Ah', '5h']","['5s', '6h']",,,4,4
461,Pre-Flop,0,-1890,1890,CHECK,0,"['2d', '7d']","['Ah', '5h']","['5s', '6h']",,,100,100
461,Flop,1,-1890,1890,DISCARD,0,"['2d', '7d']","['Ah', '5h']","['5s', '6h', '3d']",,,100,100
461,Flop,1,-1890,1890,CHECK,0,"['2d', '7d']","['6s', '5h']","['5s', '6h', '3d']",,Ah,100,100
461,Flop,0,-1890,1890,CHECK,0,"['2d', '7d']","['6s', '5h']","['5s', '6h', '3d']",,Ah,100,100
461,Turn,1,-1890,1890,CHECK,0,"['2d', '7d']","['6s', '5h']","['5s', '6h', '3d', '9s']",,Ah,100,100
461,Turn,0,-1890,1890,CHECK,0,"['2d', '7d']","['6s', '5h']","['5s', '6h', '3d', '9s']",,Ah,100,100
461,River,1,-1890,1890,CHECK,0,"['2d', '7d']","['6s', '5h']","['5s', '6h', '3d', '9s', 'As']",,Ah,100,100
461,River,0,-1890,1890,CHECK,0,"['2d', '7d']","['6s', '5h']","['5s', '6h', '3d', '9s', 'As']",,Ah,100,100
462,Pre-Flop,0,-1990,1990,RAISE,98,"['5s', '6h']","['8d', '9s']","['3d', '4d']",,,1,1
462,Pre-Flop,1,-1990,1990,CALL,0,"['5s', '6h']","['8d', '9s']","['3d', '4d']",,,2,2
462,Flop,0,-1990,1990,CHECK,0,"['5s', '6h']","['8d', '9s']","['3d', '4d', '3s']",,,100,100
462,Flop,1,-1990,1990,DISCARD,0,"['5s', '6h']","['8d', '9s']","['3d', '4d', '3s']",,,100,100
462,Flop,1,-1990,1990,CHECK,0,"['5s', '6h']","['8h', '9s']","['3d', '4d', '3s']",,8d,100,100
462,Turn,0,-1990,1990,CHECK,0,"['5s', '6h']","['8h', '9s']","['3d', '4d', '3s', '8s']",,8d,100,100
462,Turn,1,-1990,1990,CHECK,0,"['5s', '6h']","['8h', '9s']","['3d', '4d', '3s', '8s']",,8d,100,100
462,River,0,-1990,1990,CHECK,0,"['5s', '6h']","['8h', '9s']","['3d', '4d', '3s', '8s', '6s']",,8d,100,100
462,River,1,-1990,1990,CHECK,0,"['5s', '6h']","['8h', '9s']","['3d', '4d', '3s', '8s', '6s']",,8d,100,100
463,Pre-Flop,1,-2090,2090,CALL,0,"['6h', '2s']","['3d', '8h']","['5h', '8d']",,,1,1
463,Pre-Flop,0,-2090,2090,RAISE,98,"['6h', '2s']","['3d', '8h']","['5h', '8d']",,,2,2
463,Pre-Flop,1,-2090,2090,CALL,0,"['6h', '2s']","['3d', '8h']","['5h', '8d']",,,2,2
463,Pre-Flop,0,-2090,2090,CHECK,0,"['6h', '2s']","['3d', '8h']","['5h', '8d']",,,100,100
463,Flop,1,-2090,2090,DISCARD,0,"['6h', '2s']","['3d', '8h']","['5h', '8d', '9h']",,,100,100
463,Flop,1,-2090,2090,CHECK,0,"['6h', '2s']","['7h', '8h']","['5h', '8d', '9h']",,3d,100,100
463,Flop,0,-2090,2090,CHECK,0,"['6h', '2s']","['7h', '8h']","['5h', '8d', '9h']",,3d,100,100
463,Turn,1,-2090,2090,CHECK,0,"['6h', '2s']","['7h', '8h']","['5h', '8d', '9h', '2d']",,3d,100,100
463,Turn,0,-2090,2090,CHECK,0,"['6h', '2s']","['7h', '8h']","['5h', '8d', '9h', '2d']",,3d,100,100
463,River,1,-2090,2090,CHECK,0,"['6h', '2s']","['7h', '8h']","['5h', '8d', '9h', '2d', '7s']",,3d,100,100
463,River,0,-2090,2090,CHECK,0,"['6h', '2s']","['7h', '8h']","['5h', '8d', '9h', '2d', '7s']",,3d,100,100
464,Pre-Flop,0,-1990,1990,RAISE,98,"['3h', '6d']","['9s', '3s']","['Ah', '9h']",,,1,1
464,Pre-Flop,1,-1990,1990,CALL,0,"['3h', '6d']","['9s', '3s']","['Ah', '9h']",,,2,2
464,Flop,0,-1990,1990,CHECK,0,"['3h', '6d']","['9s', '3s']","['Ah', '9h', '8d']",,,100,100
464,Flop,1,-1990,1990,DISCARD,0,"['3h', '6d']","['9s', '3s']","['Ah', '9h', '8d']",,,100,100
464,Flop,1,-1990,1990,CHECK,0,"['3h', '6d']","['9s', '4d']","['Ah', '9h', '8d']",,3s,100,100
464,Turn,0,-1990,1990,CHECK,0,"['3h', '6d']","['9s', '4d']","['Ah', '9h', '8d', '6h']",,3s,100,100
464,Turn,1,-1990,1990,CHECK,0,"['3h', '6d']","['9s', '4d']","['Ah', '9h', '8d', '6h']",,3s,100,100
464,River,0,-1990,1990,CHECK,0,"['3h', '6d']","['9s', '4d']","['Ah', '9h', '8d', '6h', '7d']",,3s,100,100
464,River,1,-1990,1990,CHECK,0,"['3h', '6d']","['9s', '4d']","['Ah', '9h', '8d', '6h', '7d']",,3s,100,100
465,Pre-Flop,1,-1990,1990,RAISE,3,"['5h', 'As']","['8h', '2s']","['8d', '9s']",,,1,1
465,Pre-Flop,0,-1990,1990,RAISE,95,"['5h', 'As']","['8h', '2s']","['8d', '9s']",,,2,2
465,Pre-Flop,1,-1990,1990,CALL,0,"['5h', 'As']","['8h', '2s']","['8d', '9s']",,,5,5
465,Pre-Flop,0,-1990,1990,CHECK,0,"['5h', 'As']","['8h', '2s']","['8d', '9s']",,,100,100
465,Flop,1,-1990,1990,DISCARD,0,"['5h', 'As']","['8h', '2s']","['8d', '9s', '9d']",,,100,100
465,Flop,1,-1990,1990,CHECK,0,"['5h', 'As']","['8h', 'Ah']","['8d', '9s', '9d']",,2s,100,100
465,Flop,0,-1990,1990,CHECK,0,"['5h', 'As']","['8h', 'Ah']","['8d', '9s', '9d']",,2s,100,100
465,Turn,1,-1990,1990,CHECK,0,"['5h', 'As']","['8h', 'Ah']","['8d', '9s', '9d', '7h']",,2s,100,100
465,Turn,0,-1990,1990,CHECK,0,"['5h', 'As']","['8h', 'Ah']","['8d', '9s', '9d', '7h']",,2s,100,100
465,River,1,-1990,1990,CHECK,0,"['5h', 'As']","['8h', 'Ah']","['8d', '9s', '9d', '7h', '3s']",,2s,100,100
465,River,0,-1990,1990,CHECK,0,"['5h', 'As']","['8h', 'Ah']","['8d', '9s', '9d', '7h', '3s']",,2s,100,100
466,Pre-Flop,0,-2090,2090,RAISE,98,"['5s', '4s']","['Ah', '7h']","['9d', '6h']",,,1,1
466,Pre-Flop,1,-2090,2090,CALL,0,"['5s', '4s']","['Ah', '7h']","['9d', '6h']",,,2,2
466,Flop,0,-2090,2090,CHECK,0,"['5s', '4s']","['Ah', '7h']","['9d', '6h', '6s']",,,100,100
466,Flop,1,-2090,2090,DISCARD,0,"['5s', '4s']","['Ah', '7h']","['9d', '6h', '6s']",,,100,100
466,Flop,1,-2090,2090,CHECK,0,"['5s', '4s']","['5d', '7h']","['9d', '6h', '6s']",,Ah,100,100
466,Turn,0,-2090,2090,CHECK,0,"['5s', '4s']","['5d', '7h']","['9d', '6h', '6s', '4h']",,Ah,100,100
466,Turn,1,-2090,2090,CHECK,0,"['5s', '4s']","['5d', '7h']","['9d', '6h', '6s', '4h']",,Ah,100,100
466,River,0,-2090,2090,CHECK,0,"['5s', '4s']","['5d', '7h']","['9d', '6h', '6s', '4h', '2h']",,Ah,100,100
466,River,1,-2090,2090,CHECK,0,"['5s', '4s']","['5d', '7h']","['9d', '6h', '6s', '4h', '2h']",,Ah,100,100
467,Pre-Flop,1,-1990,1990,RAISE,2,"['2s', '3d']","['9s', 'As']","['7d', '8s']",,,1,1
467,Pre-Flop,0,-1990,1990,RAISE,96,"['2s', '3d']","['9s', 'As']","['7d', '8s']",,,2,2
467,Pre-Flop,1,-1990,1990,CALL,0,"['2s', '3d']","['9s', 'As']","['7d', '8s']",,,4,4
467,Pre-Flop,0,-1990,1990,CHECK,0,"['2s', '3d']","['9s', 'As']","['7d', '8s']",,,100,100
467,Flop,1,-1990,1990,CHECK,0,"['2s', '3d']","['9s', 'As']","['7d', '8s', '9d']",,,100,100
467,Flop,0,-1990,1990,CHECK,0,"['2s', '3d']","['9s', 'As']","['7d', '8s', '9d']",,,100,100
467,Turn,1,-1990,1990,CHECK,0,"['2s', '3d']","['9s', 'As']","['7d', '8s', '9d', '6h']",,,100,100
467,Turn,0,-1990,1990,CHECK,0,"['2s', '3d']","['9s', 'As']","['7d', '8s', '9d', '6h']",,,100,100
467,River,1,-1990,1990,CHECK,0,"['2s', '3d']","['9s', 'As']","['7d', '8s', '9d', '6h', '5d']",,,100,100
467,River,0,-1990,1990,CHECK,0,"['2s', '3d']","['9s', 'As']","['7d', '8s', '9d', '6h', '5d']",,,100,100
468,Pre-Flop,0,-2090,2090,RAISE,98,"['5h', '3d']","['3s', '3h']","['4s', '7d']",,,1,1
468,Pre-Flop,1,-2090,2090,CALL,0,"['5h', '3d']","['3s', '3h']","['4s', '7d']",,,2,2
468,Flop,0,-2090,2090,CHECK,0,"['5h', '3d']","['3s', '3h']","['4s', '7d', '7h']",,,100,100
468,Flop,1,-2090,2090,DISCARD,0,"['5h', '3d']","['3s', '3h']","['4s', '7d', '7h']",,,100,100
468,Flop,1,-2090,2090,CHECK,0,"['5h', '3d']","['3s', '5s']","['4s', '7d', '7h']",,3h,100,100
468,Turn,0,-2090,2090,CHECK,0,"['5h', '3d']","['3s', '5s']","['4s', '7d', '7h', '4h']",,3h,100,100
468,Turn,1,-2090,2090,CHECK,0,"['5h', '3d']","['3s', '5s']","['4s', '7d', '7h', '4h']",,3h,100,100
468,River,0,-2090,2090,CHECK,0,"['5h', '3d']","['3s', '5s']","['4s', '7d', '7h', '4h', '2h']",,3h,100,100
468,River,1,-2090,2090,CHECK,0,"['5h', '3d']","['3s', '5s']","['4s', '7d', '7h', '4h', '2h']",,3h,100,100
469,Pre-Flop,1,-2090,2090,RAISE,2,"['6s', '9s']","['2d', '7s']","['8d', '2h']",,,1,1
469,Pre-Flop,0,-2090,2090,RAISE,96,"['6s', '9s']","['2d', '7s']","['8d', '2h']",,,2,2
469,Pre-Flop,1,-2090,2090,CALL,0,"['6s', '9s']","['2d', '7s']","['8d', '2h']",,,4,4
469,Pre-Flop,0,-2090,2090,CHECK,0,"['6s', '9s']","['2d', '7s']","['8d', '2h']",,,100,100
469,Flop,1,-2090,2090,DISCARD,0,"['6s', '9s']","['2d', '7s']","['8d', '2h', '7d']",,,100,100
469,Flop,1,-2090,2090,CHECK,0,"['6s', '9s']","['2d', '5s']","['8d', '2h', '7d']",,7s,100,100
469,Flop,0,-2090,2090,CHECK,0,"['6s', '9s']","['2d', '5s']","['8d', '2h', '7d']",,7s,100,100
469,Turn,1,-2090,2090,CHECK,0,"['6s', '9s']","['2d', '5s']","['8d', '2h', '7d', '2s']",,7s,100,100
469,Turn,0,-2090,2090,CHECK,0,"['6s', '9s']","['2d', '5s']","['8d', '2h', '7d', '2s']",,7s,100,100
469,River,1,-2090,2090,CHECK,0,"['6s', '9s']","['2d', '5s']","['8d', '2h', '7d', '2s', '6h']",,7s,100,100
469,River,0,-2090,2090,CHECK,0,"['6s', '9s']","['2d', '5s']","['8d', '2h', '7d', '2s', '6h']",,7s,100,100
470,Pre-Flop,0,-2190,2190,RAISE,98,"['7s', '2d']","['6d', '8h']","['2h', '7h']",,,1,1
470,Pre-Flop,1,-2190,2190,CALL,0,"['7s', '2d']","['6d', '8h']","['2h', '7h']",,,2,2
470,Flop,0,-2190,2190,CHECK,0,"['7s', '2d']","['6d', '8h']","['2h', '7h', '8s']",,,100,100
470,Flop,1,-2190,2190,DISCARD,0,"['7s', '2d']","['6d', '8h']","['2h', '7h', '8s']",,,100,100
470,Flop,1,-2190,2190,CHECK,0,"['7s', '2d']","['3d', '8h']","['2h', '7h', '8s']",,6d,100,100
470,Turn,0,-2190,2190,CHECK,0,"['7s', '2d']","['3d', '8h']","['2h', '7h', '8s', '5d']",,6d,100,100
470,Turn,1,-2190,2190,CHECK,0,"['7s', '2d']","['3d', '8h']","['2h', '7h', '8s', '5d']",,6d,100,100
470,River,0,-2190,2190,CHECK,0,"['7s', '2d']","['3d', '8h']","['2h', '7h', '8s', '5d', '6h']",,6d,100,100
470,River,1,-2190,2190,CHECK,0,"['7s', '2d']","['3d', '8h']","['2h', '7h', '8s', '5d', '6h']",,6d,100,100
471,Pre-Flop,1,-2090,2090,RAISE,2,"['2h', '7d']","['6s', '6h']","['Ah', '4s']",,,1,1
471,Pre-Flop,0,-2090,2090,RAISE,96,"['2h', '7d']","['6s', '6h']","['Ah', '4s']",,,2,2
471,Pre-Flop,1,-2090,2090,DISCARD,0,"['2h', '7d']","['6s', '6h']","['Ah', '4s']",,,4,4
471,Pre-Flop,1,-2090,2090,CALL,0,"['2h', '7d']","['6s', 'As']","['Ah', '4s']",,6h,4,4
471,Pre-Flop,0,-2090,2090,CHECK,0,"['2h', '7d']","['6s', 'As']","['Ah', '4s']",,6h,100,100
471,Flop,1,-2090,2090,CHECK,0,"['2h', '7d']","['6s', 'As']","['Ah', '4s', '9s']",,6h,100,100
471,Flop,0,-2090,2090,CHECK,0,"['2h', '7d']","['6s', 'As']","['Ah', '4s', '9s']",,6h,100,100
471,Turn,1,-2090,2090,CHECK,0,"['2h', '7d']","['6s', 'As']","['Ah', '4s', '9s', '5d']",,6h,100,100
471,Turn,0,-2090,2090,CHECK,0,"['2h', '7d']","['6s', 'As']","['Ah', '4s', '9s', '5d']",,6h,100,100
471,River,1,-2090,2090,CHECK,0,"['2h', '7d']","['6s', 'As']","['Ah', '4s', '9s', '5d', '5s']",,6h,100,100
471,River,0,-2090,2090,CHECK,0,"['2h', '7d']","['6s', 'As']","['Ah', '4s', '9s', '5d', '5s']",,6h,100,100
472,Pre-Flop,0,-2190,2190,RAISE,98,"['Ah', '8s']","['As', '6s']","['5d', '8d']",,,1,1
472,Pre-Flop,1,-2190,2190,CALL,0,"['Ah', '8s']","['As', '6s']","['5d', '8d']",,,2,2
472,Flop,0,-2190,2190,CHECK,0,"['Ah', '8s']","['As', '6s']","['5d', '8d', '4h']",,,100,100
472,Flop,1,-2190,2190,DISCARD,0,"['Ah', '8s']","['As', '6s']","['5d', '8d', '4h']",,,100,100
472,Flop,1,-2190,2190,CHECK,0,"['Ah', '8s']","['As', '9s']","['5d', '8d', '4h']",,6s,100,100
472,Turn,0,-2190,2190,CHECK,0,"['Ah', '8s']","['As', '9s']","['5d', '8d', '4h', '3s']",,6s,100,100
472,Turn,1,-2190,2190,CHECK,0,"['Ah', '8s']","['As', '9s']","['5d', '8d', '4h', '3s']",,6s,100,100
472,River,0,-2190,2190,CHECK,0,"['Ah', '8s']","['As', '9s']","['5d', '8d', '4h', '3s', '6h']",,6s,100,100
472,River,1,-2190,2190,CHECK,0,"['Ah', '8s']","['As', '9s']","['5d', '8d', '4h', '3s', '6h']",,6s,100,100
473,Pre-Flop,1,-2090,2090,RAISE,3,"['Ad', '7s']","['2d', '8s']","['2h', '4s']",,,1,1
473,Pre-Flop,0,-2090,2090,RAISE,95,"['Ad', '7s']","['2d', '8s']","['2h', '4s']",,,2,2
473,Pre-Flop,1,-2090,2090,CALL,0,"['Ad', '7s']","['2d', '8s']","['2h', '4s']",,,5,5
473,Pre-Flop,0,-2090,2090,CHECK,0,"['Ad', '7s']","['2d', '8s']","['2h', '4s']",,,100,100
473,Flop,1,-2090,2090,DISCARD,0,"['Ad', '7s']","['2d', '8s']","['2h', '4s', 'As']",,,100,100
473,Flop,1,-2090,2090,CHECK,0,"['Ad', '7s']","['8h', '8s']","['2h', '4s', 'As']",,2d,100,100
473,Flop,0,-2090,2090,CHECK,0,"['Ad', '7s']","['8h', '8s']","['2h', '4s', 'As']",,2d,100,100
473,Turn,1,-2090,2090,CHECK,0,"['Ad', '7s']","['8h', '8s']","['2h', '4s', 'As', 'Ah']",,2d,100,100
473,Turn,0,-2090,2090,CHECK,0,"['Ad', '7s']","['8h', '8s']","['2h', '4s', 'As', 'Ah']",,2d,100,100
473,River,1,-2090,2090,CHECK,0,"['Ad', '7s']","['8h', '8s']","['2h', '4s', 'As', 'Ah', '7h']",,2d,100,100
473,River,0,-2090,2090,CHECK,0,"['Ad', '7s']","['8h', '8s']","['2h', '4s', 'As', 'Ah', '7h']",,2d,100,100
474,Pre-Flop,0,-1990,1990,RAISE,98,"['4h', '6s']","['8h', '7d']","['2h', '7s']",,,1,1
474,Pre-Flop,1,-1990,1990,CALL,0,"['4h', '6s']","['8h', '7d']","['2h', '7s']",,,2,2
474,Flop,0,-1990,1990,CHECK,0,"['4h', '6s']","['8h', '7d']","['2h', '7s', '9h']",,,100,100
474,Flop,1,-1990,1990,DISCARD,0,"['4h', '6s']","['8h', '7d']","['2h', '7s', '9h']",,,100,100
474,Flop,1,-1990,1990,CHECK,0,"['4h', '6s']","['8h', '5s']","['2h', '7s', '9h']",,7d,100,100
474,Turn,0,-1990,1990,CHECK,0,"['4h', '6s']","['8h', '5s']","['2h', '7s', '9h', '5d']",,7d,100,100
474,Turn,1,-1990,1990,CHECK,0,"['4h', '6s']","['8h', '5s']","['2h', '7s', '9h', '5d']",,7d,100,100
474,River,0,-1990,1990,CHECK,0,"['4h', '6s']","['8h', '5s']","['2h', '7s', '9h', '5d', '9s']",,7d,100,100
474,River,1,-1990,1990,CHECK,0,"['4h', '6s']","['8h', '5s']","['2h', '7s', '9h', '5d', '9s']",,7d,100,100
475,Pre-Flop,1,-2090,2090,RAISE,2,"['8d', '8h']","['6d', '3s']","['4s', 'Ad']",,,1,1
475,Pre-Flop,0,-2090,2090,RAISE,96,"['8d', '8h']","['6d', '3s']","['4s', 'Ad']",,,2,2
475,Pre-Flop,1,-2090,2090,CALL,0,"['8d', '8h']","['6d', '3s']","['4s', 'Ad']",,,4,4
475,Pre-Flop,0,-2090,2090,CHECK,0,"['8d', '8h']","['6d', '3s']","['4s', 'Ad']",,,100,100
475,Flop,1,-2090,2090,DISCARD,0,"['8d', '8h']","['6d', '3s']","['4s', 'Ad', '6s']",,,100,100
475,Flop,1,-2090,2090,CHECK,0,"['8d', '8h']","['2s', '3s']","['4s', 'Ad', '6s']",,6d,100,100
475,Flop,0,-2090,2090,CHECK,0,"['8d', '8h']","['2s', '3s']","['4s', 'Ad', '6s']",,6d,100,100
475,Turn,1,-2090,2090,CHECK,0,"['8d', '8h']","['2s', '3s']","['4s', 'Ad', '6s', '9s']",,6d,100,100
475,Turn,0,-2090,2090,CHECK,0,"['8d', '8h']","['2s', '3s']","['4s', 'Ad', '6s', '9s']",,6d,100,100
475,River,1,-2090,2090,CHECK,0,"['8d', '8h']","['2s', '3s']","['4s', 'Ad', '6s', '9s', '3h']",,6d,100,100
475,River,0,-2090,2090,CHECK,0,"['8d', '8h']","['2s', '3s']","['4s', 'Ad', '6s', '9s', '3h']",,6d,100,100
476,Pre-Flop,0,-2190,2190,RAISE,98,"['7d', '4s']","['5s', '6h']","['2s', '9d']",,,1,1
476,Pre-Flop,1,-2190,2190,CALL,0,"['7d', '4s']","['5s', '6h']","['2s', '9d']",,,2,2
476,Flop,0,-2190,2190,CHECK,0,"['7d', '4s']","['5s', '6h']","['2s', '9d', '8s']",,,100,100
476,Flop,1,-2190,2190,DISCARD,0,"['7d', '4s']","['5s', '6h']","['2s', '9d', '8s']",,,100,100
476,Flop,1,-2190,2190,CHECK,0,"['7d', '4s']","['5s', '3h']","['2s', '9d', '8s']",,6h,100,100
476,Turn,0,-2190,2190,CHECK,0,"['7d', '4s']","['5s', '3h']","['2s', '9d', '8s', '3d']",,6h,100,100
476,Turn,1,-2190,2190,CHECK,0,"['7d', '4s']","['5s', '3h']","['2s', '9d', '8s', '3d']",,6h,100,100
476,River,0,-2190,2190,CHECK,0,"['7d', '4s']","['5s', '3h']","['2s', '9d', '8s', '3d', '5h']",,6h,100,100
476,River,1,-2190,2190,CHECK,0,"['7d', '4s']","['5s', '3h']","['2s', '9d', '8s', '3d', '5h']",,6h,100,100
477,Pre-Flop,1,-2290,2290,RAISE,2,"['5h', 'Ad']","['As', '9d']","['2s', '8h']",,,1,1
477,Pre-Flop,0,-2290,2290,RAISE,96,"['5h', 'Ad']","['As', '9d']","['2s', '8h']",,,2,2
477,Pre-Flop,1,-2290,2290,CALL,0,"['5h', 'Ad']","['As', '9d']","['2s', '8h']",,,4,4
477,Pre-Flop,0,-2290,2290,CHECK,0,"['5h', 'Ad']","['As', '9d']","['2s', '8h']",,,100,100
477,Flop,1,-2290,2290,DISCARD,0,"['5h', 'Ad']","['As', '9d']","['2s', '8h', '2d']",,,100,100
477,Flop,1,-2290,2290,CHECK,0,"['5h', 'Ad']","['As', '6d']","['2s', '8h', '2d']",,9d,100,100
477,Flop,0,-2290,2290,CHECK,0,"['5h', 'Ad']","['As', '6d']","['2s', '8h', '2d']",,9d,100,100
477,Turn,1,-2290,2290,CHECK,0,"['5h', 'Ad']","['As', '6d']","['2s', '8h', '2d', '9h']",,9d,100,100
477,Turn,0,-2290,2290,CHECK,0,"['5h', 'Ad']","['As', '6d']","['2s', '8h', '2d', '9h']",,9d,100,100
477,River,1,-2290,2290,CHECK,0,"['5h', 'Ad']","['As', '6d']","['2s', '8h', '2d', '9h', '4h']",,9d,100,100
477,River,0,-2290,2290,CHECK,0,"['5h', 'Ad']","['As', '6d']","['2s', '8h', '2d', '9h', '4h']",,9d,100,100
478,Pre-Flop,0,-2290,2290,RAISE,98,"['5d', '2h']","['4d', '4s']","['9d', '9s']",,,1,1
478,Pre-Flop,1,-2290,2290,CALL,0,"['5d', '2h']","['4d', '4s']","['9d', '9s']",,,2,2
478,Flop,0,-2290,2290,CHECK,0,"['5d', '2h']","['4d', '4s']","['9d', '9s', '2d']",,,100,100
478,Flop,1,-2290,2290,DISCARD,0,"['5d', '2h']","['4d', '4s']","['9d', '9s', '2d']",,,100,100
478,Flop,1,-2290,2290,CHECK,0,"['5d', '2h']","['4d', '9h']","['9d', '9s', '2d']",,4s,100,100
478,Turn,0,-2290,2290,CHECK,0,"['5d', '2h']","['4d', '9h']","['9d', '9s', '2d', '7d']",,4s,100,100
478,Turn,1,-2290,2290,CHECK,0,"['5d', '2h']","['4d', '9h']","['9d', '9s', '2d', '7d']",,4s,100,100
478,River,0,-2290,2290,CHECK,0,"['5d', '2h']","['4d', '9h']","['9d', '9s', '2d', '7d', 'Ad']",,4s,100,100
478,River,1,-2290,2290,CHECK,0,"['5d', '2h']","['4d', '9h']","['9d', '9s', '2d', '7d', 'Ad']",,4s,100,100
479,Pre-Flop,1,-2190,2190,RAISE,2,"['2d', '9d']","['6s', '6d']","['3d', '4h']",,,1,1
479,Pre-Flop,0,-2190,2190,RAISE,96,"['2d', '9d']","['6s', '6d']","['3d', '4h']",,,2,2
479,Pre-Flop,1,-2190,2190,CALL,0,"['2d', '9d']","['6s', '6d']","['3d', '4h']",,,4,4
479,Pre-Flop,0,-2190,2190,CHECK,0,"['2d', '9d']","['6s', '6d']","['3d', '4h']",,,100,100
479,Flop,1,-2190,2190,DISCARD,0,"['2d', '9d']","['6s', '6d']","['3d', '4h', '3h']",,,100,100
479,Flop,1,-2190,2190,CHECK,0,"['2d', '9d']","['6s', '7d']","['3d', '4h', '3h']",,6d,100,100
479,Flop,0,-2190,2190,CHECK,0,"['2d', '9d']","['6s', '7d']","['3d', '4h', '3h']",,6d,100,100
479,Turn,1,-2190,2190,CHECK,0,"['2d', '9d']","['6s', '7d']","['3d', '4h', '3h', '2h']",,6d,100,100
479,Turn,0,-2190,2190,CHECK,0,"['2d', '9d']","['6s', '7d']","['3d', '4h', '3h', '2h']",,6d,100,100
479,River,1,-2190,2190,CHECK,0,"['2d', '9d']","['6s', '7d']","['3d', '4h', '3h', '2h', '8d']",,6d,100,100
479,River,0,-2190,2190,CHECK,0,"['2d', '9d']","['6s', '7d']","['3d', '4h', '3h', '2h', '8d']",,6d,100,100
480,Pre-Flop,0,-2090,2090,RAISE,98,"['8h', '5d']","['9s', '5s']","['2h', '7s']",,,1,1
480,Pre-Flop,1,-2090,2090,CALL,0,"['8h', '5d']","['9s', '5s']","['2h', '7s']",,,2,2
480,Flop,0,-2090,2090,CHECK,0,"['8h', '5d']","['9s', '5s']","['2h', '7s', 'As']",,,100,100
480,Flop,1,-2090,2090,CHECK,0,"['8h', '5d']","['9s', '5s']","['2h', '7s', 'As']",,,100,100
480,Turn,0,-2090,2090,CHECK,0,"['8h', '5d']","['9s', '5s']","['2h', '7s', 'As', '2s']",,,100,100
480,Turn,1,-2090,2090,CHECK,0,"['8h', '5d']","['9s', '5s']","['2h', '7s', 'As', '2s']",,,100,100
480,River,0,-2090,2090,CHECK,0,"['8h', '5d']","['9s', '5s']","['2h', '7s', 'As', '2s', '3s']",,,100,100
480,River,1,-2090,2090,CHECK,0,"['8h', '5d']","['9s', '5s']","['2h', '7s', 'As', '2s', '3s']",,,100,100
481,Pre-Flop,1,-2190,2190,RAISE,2,"['7s', '2d']","['5s', '4h']","['Ad', '4s']",,,1,1
481,Pre-Flop,0,-2190,2190,RAISE,96,"['7s', '2d']","['5s', '4h']","['Ad', '4s']",,,2,2
481,Pre-Flop,1,-2190,2190,CALL,0,"['7s', '2d']","['5s', '4h']","['Ad', '4s']",,,4,4
481,Pre-Flop,0,-2190,2190,CHECK,0,"['7s', '2d']","['5s', '4h']","['Ad', '4s']",,,100,100
481,Flop,1,-2190,2190,DISCARD,0,"['7s', '2d']","['5s', '4h']","['Ad', '4s', '6d']",,,100,100
481,Flop,1,-2190,2190,CHECK,0,"['7s', '2d']","['5s', '6s']","['Ad', '4s', '6d']",,4h,100,100
481,Flop,0,-2190,2190,CHECK,0,"['7s', '2d']","['5s', '6s']","['Ad', '4s', '6d']",,4h,100,100
481,Turn,1,-2190,2190,CHECK,0,"['7s', '2d']","['5s', '6s']","['Ad', '4s', '6d', '2h']",,4h,100,100
481,Turn,0,-2190,2190,CHECK,0,"['7s', '2d']","['5s', '6s']","['Ad', '4s', '6d', '2h']",,4h,100,100
481,River,1,-2190,2190,CHECK,0,"['7s', '2d']","['5s', '6s']","['Ad', '4s', '6d', '2h', '3d']",,4h,100,100
481,River,0,-2190,2190,CHECK,0,"['7s', '2d']","['5s', '6s']","['Ad', '4s', '6d', '2h', '3d']",,4h,100,100
482,Pre-Flop,0,-2290,2290,RAISE,98,"['7s', '9h']","['5h', '5d']","['2h', '8h']",,,1,1
482,Pre-Flop,1,-2290,2290,CALL,0,"['7s', '9h']","['5h', '5d']","['2h', '8h']",,,2,2
482,Flop,0,-2290,2290,CHECK,0,"['7s', '9h']","['5h', '5d']","['2h', '8h', '9s']",,,100,100
482,Flop,1,-2290,2290,DISCARD,0,"['7s', '9h']","['5h', '5d']","['2h', '8h', '9s']",,,100,100
482,Flop,1,-2290,2290,CHECK,0,"['7s', '9h']","['5h', 'As']","['2h', '8h', '9s']",,5d,100,100
482,Turn,0,-2290,2290,CHECK,0,"['7s', '9h']","['5h', 'As']","['2h', '8h', '9s', '3s']",,5d,100,100
482,Turn,1,-2290,2290,CHECK,0,"['7s', '9h']","['5h', 'As']","['2h', '8h', '9s', '3s']",,5d,100,100
482,River,0,-2290,2290,CHECK,0,"['7s', '9h']","['5h', 'As']","['2h', '8h', '9s', '3s', '7h']",,5d,100,100
482,River,1,-2290,2290,CHECK,0,"['7s', '9h']","['5h', 'As']","['2h', '8h', '9s', '3s', '7h']",,5d,100,100
483,Pre-Flop,1,-2190,2190,RAISE,3,"['9s', '8d']","['6d', '3d']","['4s', '2h']",,,1,1
483,Pre-Flop,0,-2190,2190,RAISE,95,"['9s', '8d']","['6d', '3d']","['4s', '2h']",,,2,2
483,Pre-Flop,1,-2190,2190,DISCARD,0,"['9s', '8d']","['6d', '3d']","['4s', '2h']",,,5,5
483,Pre-Flop,1,-2190,2190,CALL,0,"['9s', '8d']","['6d', '9d']","['4s', '2h']",,3d,5,5
483,Pre-Flop,0,-2190,2190,CHECK,0,"['9s', '8d']","['6d', '9d']","['4s', '2h']",,3d,100,100
483,Flop,1,-2190,2190,CHECK,0,"['9s', '8d']","['6d', '9d']","['4s', '2h', '4d']",,3d,100,100
483,Flop,0,-2190,2190,CHECK,0,"['9s', '8d']","['6d', '9d']","['4s', '2h', '4d']",,3d,100,100
483,Turn,1,-2190,2190,CHECK,0,"['9s', '8d']","['6d', '9d']","['4s', '2h', '4d', '5s']",,3d,100,100
483,Turn,0,-2190,2190,CHECK,0,"['9s', '8d']","['6d', '9d']","['4s', '2h', '4d', '5s']",,3d,100,100
483,River,1,-2190,2190,CHECK,0,"['9s', '8d']","['6d', '9d']","['4s', '2h', '4d', '5s', '5d']",,3d,100,100
483,River,0,-2190,2190,CHECK,0,"['9s', '8d']","['6d', '9d']","['4s', '2h', '4d', '5s', '5d']",,3d,100,100
484,Pre-Flop,0,-2190,2190,RAISE,98,"['2s', '4h']","['Ah', '8d']","['3s', 'Ad']",,,1,1
484,Pre-Flop,1,-2190,2190,CALL,0,"['2s', '4h']","['Ah', '8d']","['3s', 'Ad']",,,2,2
484,Flop,0,-2190,2190,CHECK,0,"['2s', '4h']","['Ah', '8d']","['3s', 'Ad', '7s']",,,100,100
484,Flop,1,-2190,2190,DISCARD,0,"['2s', '4h']","['Ah', '8d']","['3s', 'Ad', '7s']",,,100,100
484,Flop,1,-2190,2190,CHECK,0,"['2s', '4h']","['4d', '8d']","['3s', 'Ad', '7s']",,Ah,100,100
484,Turn,0,-2190,2190,CHECK,0,"['2s', '4h']","['4d', '8d']","['3s', 'Ad', '7s', '2d']",,Ah,100,100
484,Turn,1,-2190,2190,CHECK,0,"['2s', '4h']","['4d', '8d']","['3s', 'Ad', '7s', '2d']",,Ah,100,100
484,River,0,-2190,2190,CHECK,0,"['2s', '4h']","['4d', '8d']","['3s', 'Ad', '7s', '2d', '5s']",,Ah,100,100
484,River,1,-2190,2190,CHECK,0,"['2s', '4h']","['4d', '8d']","['3s', 'Ad', '7s', '2d', '5s']",,Ah,100,100
485,Pre-Flop,1,-2190,2190,RAISE,3,"['3s', '4h']","['9h', '8h']","['5d', '7h']",,,1,1
485,Pre-Flop,0,-2190,2190,RAISE,95,"['3s', '4h']","['9h', '8h']","['5d', '7h']",,,2,2
485,Pre-Flop,1,-2190,2190,CALL,0,"['3s', '4h']","['9h', '8h']","['5d', '7h']",,,5,5
485,Pre-Flop,0,-2190,2190,CHECK,0,"['3s', '4h']","['9h', '8h']","['5d', '7h']",,,100,100
485,Flop,1,-2190,2190,CHECK,0,"['3s', '4h']","['9h', '8h']","['5d', '7h', '5h']",,,100,100
485,Flop,0,-2190,2190,CHECK,0,"['3s', '4h']","['9h', '8h']","['5d', '7h', '5h']",,,100,100
485,Turn,1,-2190,2190,CHECK,0,"['3s', '4h']","['9h', '8h']","['5d', '7h', '5h', 'Ad']",,,100,100
485,Turn,0,-2190,2190,CHECK,0,"['3s', '4h']","['9h', '8h']","['5d', '7h', '5h', 'Ad']",,,100,100
485,River,1,-2190,2190,CHECK,0,"['3s', '4h']","['9h', '8h']","['5d', '7h', '5h', 'Ad', '3d']",,,100,100
485,River,0,-2190,2190,CHECK,0,"['3s', '4h']","['9h', '8h']","['5d', '7h', '5h', 'Ad', '3d']",,,100,100
486,Pre-Flop,0,-2090,2090,RAISE,98,"['2s', '9h']","['2d', '6s']","['9s', '4d']",,,1,1
486,Pre-Flop,1,-2090,2090,CALL,0,"['2s', '9h']","['2d', '6s']","['9s', '4d']",,,2,2
486,Flop,0,-2090,2090,CHECK,0,"['2s', '9h']","['2d', '6s']","['9s', '4d', '9d']",,,100,100
486,Flop,1,-2090,2090,DISCARD,0,"['2s', '9h']","['2d', '6s']","['9s', '4d', '9d']",,,100,100
486,Flop,1,-2090,2090,CHECK,0,"['2s', '9h']","['2d', '7h']","['9s', '4d', '9d']",,6s,100,100
486,Turn,0,-2090,2090,CHECK,0,"['2s', '9h']","['2d', '7h']","['9s', '4d', '9d', '7d']",,6s,100,100
486,Turn,1,-2090,2090,CHECK,0,"['2s', '9h']","['2d', '7h']","['9s', '4d', '9d', '7d']",,6s,100,100
486,River,0,-2090,2090,CHECK,0,"['2s', '9h']","['2d', '7h']","['9s', '4d', '9d', '7d', '7s']",,6s,100,100
486,River,1,-2090,2090,CHECK,0,"['2s', '9h']","['2d', '7h']","['9s', '4d', '9d', '7d', '7s']",,6s,100,100
487,Pre-Flop,1,-1990,1990,RAISE,3,"['9d', 'Ad']","['6s', '5s']","['2d', 'Ah']",,,1,1
487,Pre-Flop,0,-1990,1990,RAISE,95,"['9d', 'Ad']","['6s', '5s']","['2d', 'Ah']",,,2,2
487,Pre-Flop,1,-1990,1990,CALL,0,"['9d', 'Ad']","['6s', '5s']","['2d', 'Ah']",,,5,5
487,Pre-Flop,0,-1990,1990,CHECK,0,"['9d', 'Ad']","['6s', '5s']","['2d', 'Ah']",,,100,100
487,Flop,1,-1990,1990,CHECK,0,"['9d', 'Ad']","['6s', '5s']","['2d', 'Ah', '9h']",,,100,100
487,Flop,0,-1990,1990,CHECK,0,"['9d', 'Ad']","['6s', '5s']","['2d', 'Ah', '9h']",,,100,100
487,Turn,1,-1990,1990,CHECK,0,"['9d', 'Ad']","['6s', '5s']","['2d', 'Ah', '9h', '4d']",,,100,100
487,Turn,0,-1990,1990,CHECK,0,"['9d', 'Ad']","['6s', '5s']","['2d', 'Ah', '9h', '4d']",,,100,100
487,River,1,-1990,1990,CHECK,0,"['9d', 'Ad']","['6s', '5s']","['2d', 'Ah', '9h', '4d', '3s']",,,100,100
487,River,0,-1990,1990,CHECK,0,"['9d', 'Ad']","['6s', '5s']","['2d', 'Ah', '9h', '4d', '3s']",,,100,100
488,Pre-Flop,0,-2090,2090,RAISE,98,"['2h', '4s']","['4d', '6d']","['Ah', 'Ad']",,,1,1
488,Pre-Flop,1,-2090,2090,CALL,0,"['2h', '4s']","['4d', '6d']","['Ah', 'Ad']",,,2,2
488,Flop,0,-2090,2090,CHECK,0,"['2h', '4s']","['4d', '6d']","['Ah', 'Ad', '5h']",,,100,100
488,Flop,1,-2090,2090,DISCARD,0,"['2h', '4s']","['4d', '6d']","['Ah', 'Ad', '5h']",,,100,100
488,Flop,1,-2090,2090,CHECK,0,"['2h', '4s']","['2s', '6d']","['Ah', 'Ad', '5h']",,4d,100,100
488,Turn,0,-2090,2090,CHECK,0,"['2h', '4s']","['2s', '6d']","['Ah', 'Ad', '5h', '5d']",,4d,100,100
488,Turn,1,-2090,2090,CHECK,0,"['2h', '4s']","['2s', '6d']","['Ah', 'Ad', '5h', '5d']",,4d,100,100
488,River,0,-2090,2090,CHECK,0,"['2h', '4s']","['2s', '6d']","['Ah', 'Ad', '5h', '5d', '5s']",,4d,100,100
488,River,1,-2090,2090,CHECK,0,"['2h', '4s']","['2s', '6d']","['Ah', 'Ad', '5h', '5d', '5s']",,4d,100,100
489,Pre-Flop,1,-2090,2090,RAISE,2,"['2s', '4h']","['3h', '3d']","['9d', '2d']",,,1,1
489,Pre-Flop,0,-2090,2090,RAISE,96,"['2s', '4h']","['3h', '3d']","['9d', '2d']",,,2,2
489,Pre-Flop,1,-2090,2090,CALL,0,"['2s', '4h']","['3h', '3d']","['9d', '2d']",,,4,4
489,Pre-Flop,0,-2090,2090,CHECK,0,"['2s', '4h']","['3h', '3d']","['9d', '2d']",,,100,100
489,Flop,1,-2090,2090,DISCARD,0,"['2s', '4h']","['3h', '3d']","['9d', '2d', '4d']",,,100,100
489,Flop,1,-2090,2090,CHECK,0,"['2s', '4h']","['6h', '3d']","['9d', '2d', '4d']",,3h,100,100
489,Flop,0,-2090,2090,CHECK,0,"['2s', '4h']","['6h', '3d']","['9d', '2d', '4d']",,3h,100,100
489,Turn,1,-2090,2090,CHECK,0,"['2s', '4h']","['6h', '3d']","['9d', '2d', '4d', 'Ad']",,3h,100,100
489,Turn,0,-2090,2090,CHECK,0,"['2s', '4h']","['6h', '3d']","['9d', '2d', '4d', 'Ad']",,3h,100,100
489,River,1,-2090,2090,CHECK,0,"['2s', '4h']","['6h', '3d']","['9d', '2d', '4d', 'Ad', '9h']",,3h,100,100
489,River,0,-2090,2090,CHECK,0,"['2s', '4h']","['6h', '3d']","['9d', '2d', '4d', 'Ad', '9h']",,3h,100,100
490,Pre-Flop,0,-2190,2190,RAISE,98,"['3h', '4h']","['4d', '2s']","['5s', '9h']",,,1,1
490,Pre-Flop,1,-2190,2190,CALL,0,"['3h', '4h']","['4d', '2s']","['5s', '9h']",,,2,2
490,Flop,0,-2190,2190,CHECK,0,"['3h', '4h']","['4d', '2s']","['5s', '9h', '8d']",,,100,100
490,Flop,1,-2190,2190,DISCARD,0,"['3h', '4h']","['4d', '2s']","['5s', '9h', '8d']",,,100,100
490,Flop,1,-2190,2190,CHECK,0,"['3h', '4h']","['7s', '2s']","['5s', '9h', '8d']",,4d,100,100
490,Turn,0,-2190,2190,CHECK,0,"['3h', '4h']","['7s', '2s']","['5s', '9h', '8d', '8s']",,4d,100,100
490,Turn,1,-2190,2190,CHECK,0,"['3h', '4h']","['7s', '2s']","['5s', '9h', '8d', '8s']",,4d,100,100
490,River,0,-2190,2190,CHECK,0,"['3h', '4h']","['7s', '2s']","['5s', '9h', '8d', '8s', '9d']",,4d,100,100
490,River,1,-2190,2190,CHECK,0,"['3h', '4h']","['7s', '2s']","['5s', '9h', '8d', '8s', '9d']",,4d,100,100
491,Pre-Flop,1,-2290,2290,DISCARD,0,"['2s', '3s']","['6h', '7h']","['2d', '8s']",,,1,1
491,Pre-Flop,1,-2290,2290,RAISE,2,"['2s', '3s']","['6h', '7s']","['2d', '8s']",,7h,1,1
491,Pre-Flop,0,-2290,2290,RAISE,96,"['2s', '3s']","['6h', '7s']","['2d', '8s']",,7h,2,2
491,Pre-Flop,1,-2290,2290,CALL,0,"['2s', '3s']","['6h', '7s']","['2d', '8s']",,7h,4,4
491,Pre-Flop,0,-2290,2290,CHECK,0,"['2s', '3s']","['6h', '7s']","['2d', '8s']",,7h,100,100
491,Flop,1,-2290,2290,CHECK,0,"['2s', '3s']","['6h', '7s']","['2d', '8s', '9d']",,7h,100,100
491,Flop,0,-2290,2290,CHECK,0,"['2s', '3s']","['6h', '7s']","['2d', '8s', '9d']",,7h,100,100
491,Turn,1,-2290,2290,CHECK,0,"['2s', '3s']","['6h', '7s']","['2d', '8s', '9d', '8h']",,7h,100,100
491,Turn,0,-2290,2290,CHECK,0,"['2s', '3s']","['6h', '7s']","['2d', '8s', '9d', '8h']",,7h,100,100
491,River,1,-2290,2290,CHECK,0,"['2s', '3s']","['6h', '7s']","['2d', '8s', '9d', '8h', '9s']",,7h,100,100
491,River,0,-2290,2290,CHECK,0,"['2s', '3s']","['6h', '7s']","['2d', '8s', '9d', '8h', '9s']",,7h,100,100
492,Pre-Flop,0,-2390,2390,RAISE,98,"['3d', '7d']","['6s', 'As']","['7s', '4s']",,,1,1
492,Pre-Flop,1,-2390,2390,CALL,0,"['3d', '7d']","['6s', 'As']","['7s', '4s']",,,2,2
492,Flop,0,-2390,2390,CHECK,0,"['3d', '7d']","['6s', 'As']","['7s', '4s', '4d']",,,100,100
492,Flop,1,-2390,2390,DISCARD,0,"['3d', '7d']","['6s', 'As']","['7s', '4s', '4d']",,,100,100
492,Flop,1,-2390,2390,CHECK,0,"['3d', '7d']","['2s', 'As']","['7s', '4s', '4d']",,6s,100,100
492,Turn,0,-2390,2390,CHECK,0,"['3d', '7d']","['2s', 'As']","['7s', '4s', '4d', '9s']",,6s,100,100
492,Turn,1,-2390,2390,CHECK,0,"['3d', '7d']","['2s', 'As']","['7s', '4s', '4d', '9s']",,6s,100,100
492,River,0,-2390,2390,CHECK,0,"['3d', '7d']","['2s', 'As']","['7s', '4s', '4d', '9s', '8h']",,6s,100,100
492,River,1,-2390,2390,CHECK,0,"['3d', '7d']","['2s', 'As']","['7s', '4s', '4d', '9s', '8h']",,6s,100,100
493,Pre-Flop,1,-2490,2490,RAISE,2,"['4d', '5h']","['5s', '8h']","['7s', '7h']",,,1,1
493,Pre-Flop,0,-2490,2490,RAISE,96,"['4d', '5h']","['5s', '8h']","['7s', '7h']",,,2,2
493,Pre-Flop,1,-2490,2490,CALL,0,"['4d', '5h']","['5s', '8h']","['7s', '7h']",,,4,4
493,Pre-Flop,0,-2490,2490,CHECK,0,"['4d', '5h']","['5s', '8h']","['7s', '7h']",,,100,100
493,Flop,1,-2490,2490,DISCARD,0,"['4d', '5h']","['5s', '8h']","['7s', '7h', '9d']",,,100,100
493,Flop,1,-2490,2490,CHECK,0,"['4d', '5h']","['5s', '9s']","['7s', '7h', '9d']",,8h,100,100
493,Flop,0,-2490,2490,CHECK,0,"['4d', '5h']","['5s', '9s']","['7s', '7h', '9d']",,8h,100,100
493,Turn,1,-2490,2490,CHECK,0,"['4d', '5h']","['5s', '9s']","['7s', '7h', '9d', '6d']",,8h,100,100
493,Turn,0,-2490,2490,CHECK,0,"['4d', '5h']","['5s', '9s']","['7s', '7h', '9d', '6d']",,8h,100,100
493,River,1,-2490,2490,CHECK,0,"['4d', '5h']","['5s', '9s']","['7s', '7h', '9d', '6d', '4h']",,8h,100,100
493,River,0,-2490,2490,CHECK,0,"['4d', '5h']","['5s', '9s']","['7s', '7h', '9d', '6d', '4h']",,8h,100,100
494,Pre-Flop,0,-2590,2590,RAISE,98,"['Ad', '3d']","['7d', 'As']","['4s', '9h']",,,1,1
494,Pre-Flop,1,-2590,2590,DISCARD,0,"['Ad', '3d']","['7d', 'As']","['4s', '9h']",,,2,2
494,Pre-Flop,1,-2590,2590,CALL,0,"['Ad', '3d']","['Ah', 'As']","['4s', '9h']",,7d,2,2
494,Flop,0,-2590,2590,CHECK,0,"['Ad', '3d']","['Ah', 'As']","['4s', '9h', '5s']",,7d,100,100
494,Flop,1,-2590,2590,CHECK,0,"['Ad', '3d']","['Ah', 'As']","['4s', '9h', '5s']",,7d,100,100
494,Turn,0,-2590,2590,CHECK,0,"['Ad', '3d']","['Ah', 'As']","['4s', '9h', '5s', '2d']",,7d,100,100
494,Turn,1,-2590,2590,CHECK,0,"['Ad', '3d']","['Ah', 'As']","['4s', '9h', '5s', '2d']",,7d,100,100
494,River,0,-2590,2590,CHECK,0,"['Ad', '3d']","['Ah', 'As']","['4s', '9h', '5s', '2d', '8d']",,7d,100,100
494,River,1,-2590,2590,CHECK,0,"['Ad', '3d']","['Ah', 'As']","['4s', '9h', '5s', '2d', '8d']",,7d,100,100
495,Pre-Flop,1,-2490,2490,CALL,0,"['9s', '5s']","['8h', '4d']","['As', '7d']",,,1,1
495,Pre-Flop,0,-2490,2490,RAISE,98,"['9s', '5s']","['8h', '4d']","['As', '7d']",,,2,2
495,Pre-Flop,1,-2490,2490,DISCARD,0,"['9s', '5s']","['8h', '4d']","['As', '7d']",,,2,2
495,Pre-Flop,1,-2490,2490,CALL,0,"['9s', '5s']","['8h', '6d']","['As', '7d']",,4d,2,2
495,Pre-Flop,0,-2490,2490,CHECK,0,"['9s', '5s']","['8h', '6d']","['As', '7d']",,4d,100,100
495,Flop,1,-2490,2490,CHECK,0,"['9s', '5s']","['8h', '6d']","['As', '7d', '6s']",,4d,100,100
495,Flop,0,-2490,2490,CHECK,0,"['9s', '5s']","['8h', '6d']","['As', '7d', '6s']",,4d,100,100
495,Turn,1,-2490,2490,CHECK,0,"['9s', '5s']","['8h', '6d']","['As', '7d', '6s', '8d']",,4d,100,100
495,Turn,0,-2490,2490,CHECK,0,"['9s', '5s']","['8h', '6d']","['As', '7d', '6s', '8d']",,4d,100,100
495,River,1,-2490,2490,CHECK,0,"['9s', '5s']","['8h', '6d']","['As', '7d', '6s', '8d', '6h']",,4d,100,100
495,River,0,-2490,2490,CHECK,0,"['9s', '5s']","['8h', '6d']","['As', '7d', '6s', '8d', '6h']",,4d,100,100
496,Pre-Flop,0,-2590,2590,RAISE,98,"['7s', '3s']","['6d', '5s']","['3h', '9d']",,,1,1
496,Pre-Flop,1,-2590,2590,CALL,0,"['7s', '3s']","['6d', '5s']","['3h', '9d']",,,2,2
496,Flop,0,-2590,2590,CHECK,0,"['7s', '3s']","['6d', '5s']","['3h', '9d', '2d']",,,100,100
496,Flop,1,-2590,2590,DISCARD,0,"['7s', '3s']","['6d', '5s']","['3h', '9d', '2d']",,,100,100
496,Flop,1,-2590,2590,CHECK,0,"['7s', '3s']","['6d', '7d']","['3h', '9d', '2d']",,5s,100,100
496,Turn,0,-2590,2590,CHECK,0,"['7s', '3s']","['6d', '7d']","['3h', '9d', '2d', '3d']",,5s,100,100
496,Turn,1,-2590,2590,CHECK,0,"['7s', '3s']","['6d', '7d']","['3h', '9d', '2d', '3d']",,5s,100,100
496,River,0,-2590,2590,CHECK,0,"['7s', '3s']","['6d', '7d']","['3h', '9d', '2d', '3d', '5d']",,5s,100,100
496,River,1,-2590,2590,CHECK,0,"['7s', '3s']","['6d', '7d']","['3h', '9d', '2d', '3d', '5d']",,5s,100,100
497,Pre-Flop,1,-2690,2690,RAISE,2,"['9s', '6h']","['6s', '5h']","['4h', '2s']",,,1,1
497,Pre-Flop,0,-2690,2690,RAISE,96,"['9s', '6h']","['6s', '5h']","['4h', '2s']",,,2,2
497,Pre-Flop,1,-2690,2690,CALL,0,"['9s', '6h']","['6s', '5h']","['4h', '2s']",,,4,4
497,Pre-Flop,0,-2690,2690,CHECK,0,"['9s', '6h']","['6s', '5h']","['4h', '2s']",,,100,100
497,Flop,1,-2690,2690,DISCARD,0,"['9s', '6h']","['6s', '5h']","['4h', '2s', '2h']",,,100,100
497,Flop,1,-2690,2690,CHECK,0,"['9s', '6h']","['6s', '7d']","['4h', '2s', '2h']",,5h,100,100
497,Flop,0,-2690,2690,CHECK,0,"['9s', '6h']","['6s', '7d']","['4h', '2s', '2h']",,5h,100,100
497,Turn,1,-2690,2690,CHECK,0,"['9s', '6h']","['6s', '7d']","['4h', '2s', '2h', '8s']",,5h,100,100
497,Turn,0,-2690,2690,CHECK,0,"['9s', '6h']","['6s', '7d']","['4h', '2s', '2h', '8s']",,5h,100,100
497,River,1,-2690,2690,CHECK,0,"['9s', '6h']","['6s', '7d']","['4h', '2s', '2h', '8s', '9h']",,5h,100,100
497,River,0,-2690,2690,CHECK,0,"['9s', '6h']","['6s', '7d']","['4h', '2s', '2h', '8s', '9h']",,5h,100,100
498,Pre-Flop,0,-2590,2590,RAISE,98,"['3d', 'Ad']","['2h', '7h']","['6h', '9s']",,,1,1
498,Pre-Flop,1,-2590,2590,CALL,0,"['3d', 'Ad']","['2h', '7h']","['6h', '9s']",,,2,2
498,Flop,0,-2590,2590,CHECK,0,"['3d', 'Ad']","['2h', '7h']","['6h', '9s', '4d']",,,100,100
498,Flop,1,-2590,2590,DISCARD,0,"['3d', 'Ad']","['2h', '7h']","['6h', '9s', '4d']",,,100,100
498,Flop,1,-2590,2590,CHECK,0,"['3d', 'Ad']","['9d', '7h']","['6h', '9s', '4d']",,2h,100,100
498,Turn,0,-2590,2590,CHECK,0,"['3d', 'Ad']","['9d', '7h']","['6h', '9s', '4d', '3s']",,2h,100,100
498,Turn,1,-2590,2590,CHECK,0,"['3d', 'Ad']","['9d', '7h']","['6h', '9s', '4d', '3s']",,2h,100,100
498,River,0,-2590,2590,CHECK,0,"['3d', 'Ad']","['9d', '7h']","['6h', '9s', '4d', '3s', '5h']",,2h,100,100
498,River,1,-2590,2590,CHECK,0,"['3d', 'Ad']","['9d', '7h']","['6h', '9s', '4d', '3s', '5h']",,2h,100,100
499,Pre-Flop,1,-2690,2690,DISCARD,0,"['5d', 'Ad']","['2d', '8s']","['As', '8h']",,,1,1
499,Pre-Flop,1,-2690,2690,RAISE,3,"['5d', 'Ad']","['4s', '8s']","['As', '8h']",,2d,1,1
499,Pre-Flop,0,-2690,2690,RAISE,95,"['5d', 'Ad']","['4s', '8s']","['As', '8h']",,2d,2,2
499,Pre-Flop,1,-2690,2690,CALL,0,"['5d', 'Ad']","['4s', '8s']","['As', '8h']",,2d,5,5
499,Pre-Flop,0,-2690,2690,CHECK,0,"['5d', 'Ad']","['4s', '8s']","['As', '8h']",,2d,100,100
499,Flop,1,-2690,2690,CHECK,0,"['5d', 'Ad']","['4s', '8s']","['As', '8h', 'Ah']",,2d,100,100
499,Flop,0,-2690,2690,CHECK,0,"['5d', 'Ad']","['4s', '8s']","['As', '8h', 'Ah']",,2d,100,100
499,Turn,1,-2690,2690,CHECK,0,"['5d', 'Ad']","['4s', '8s']","['As', '8h', 'Ah', '5s']",,2d,100,100
499,Turn,0,-2690,2690,CHECK,0,"['5d', 'Ad']","['4s', '8s']","['As', '8h', 'Ah', '5s']",,2d,100,100
499,River,1,-2690,2690,CHECK,0,"['5d', 'Ad']","['4s', '8s']","['As', '8h', 'Ah', '5s', '9s']",,2d,100,100
499,River,0,-2690,2690,CHECK,0,"['5d', 'Ad']","['4s', '8s']","['As', '8h', 'Ah', '5s', '9s']",,2d,100,100
500,Pre-Flop,0,-2590,2590,RAISE,98,"['4h', '7h']","['7s', '7d']","['5h', '5d']",,,1,1
500,Pre-Flop,1,-2590,2590,CALL,0,"['4h', '7h']","['7s', '7d']","['5h', '5d']",,,2,2
500,Flop,0,-2590,2590,CHECK,0,"['4h', '7h']","['7s', '7d']","['5h', '5d', '8d']",,,100,100
500,Flop,1,-2590,2590,DISCARD,0,"['4h', '7h']","['7s', '7d']","['5h', '5d', '8d']",,,100,100
500,Flop,1,-2590,2590,CHECK,0,"['4h', '7h']","['8s', '7d']","['5h', '5d', '8d']",,7s,100,100
500,Turn,0,-2590,2590,CHECK,0,"['4h', '7h']","['8s', '7d']","['5h', '5d', '8d', '5s']",,7s,100,100
500,Turn,1,-2590,2590,CHECK,0,"['4h', '7h']","['8s', '7d']","['5h', '5d', '8d', '5s']",,7s,100,100
500,River,0,-2590,2590,CHECK,0,"['4h', '7h']","['8s', '7d']","['5h', '5d', '8d', '5s', '2d']",,7s,100,100
500,River,1,-2590,2590,CHECK,0,"['4h', '7h']","['8s', '7d']","['5h', '5d', '8d', '5s', '2d']",,7s,100,100
501,Pre-Flop,1,-2690,2690,RAISE,2,"['7s', '3s']","['6h', '3h']","['Ad', '9d']",,,1,1
501,Pre-Flop,0,-2690,2690,RAISE,96,"['7s', '3s']","['6h', '3h']","['Ad', '9d']",,,2,2
501,Pre-Flop,1,-2690,2690,CALL,0,"['7s', '3s']","['6h', '3h']","['Ad', '9d']",,,4,4
501,Pre-Flop,0,-2690,2690,CHECK,0,"['7s', '3s']","['6h', '3h']","['Ad', '9d']",,,100,100
501,Flop,1,-2690,2690,DISCARD,0,"['7s', '3s']","['6h', '3h']","['Ad', '9d', '7d']",,,100,100
501,Flop,1,-2690,2690,CHECK,0,"['7s', '3s']","['6h', '8s']","['Ad', '9d', '7d']",,3h,100,100
501,Flop,0,-2690,2690,CHECK,0,"['7s', '3s']","['6h', '8s']","['Ad', '9d', '7d']",,3h,100,100
501,Turn,1,-2690,2690,CHECK,0,"['7s', '3s']","['6h', '8s']","['Ad', '9d', '7d', '2s']",,3h,100,100
501,Turn,0,-2690,2690,CHECK,0,"['7s', '3s']","['6h', '8s']","['Ad', '9d', '7d', '2s']",,3h,100,100
501,River,1,-2690,2690,CHECK,0,"['7s', '3s']","['6h', '8s']","['Ad', '9d', '7d', '2s', '8h']",,3h,100,100
501,River,0,-2690,2690,CHECK,0,"['7s', '3s']","['6h', '8s']","['Ad', '9d', '7d', '2s', '8h']",,3h,100,100
502,Pre-Flop,0,-2790,2790,RAISE,98,"['2s', '5d']","['9s', '7h']","['4d', '3s']",,,1,1
502,Pre-Flop,1,-2790,2790,CALL,0,"['2s', '5d']","['9s', '7h']","['4d', '3s']",,,2,2
502,Flop,0,-2790,2790,CHECK,0,"['2s', '5d']","['9s', '7h']","['4d', '3s', '6h']",,,100,100
502,Flop,1,-2790,2790,DISCARD,0,"['2s', '5d']","['9s', '7h']","['4d', '3s', '6h']",,,100,100
502,Flop,1,-2790,2790,CHECK,0,"['2s', '5d']","['6d', '7h']","['4d', '3s', '6h']",,9s,100,100
502,Turn,0,-2790,2790,CHECK,0,"['2s', '5d']","['6d', '7h']","['4d', '3s', '6h', '3h']",,9s,100,100
502,Turn,1,-2790,2790,CHECK,0,"['2s', '5d']","['6d', '7h']","['4d', '3s', '6h', '3h']",,9s,100,100
502,River,0,-2790,2790,CHECK,0,"['2s', '5d']","['6d', '7h']","['4d', '3s', '6h', '3h', '4h']",,9s,100,100
502,River,1,-2790,2790,CHECK,0,"['2s', '5d']","['6d', '7h']","['4d', '3s', '6h', '3h', '4h']",,9s,100,100
503,Pre-Flop,1,-2690,2690,RAISE,3,"['3s', '8h']","['9s', '2h']","['2s', '3h']",,,1,1
503,Pre-Flop,0,-2690,2690,RAISE,95,"['3s', '8h']","['9s', '2h']","['2s', '3h']",,,2,2
503,Pre-Flop,1,-2690,2690,CALL,0,"['3s', '8h']","['9s', '2h']","['2s', '3h']",,,5,5
503,Pre-Flop,0,-2690,2690,CHECK,0,"['3s', '8h']","['9s', '2h']","['2s', '3h']",,,100,100
503,Flop,1,-2690,2690,DISCARD,0,"['3s', '8h']","['9s', '2h']","['2s', '3h', '6s']",,,100,100
503,Flop,1,-2690,2690,CHECK,0,"['3s', '8h']","['6d', '2h']","['2s', '3h', '6s']",,9s,100,100
503,Flop,0,-2690,2690,CHECK,0,"['3s', '8h']","['6d', '2h']","['2s', '3h', '6s']",,9s,100,100
503,Turn,1,-2690,2690,CHECK,0,"['3s', '8h']","['6d', '2h']","['2s', '3h', '6s', '2d']",,9s,100,100
503,Turn,0,-2690,2690,CHECK,0,"['3s', '8h']","['6d', '2h']","['2s', '3h', '6s', '2d']",,9s,100,100
503,River,1,-2690,2690,CHECK,0,"['3s', '8h']","['6d', '2h']","['2s', '3h', '6s', '2d', '9h']",,9s,100,100
503,River,0,-2690,2690,CHECK,0,"['3s', '8h']","['6d', '2h']","['2s', '3h', '6s', '2d', '9h']",,9s,100,100
504,Pre-Flop,0,-2790,2790,RAISE,98,"['3s', 'Ad']","['8d', '4h']","['5s', 'Ah']",,,1,1
504,Pre-Flop,1,-2790,2790,CALL,0,"['3s', 'Ad']","['8d', '4h']","['5s', 'Ah']",,,2,2
504,Flop,0,-2790,2790,CHECK,0,"['3s', 'Ad']","['8d', '4h']","['5s', 'Ah', '3h']",,,100,100
504,Flop,1,-2790,2790,DISCARD,0,"['3s', 'Ad']","['8d', '4h']","['5s', 'Ah', '3h']",,,100,100
504,Flop,1,-2790,2790,CHECK,0,"['3s', 'Ad']","['2h', '4h']","['5s', 'Ah', '3h']",,8d,100,100
504,Turn,0,-2790,2790,CHECK,0,"['3s', 'Ad']","['2h', '4h']","['5s', 'Ah', '3h', '6s']",,8d,100,100
504,Turn,1,-2790,2790,CHECK,0,"['3s', 'Ad']","['2h', '4h']","['5s', 'Ah', '3h', '6s']",,8d,100,100
504,River,0,-2790,2790,CHECK,0,"['3s', 'Ad']","['2h', '4h']","['5s', 'Ah', '3h', '6s', '6d']",,8d,100,100
504,River,1,-2790,2790,CHECK,0,"['3s', 'Ad']","['2h', '4h']","['5s', 'Ah', '3h', '6s', '6d']",,8d,100,100
505,Pre-Flop,1,-2890,2890,RAISE,2,"['2d', '5d']","['7s', '3s']","['2h', '8s']",,,1,1
505,Pre-Flop,0,-2890,2890,RAISE,96,"['2d', '5d']","['7s', '3s']","['2h', '8s']",,,2,2
505,Pre-Flop,1,-2890,2890,CALL,0,"['2d', '5d']","['7s', '3s']","['2h', '8s']",,,4,4
505,Pre-Flop,0,-2890,2890,CHECK,0,"['2d', '5d']","['7s', '3s']","['2h', '8s']",,,100,100
505,Flop,1,-2890,2890,DISCARD,0,"['2d', '5d']","['7s', '3s']","['2h', '8s', '3d']",,,100,100
505,Flop,1,-2890,2890,CHECK,0,"['2d', '5d']","['7s', '6s']","['2h', '8s', '3d']",,3s,100,100
505,Flop,0,-2890,2890,CHECK,0,"['2d', '5d']","['7s', '6s']","['2h', '8s', '3d']",,3s,100,100
505,Turn,1,-2890,2890,CHECK,0,"['2d', '5d']","['7s', '6s']","['2h', '8s', '3d', '5h']",,3s,100,100
505,Turn,0,-2890,2890,CHECK,0,"['2d', '5d']","['7s', '6s']","['2h', '8s', '3d', '5h']",,3s,100,100
505,River,1,-2890,2890,CHECK,0,"['2d', '5d']","['7s', '6s']","['2h', '8s', '3d', '5h', '6d']",,3s,100,100
505,River,0,-2890,2890,CHECK,0,"['2d', '5d']","['7s', '6s']","['2h', '8s', '3d', '5h', '6d']",,3s,100,100
506,Pre-Flop,0,-2790,2790,RAISE,98,"['5d', '7h']","['5s', '8h']","['2h', '9s']",,,1,1
506,Pre-Flop,1,-2790,2790,CALL,0,"['5d', '7h']","['5s', '8h']","['2h', '9s']",,,2,2
506,Flop,0,-2790,2790,CHECK,0,"['5d', '7h']","['5s', '8h']","['2h', '9s', '6d']",,,100,100
506,Flop,1,-2790,2790,DISCARD,0,"['5d', '7h']","['5s', '8h']","['2h', '9s', '6d']",,,100,100
506,Flop,1,-2790,2790,CHECK,0,"['5d', '7h']","['6h', '8h']","['2h', '9s', '6d']",,5s,100,100
506,Turn,0,-2790,2790,CHECK,0,"['5d', '7h']","['6h', '8h']","['2h', '9s', '6d', '6s']",,5s,100,100
506,Turn,1,-2790,2790,CHECK,0,"['5d', '7h']","['6h', '8h']","['2h', '9s', '6d', '6s']",,5s,100,100
506,River,0,-2790,2790,CHECK,0,"['5d', '7h']","['6h', '8h']","['2h', '9s', '6d', '6s', '9h']",,5s,100,100
506,River,1,-2790,2790,CHECK,0,"['5d', '7h']","['6h', '8h']","['2h', '9s', '6d', '6s', '9h']",,5s,100,100
507,Pre-Flop,1,-2890,2890,RAISE,2,"['6h', '7h']","['2s', '5h']","['7s', '4d']",,,1,1
507,Pre-Flop,0,-2890,2890,RAISE,96,"['6h', '7h']","['2s', '5h']","['7s', '4d']",,,2,2
507,Pre-Flop,1,-2890,2890,CALL,0,"['6h', '7h']","['2s', '5h']","['7s', '4d']",,,4,4
507,Pre-Flop,0,-2890,2890,CHECK,0,"['6h', '7h']","['2s', '5h']","['7s', '4d']",,,100,100
507,Flop,1,-2890,2890,DISCARD,0,"['6h', '7h']","['2s', '5h']","['7s', '4d', '3d']",,,100,100
507,Flop,1,-2890,2890,CHECK,0,"['6h', '7h']","['2s', '4s']","['7s', '4d', '3d']",,5h,100,100
507,Flop,0,-2890,2890,CHECK,0,"['6h', '7h']","['2s', '4s']","['7s', '4d', '3d']",,5h,100,100
507,Turn,1,-2890,2890,CHECK,0,"['6h', '7h']","['2s', '4s']","['7s', '4d', '3d', '6s']",,5h,100,100
507,Turn,0,-2890,2890,CHECK,0,"['6h', '7h']","['2s', '4s']","['7s', '4d', '3d', '6s']",,5h,100,100
507,River,1,-2890,2890,CHECK,0,"['6h', '7h']","['2s', '4s']","['7s', '4d', '3d', '6s', '9s']",,5h,100,100
507,River,0,-2890,2890,CHECK,0,"['6h', '7h']","['2s', '4s']","['7s', '4d', '3d', '6s', '9s']",,5h,100,100
508,Pre-Flop,0,-2990,2990,RAISE,98,"['5h', 'Ad']","['9s', '9d']","['9h', '4d']",,,1,1
508,Pre-Flop,1,-2990,2990,CALL,0,"['5h', 'Ad']","['9s', '9d']","['9h', '4d']",,,2,2
508,Flop,0,-2990,2990,CHECK,0,"['5h', 'Ad']","['9s', '9d']","['9h', '4d', '8s']",,,100,100
508,Flop,1,-2990,2990,DISCARD,0,"['5h', 'Ad']","['9s', '9d']","['9h', '4d', '8s']",,,100,100
508,Flop,1,-2990,2990,CHECK,0,"['5h', 'Ad']","['9s', '6s']","['9h', '4d', '8s']",,9d,100,100
508,Turn,0,-2990,2990,CHECK,0,"['5h', 'Ad']","['9s', '6s']","['9h', '4d', '8s', '4h']",,9d,100,100
508,Turn,1,-2990,2990,CHECK,0,"['5h', 'Ad']","['9s', '6s']","['9h', '4d', '8s', '4h']",,9d,100,100
508,River,0,-2990,2990,CHECK,0,"['5h', 'Ad']","['9s', '6s']","['9h', '4d', '8s', '4h', '6d']",,9d,100,100
508,River,1,-2990,2990,CHECK,0,"['5h', 'Ad']","['9s', '6s']","['9h', '4d', '8s', '4h', '6d']",,9d,100,100
509,Pre-Flop,1,-3090,3090,RAISE,2,"['4h', '3h']","['5s', '8d']","['7d', '4s']",,,1,1
509,Pre-Flop,0,-3090,3090,RAISE,96,"['4h', '3h']","['5s', '8d']","['7d', '4s']",,,2,2
509,Pre-Flop,1,-3090,3090,CALL,0,"['4h', '3h']","['5s', '8d']","['7d', '4s']",,,4,4
509,Pre-Flop,0,-3090,3090,CHECK,0,"['4h', '3h']","['5s', '8d']","['7d', '4s']",,,100,100
509,Flop,1,-3090,3090,DISCARD,0,"['4h', '3h']","['5s', '8d']","['7d', '4s', 'As']",,,100,100
509,Flop,1,-3090,3090,CHECK,0,"['4h', '3h']","['5s', '3s']","['7d', '4s', 'As']",,8d,100,100
509,Flop,0,-3090,3090,CHECK,0,"['4h', '3h']","['5s', '3s']","['7d', '4s', 'As']",,8d,100,100
509,Turn,1,-3090,3090,CHECK,0,"['4h', '3h']","['5s', '3s']","['7d', '4s', 'As', '7s']",,8d,100,100
509,Turn,0,-3090,3090,CHECK,0,"['4h', '3h']","['5s', '3s']","['7d', '4s', 'As', '7s']",,8d,100,100
509,River,1,-3090,3090,CHECK,0,"['4h', '3h']","['5s', '3s']","['7d', '4s', 'As', '7s', '6s']",,8d,100,100
509,River,0,-3090,3090,CHECK,0,"['4h', '3h']","['5s', '3s']","['7d', '4s', 'As', '7s', '6s']",,8d,100,100
510,Pre-Flop,0,-3190,3190,RAISE,98,"['4d', '8s']","['5s', '5h']","['7h', '9d']",,,1,1
510,Pre-Flop,1,-3190,3190,CALL,0,"['4d', '8s']","['5s', '5h']","['7h', '9d']",,,2,2
510,Flop,0,-3190,3190,CHECK,0,"['4d', '8s']","['5s', '5h']","['7h', '9d', '8h']",,,100,100
510,Flop,1,-3190,3190,DISCARD,0,"['4d', '8s']","['5s', '5h']","['7h', '9d', '8h']",,,100,100
510,Flop,1,-3190,3190,CHECK,0,"['4d', '8s']","['2d', '5h']","['7h', '9d', '8h']",,5s,100,100
510,Turn,0,-3190,3190,CHECK,0,"['4d', '8s']","['2d', '5h']","['7h', '9d', '8h', '7d']",,5s,100,100
510,Turn,1,-3190,3190,CHECK,0,"['4d', '8s']","['2d', '5h']","['7h', '9d', '8h', '7d']",,5s,100,100
510,River,0,-3190,3190,CHECK,0,"['4d', '8s']","['2d', '5h']","['7h', '9d', '8h', '7d', '3d']",,5s,100,100
510,River,1,-3190,3190,CHECK,0,"['4d', '8s']","['2d', '5h']","['7h', '9d', '8h', '7d', '3d']",,5s,100,100
511,Pre-Flop,1,-3090,3090,RAISE,2,"['2h', '8h']","['7s', '5h']","['Ad', '6h']",,,1,1
511,Pre-Flop,0,-3090,3090,RAISE,96,"['2h', '8h']","['7s', '5h']","['Ad', '6h']",,,2,2
511,Pre-Flop,1,-3090,3090,CALL,0,"['2h', '8h']","['7s', '5h']","['Ad', '6h']",,,4,4
511,Pre-Flop,0,-3090,3090,CHECK,0,"['2h', '8h']","['7s', '5h']","['Ad', '6h']",,,100,100
511,Flop,1,-3090,3090,DISCARD,0,"['2h', '8h']","['7s', '5h']","['Ad', '6h', 'Ah']",,,100,100
511,Flop,1,-3090,3090,CHECK,0,"['2h', '8h']","['9s', '5h']","['Ad', '6h', 'Ah']",,7s,100,100
511,Flop,0,-3090,3090,CHECK,0,"['2h', '8h']","['9s', '5h']","['Ad', '6h', 'Ah']",,7s,100,100
511,Turn,1,-3090,3090,CHECK,0,"['2h', '8h']","['9s', '5h']","['Ad', '6h', 'Ah', '9h']",,7s,100,100
511,Turn,0,-3090,3090,CHECK,0,"['2h', '8h']","['9s', '5h']","['Ad', '6h', 'Ah', '9h']",,7s,100,100
511,River,1,-3090,3090,CHECK,0,"['2h', '8h']","['9s', '5h']","['Ad', '6h', 'Ah', '9h', '7h']",,7s,100,100
511,River,0,-3090,3090,CHECK,0,"['2h', '8h']","['9s', '5h']","['Ad', '6h', 'Ah', '9h', '7h']",,7s,100,100
512,Pre-Flop,0,-2990,2990,RAISE,98,"['Ah', '2h']","['2d', '7h']","['As', '8h']",,,1,1
512,Pre-Flop,1,-2990,2990,CALL,0,"['Ah', '2h']","['2d', '7h']","['As', '8h']",,,2,2
512,Flop,0,-2990,2990,CHECK,0,"['Ah', '2h']","['2d', '7h']","['As', '8h', '9h']",,,100,100
512,Flop,1,-2990,2990,DISCARD,0,"['Ah', '2h']","['2d', '7h']","['As', '8h', '9h']",,,100,100
512,Flop,1,-2990,2990,CHECK,0,"['Ah', '2h']","['5h', '7h']","['As', '8h', '9h']",,2d,100,100
512,Turn,0,-2990,2990,CHECK,0,"['Ah', '2h']","['5h', '7h']","['As', '8h', '9h', '5s']",,2d,100,100
512,Turn,1,-2990,2990,CHECK,0,"['Ah', '2h']","['5h', '7h']","['As', '8h', '9h', '5s']",,2d,100,100
512,River,0,-2990,2990,CHECK,0,"['Ah', '2h']","['5h', '7h']","['As', '8h', '9h', '5s', '9s']",,2d,100,100
512,River,1,-2990,2990,CHECK,0,"['Ah', '2h']","['5h', '7h']","['As', '8h', '9h', '5s', '9s']",,2d,100,100
513,Pre-Flop,1,-2890,2890,RAISE,2,"['5d', 'As']","['6s', '2d']","['8h', '7d']",,,1,1
513,Pre-Flop,0,-2890,2890,RAISE,96,"['5d', 'As']","['6s', '2d']","['8h', '7d']",,,2,2
513,Pre-Flop,1,-2890,2890,CALL,0,"['5d', 'As']","['6s', '2d']","['8h', '7d']",,,4,4
513,Pre-Flop,0,-2890,2890,CHECK,0,"['5d', 'As']","['6s', '2d']","['8h', '7d']",,,100,100
513,Flop,1,-2890,2890,DISCARD,0,"['5d', 'As']","['6s', '2d']","['8h', '7d', '8s']",,,100,100
513,Flop,1,-2890,2890,CHECK,0,"['5d', 'As']","['6s', '3d']","['8h', '7d', '8s']",,2d,100,100
513,Flop,0,-2890,2890,CHECK,0,"['5d', 'As']","['6s', '3d']","['8h', '7d', '8s']",,2d,100,100
513,Turn,1,-2890,2890,CHECK,0,"['5d', 'As']","['6s', '3d']","['8h', '7d', '8s', '9h']",,2d,100,100
513,Turn,0,-2890,2890,CHECK,0,"['5d', 'As']","['6s', '3d']","['8h', '7d', '8s', '9h']",,2d,100,100
513,River,1,-2890,2890,CHECK,0,"['5d', 'As']","['6s', '3d']","['8h', '7d', '8s', '9h', '4s']",,2d,100,100
513,River,0,-2890,2890,CHECK,0,"['5d', 'As']","['6s', '3d']","['8h', '7d', '8s', '9h', '4s']",,2d,100,100
514,Pre-Flop,0,-2790,2790,RAISE,98,"['7h', '3d']","['3h', '4s']","['2d', '5s']",,,1,1
514,Pre-Flop,1,-2790,2790,CALL,0,"['7h', '3d']","['3h', '4s']","['2d', '5s']",,,2,2
514,Flop,0,-2790,2790,CHECK,0,"['7h', '3d']","['3h', '4s']","['2d', '5s', '6d']",,,100,100
514,Flop,1,-2790,2790,DISCARD,0,"['7h', '3d']","['3h', '4s']","['2d', '5s', '6d']",,,100,100
514,Flop,1,-2790,2790,CHECK,0,"['7h', '3d']","['4h', '4s']","['2d', '5s', '6d']",,3h,100,100
514,Turn,0,-2790,2790,CHECK,0,"['7h', '3d']","['4h', '4s']","['2d', '5s', '6d', '5d']",,3h,100,100
514,Turn,1,-2790,2790,CHECK,0,"['7h', '3d']","['4h', '4s']","['2d', '5s', '6d', '5d']",,3h,100,100
514,River,0,-2790,2790,CHECK,0,"['7h', '3d']","['4h', '4s']","['2d', '5s', '6d', '5d', 'Ad']",,3h,100,100
514,River,1,-2790,2790,CHECK,0,"['7h', '3d']","['4h', '4s']","['2d', '5s', '6d', '5d', 'Ad']",,3h,100,100
515,Pre-Flop,1,-2690,2690,CALL,0,"['7d', '5s']","['Ad', '2s']","['4h', '6s']",,,1,1
515,Pre-Flop,0,-2690,2690,RAISE,98,"['7d', '5s']","['Ad', '2s']","['4h', '6s']",,,2,2
515,Pre-Flop,1,-2690,2690,CALL,0,"['7d', '5s']","['Ad', '2s']","['4h', '6s']",,,2,2
515,Pre-Flop,0,-2690,2690,CHECK,0,"['7d', '5s']","['Ad', '2s']","['4h', '6s']",,,100,100
515,Flop,1,-2690,2690,DISCARD,0,"['7d', '5s']","['Ad', '2s']","['4h', '6s', '8h']",,,100,100
515,Flop,1,-2690,2690,CHECK,0,"['7d', '5s']","['4s', '2s']","['4h', '6s', '8h']",,Ad,100,100
515,Flop,0,-2690,2690,CHECK,0,"['7d', '5s']","['4s', '2s']","['4h', '6s', '8h']",,Ad,100,100
515,Turn,1,-2690,2690,CHECK,0,"['7d', '5s']","['4s', '2s']","['4h', '6s', '8h', '5d']",,Ad,100,100
515,Turn,0,-2690,2690,CHECK,0,"['7d', '5s']","['4s', '2s']","['4h', '6s', '8h', '5d']",,Ad,100,100
515,River,1,-2690,2690,CHECK,0,"['7d', '5s']","['4s', '2s']","['4h', '6s', '8h', '5d', '9s']",,Ad,100,100
515,River,0,-2690,2690,CHECK,0,"['7d', '5s']","['4s', '2s']","['4h', '6s', '8h', '5d', '9s']",,Ad,100,100
516,Pre-Flop,0,-2590,2590,RAISE,98,"['3s', '6h']","['6d', 'Ah']","['5d', '3d']",,,1,1
516,Pre-Flop,1,-2590,2590,CALL,0,"['3s', '6h']","['6d', 'Ah']","['5d', '3d']",,,2,2
516,Flop,0,-2590,2590,CHECK,0,"['3s', '6h']","['6d', 'Ah']","['5d', '3d', '2s']",,,100,100
516,Flop,1,-2590,2590,DISCARD,0,"['3s', '6h']","['6d', 'Ah']","['5d', '3d', '2s']",,,100,100
516,Flop,1,-2590,2590,CHECK,0,"['3s', '6h']","['6d', '7d']","['5d', '3d', '2s']",,Ah,100,100
516,Turn,0,-2590,2590,CHECK,0,"['3s', '6h']","['6d', '7d']","['5d', '3d', '2s', 'Ad']",,Ah,100,100
516,Turn,1,-2590,2590,CHECK,0,"['3s', '6h']","['6d', '7d']","['5d', '3d', '2s', 'Ad']",,Ah,100,100
516,River,0,-2590,2590,CHECK,0,"['3s', '6h']","['6d', '7d']","['5d', '3d', '2s', 'Ad', '5h']",,Ah,100,100
516,River,1,-2590,2590,CHECK,0,"['3s', '6h']","['6d', '7d']","['5d', '3d', '2s', 'Ad', '5h']",,Ah,100,100
517,Pre-Flop,1,-2690,2690,RAISE,3,"['5h', '5d']","['9s', '8s']","['5s', '4d']",,,1,1
517,Pre-Flop,0,-2690,2690,RAISE,95,"['5h', '5d']","['9s', '8s']","['5s', '4d']",,,2,2
517,Pre-Flop,1,-2690,2690,CALL,0,"['5h', '5d']","['9s', '8s']","['5s', '4d']",,,5,5
517,Pre-Flop,0,-2690,2690,CHECK,0,"['5h', '5d']","['9s', '8s']","['5s', '4d']",,,100,100
517,Flop,1,-2690,2690,CHECK,0,"['5h', '5d']","['9s', '8s']","['5s', '4d', '6d']",,,100,100
517,Flop,0,-2690,2690,CHECK,0,"['5h', '5d']","['9s', '8s']","['5s', '4d', '6d']",,,100,100
517,Turn,1,-2690,2690,CHECK,0,"['5h', '5d']","['9s', '8s']","['5s', '4d', '6d', '6h']",,,100,100
517,Turn,0,-2690,2690,CHECK,0,"['5h', '5d']","['9s', '8s']","['5s', '4d', '6d', '6h']",,,100,100
517,River,1,-2690,2690,CHECK,0,"['5h', '5d']","['9s', '8s']","['5s', '4d', '6d', '6h', 'As']",,,100,100
517,River,0,-2690,2690,CHECK,0,"['5h', '5d']","['9s', '8s']","['5s', '4d', '6d', '6h', 'As']",,,100,100
518,Pre-Flop,0,-2590,2590,RAISE,98,"['6h', '9h']","['2s', '9s']","['8h', '5d']",,,1,1
518,Pre-Flop,1,-2590,2590,CALL,0,"['6h', '9h']","['2s', '9s']","['8h', '5d']",,,2,2
518,Flop,0,-2590,2590,CHECK,0,"['6h', '9h']","['2s', '9s']","['8h', '5d', '9d']",,,100,100
518,Flop,1,-2590,2590,DISCARD,0,"['6h', '9h']","['2s', '9s']","['8h', '5d', '9d']",,,100,100
518,Flop,1,-2590,2590,CHECK,0,"['6h', '9h']","['7d', '9s']","['8h', '5d', '9d']",,2s,100,100
518,Turn,0,-2590,2590,CHECK,0,"['6h', '9h']","['7d', '9s']","['8h', '5d', '9d', '8d']",,2s,100,100
518,Turn,1,-2590,2590,CHECK,0,"['6h', '9h']","['7d', '9s']","['8h', '5d', '9d', '8d']",,2s,100,100
518,River,0,-2590,2590,CHECK,0,"['6h', '9h']","['7d', '9s']","['8h', '5d', '9d', '8d', '4h']",,2s,100,100
518,River,1,-2590,2590,CHECK,0,"['6h', '9h']","['7d', '9s']","['8h', '5d', '9d', '8d', '4h']",,2s,100,100
519,Pre-Flop,1,-2690,2690,RAISE,2,"['4d', '9h']","['2h', '2d']","['5d', '5s']",,,1,1
519,Pre-Flop,0,-2690,2690,RAISE,96,"['4d', '9h']","['2h', '2d']","['5d', '5s']",,,2,2
519,Pre-Flop,1,-2690,2690,CALL,0,"['4d', '9h']","['2h', '2d']","['5d', '5s']",,,4,4
519,Pre-Flop,0,-2690,2690,CHECK,0,"['4d', '9h']","['2h', '2d']","['5d', '5s']",,,100,100
519,Flop,1,-2690,2690,CHECK,0,"['4d', '9h']","['2h', '2d']","['5d', '5s', '8s']",,,100,100
519,Flop,0,-2690,2690,CHECK,0,"['4d', '9h']","['2h', '2d']","['5d', '5s', '8s']",,,100,100
519,Turn,1,-2690,2690,CHECK,0,"['4d', '9h']","['2h', '2d']","['5d', '5s', '8s', '6s']",,,100,100
519,Turn,0,-2690,2690,CHECK,0,"['4d', '9h']","['2h', '2d']","['5d', '5s', '8s', '6s']",,,100,100
519,River,1,-2690,2690,CHECK,0,"['4d', '9h']","['2h', '2d']","['5d', '5s', '8s', '6s', '8h']",,,100,100
519,River,0,-2690,2690,CHECK,0,"['4d', '9h']","['2h', '2d']","['5d', '5s', '8s', '6s', '8h']",,,100,100
520,Pre-Flop,0,-2590,2590,RAISE,98,"['3d', '9h']","['4h', '2d']","['2s', '7s']",,,1,1
520,Pre-Flop,1,-2590,2590,CALL,0,"['3d', '9h']","['4h', '2d']","['2s', '7s']",,,2,2
520,Flop,0,-2590,2590,CHECK,0,"['3d', '9h']","['4h', '2d']","['2s', '7s', '7d']",,,100,100
520,Flop,1,-2590,2590,DISCARD,0,"['3d', '9h']","['4h', '2d']","['2s', '7s', '7d']",,,100,100
520,Flop,1,-2590,2590,CHECK,0,"['3d', '9h']","['4h', '3h']","['2s', '7s', '7d']",,2d,100,100
520,Turn,0,-2590,2590,CHECK,0,"['3d', '9h']","['4h', '3h']","['2s', '7s', '7d', '4s']",,2d,100,100
520,Turn,1,-2590,2590,CHECK,0,"['3d', '9h']","['4h', '3h']","['2s', '7s', '7d', '4s']",,2d,100,100
520,River,0,-2590,2590,CHECK,0,"['3d', '9h']","['4h', '3h']","['2s', '7s', '7d', '4s', '5d']",,2d,100,100
520,River,1,-2590,2590,CHECK,0,"['3d', '9h']","['4h', '3h']","['2s', '7s', '7d', '4s', '5d']",,2d,100,100
521,Pre-Flop,1,-2690,2690,RAISE,2,"['7s', '5s']","['3d', '3s']","['9s', '9d']",,,1,1
521,Pre-Flop,0,-2690,2690,RAISE,96,"['7s', '5s']","['3d', '3s']","['9s', '9d']",,,2,2
521,Pre-Flop,1,-2690,2690,DISCARD,0,"['7s', '5s']","['3d', '3s']","['9s', '9d']",,,4,4
521,Pre-Flop,1,-2690,2690,CALL,0,"['7s', '5s']","['8h', '3s']","['9s', '9d']",,3d,4,4
521,Pre-Flop,0,-2690,2690,CHECK,0,"['7s', '5s']","['8h', '3s']","['9s', '9d']",,3d,100,100
521,Flop,1,-2690,2690,CHECK,0,"['7s', '5s']","['8h', '3s']","['9s', '9d', '7h']",,3d,100,100
521,Flop,0,-2690,2690,CHECK,0,"['7s', '5s']","['8h', '3s']","['9s', '9d', '7h']",,3d,100,100
521,Turn,1,-2690,2690,CHECK,0,"['7s', '5s']","['8h', '3s']","['9s', '9d', '7h', '4s']",,3d,100,100
521,Turn,0,-2690,2690,CHECK,0,"['7s', '5s']","['8h', '3s']","['9s', '9d', '7h', '4s']",,3d,100,100
521,River,1,-2690,2690,CHECK,0,"['7s', '5s']","['8h', '3s']","['9s', '9d', '7h', '4s', '3h']",,3d,100,100
521,River,0,-2690,2690,CHECK,0,"['7s', '5s']","['8h', '3s']","['9s', '9d', '7h', '4s', '3h']",,3d,100,100
522,Pre-Flop,0,-2590,2590,RAISE,98,"['2h', '4h']","['7h', '7d']","['3h', '6s']",,,1,1
522,Pre-Flop,1,-2590,2590,CALL,0,"['2h', '4h']","['7h', '7d']","['3h', '6s']",,,2,2
522,Flop,0,-2590,2590,CHECK,0,"['2h', '4h']","['7h', '7d']","['3h', '6s', '3d']",,,100,100
522,Flop,1,-2590,2590,DISCARD,0,"['2h', '4h']","['7h', '7d']","['3h', '6s', '3d']",,,100,100
522,Flop,1,-2590,2590,CHECK,0,"['2h', '4h']","['7h', '2d']","['3h', '6s', '3d']",,7d,100,100
522,Turn,0,-2590,2590,CHECK,0,"['2h', '4h']","['7h', '2d']","['3h', '6s', '3d', '9s']",,7d,100,100
522,Turn,1,-2590,2590,CHECK,0,"['2h', '4h']","['7h', '2d']","['3h', '6s', '3d', '9s']",,7d,100,100
522,River,0,-2590,2590,CHECK,0,"['2h', '4h']","['7h', '2d']","['3h', '6s', '3d', '9s', '6h']",,7d,100,100
522,River,1,-2590,2590,CHECK,0,"['2h', '4h']","['7h', '2d']","['3h', '6s', '3d', '9s', '6h']",,7d,100,100
523,Pre-Flop,1,-2590,2590,RAISE,3,"['6s', '4h']","['9s', '2h']","['5d', '5s']",,,1,1
523,Pre-Flop,0,-2590,2590,RAISE,95,"['6s', '4h']","['9s', '2h']","['5d', '5s']",,,2,2
523,Pre-Flop,1,-2590,2590,CALL,0,"['6s', '4h']","['9s', '2h']","['5d', '5s']",,,5,5
523,Pre-Flop,0,-2590,2590,CHECK,0,"['6s', '4h']","['9s', '2h']","['5d', '5s']",,,100,100
523,Flop,1,-2590,2590,DISCARD,0,"['6s', '4h']","['9s', '2h']","['5d', '5s', '9h']",,,100,100
523,Flop,1,-2590,2590,CHECK,0,"['6s', '4h']","['9s', '3s']","['5d', '5s', '9h']",,2h,100,100
523,Flop,0,-2590,2590,CHECK,0,"['6s', '4h']","['9s', '3s']","['5d', '5s', '9h']",,2h,100,100
523,Turn,1,-2590,2590,CHECK,0,"['6s', '4h']","['9s', '3s']","['5d', '5s', '9h', '8h']",,2h,100,100
523,Turn,0,-2590,2590,CHECK,0,"['6s', '4h']","['9s', '3s']","['5d', '5s', '9h', '8h']",,2h,100,100
523,River,1,-2590,2590,CHECK,0,"['6s', '4h']","['9s', '3s']","['5d', '5s', '9h', '8h', 'As']",,2h,100,100
523,River,0,-2590,2590,CHECK,0,"['6s', '4h']","['9s', '3s']","['5d', '5s', '9h', '8h', 'As']",,2h,100,100
524,Pre-Flop,0,-2690,2690,RAISE,98,"['6d', '4s']","['Ad', '6h']","['3h', '4h']",,,1,1
524,Pre-Flop,1,-2690,2690,CALL,0,"['6d', '4s']","['Ad', '6h']","['3h', '4h']",,,2,2
524,Flop,0,-2690,2690,CHECK,0,"['6d', '4s']","['Ad', '6h']","['3h', '4h', '9s']",,,100,100
524,Flop,1,-2690,2690,DISCARD,0,"['6d', '4s']","['Ad', '6h']","['3h', '4h', '9s']",,,100,100
524,Flop,1,-2690,2690,CHECK,0,"['6d', '4s']","['Ad', '7d']","['3h', '4h', '9s']",,6h,100,100
524,Turn,0,-2690,2690,CHECK,0,"['6d', '4s']","['Ad', '7d']","['3h', '4h', '9s', 'As']",,6h,100,100
524,Turn,1,-2690,2690,CHECK,0,"['6d', '4s']","['Ad', '7d']","['3h', '4h', '9s', 'As']",,6h,100,100
524,River,0,-2690,2690,CHECK,0,"['6d', '4s']","['Ad', '7d']","['3h', '4h', '9s', 'As', '7h']",,6h,100,100
524,River,1,-2690,2690,CHECK,0,"['6d', '4s']","['Ad', '7d']","['3h', '4h', '9s', 'As', '7h']",,6h,100,100
525,Pre-Flop,1,-2790,2790,RAISE,2,"['5h', '7s']","['9s', 'Ad']","['4s', '5d']",,,1,1
525,Pre-Flop,0,-2790,2790,RAISE,96,"['5h', '7s']","['9s', 'Ad']","['4s', '5d']",,,2,2
525,Pre-Flop,1,-2790,2790,CALL,0,"['5h', '7s']","['9s', 'Ad']","['4s', '5d']",,,4,4
525,Pre-Flop,0,-2790,2790,CHECK,0,"['5h', '7s']","['9s', 'Ad']","['4s', '5d']",,,100,100
525,Flop,1,-2790,2790,DISCARD,0,"['5h', '7s']","['9s', 'Ad']","['4s', '5d', '2h']",,,100,100
525,Flop,1,-2790,2790,CHECK,0,"['5h', '7s']","['9s', 'Ah']","['4s', '5d', '2h']",,Ad,100,100
525,Flop,0,-2790,2790,CHECK,0,"['5h', '7s']","['9s', 'Ah']","['4s', '5d', '2h']",,Ad,100,100
525,Turn,1,-2790,2790,CHECK,0,"['5h', '7s']","['9s', 'Ah']","['4s', '5d', '2h', 'As']",,Ad,100,100
525,Turn,0,-2790,2790,CHECK,0,"['5h', '7s']","['9s', 'Ah']","['4s', '5d', '2h', 'As']",,Ad,100,100
525,River,1,-2790,2790,CHECK,0,"['5h', '7s']","['9s', 'Ah']","['4s', '5d', '2h', 'As', '6s']",,Ad,100,100
525,River,0,-2790,2790,CHECK,0,"['5h', '7s']","['9s', 'Ah']","['4s', '5d', '2h', 'As', '6s']",,Ad,100,100
526,Pre-Flop,0,-2890,2890,RAISE,98,"['2d', '2s']","['As', '9h']","['7s', '5d']",,,1,1
526,Pre-Flop,1,-2890,2890,DISCARD,0,"['2d', '2s']","['As', '9h']","['7s', '5d']",,,2,2
526,Pre-Flop,1,-2890,2890,CALL,0,"['2d', '2s']","['As', '6h']","['7s', '5d']",,9h,2,2
526,Flop,0,-2890,2890,CHECK,0,"['2d', '2s']","['As', '6h']","['7s', '5d', '4s']",,9h,100,100
526,Flop,1,-2890,2890,CHECK,0,"['2d', '2s']","['As', '6h']","['7s', '5d', '4s']",,9h,100,100
526,Turn,0,-2890,2890,CHECK,0,"['2d', '2s']","['As', '6h']","['7s', '5d', '4s', '3h']",,9h,100,100
526,Turn,1,-2890,2890,CHECK,0,"['2d', '2s']","['As', '6h']","['7s', '5d', '4s', '3h']",,9h,100,100
526,River,0,-2890,2890,CHECK,0,"['2d', '2s']","['As', '6h']","['7s', '5d', '4s', '3h', '6s']",,9h,100,100
526,River,1,-2890,2890,CHECK,0,"['2d', '2s']","['As', '6h']","['7s', '5d', '4s', '3h', '6s']",,9h,100,100
527,Pre-Flop,1,-2890,2890,RAISE,2,"['9d', '9s']","['3s', '6h']","['As', '7h']",,,1,1
527,Pre-Flop,0,-2890,2890,RAISE,96,"['9d', '9s']","['3s', '6h']","['As', '7h']",,,2,2
527,Pre-Flop,1,-2890,2890,CALL,0,"['9d', '9s']","['3s', '6h']","['As', '7h']",,,4,4
527,Pre-Flop,0,-2890,2890,CHECK,0,"['9d', '9s']","['3s', '6h']","['As', '7h']",,,100,100
527,Flop,1,-2890,2890,DISCARD,0,"['9d', '9s']","['3s', '6h']","['As', '7h', '4d']",,,100,100
527,Flop,1,-2890,2890,CHECK,0,"['9d', '9s']","['Ah', '6h']","['As', '7h', '4d']",,3s,100,100
527,Flop,0,-2890,2890,CHECK,0,"['9d', '9s']","['Ah', '6h']","['As', '7h', '4d']",,3s,100,100
527,Turn,1,-2890,2890,CHECK,0,"['9d', '9s']","['Ah', '6h']","['As', '7h', '4d', '2h']",,3s,100,100
527,Turn,0,-2890,2890,CHECK,0,"['9d', '9s']","['Ah', '6h']","['As', '7h', '4d', '2h']",,3s,100,100
527,River,1,-2890,2890,CHECK,0,"['9d', '9s']","['Ah', '6h']","['As', '7h', '4d', '2h', '6s']",,3s,100,100
527,River,0,-2890,2890,CHECK,0,"['9d', '9s']","['Ah', '6h']","['As', '7h', '4d', '2h', '6s']",,3s,100,100
528,Pre-Flop,0,-2990,2990,RAISE,98,"['Ad', '9s']","['5h', '5s']","['9h', '7s']",,,1,1
528,Pre-Flop,1,-2990,2990,CALL,0,"['Ad', '9s']","['5h', '5s']","['9h', '7s']",,,2,2
528,Flop,0,-2990,2990,CHECK,0,"['Ad', '9s']","['5h', '5s']","['9h', '7s', '8s']",,,100,100
528,Flop,1,-2990,2990,DISCARD,0,"['Ad', '9s']","['5h', '5s']","['9h', '7s', '8s']",,,100,100
528,Flop,1,-2990,2990,CHECK,0,"['Ad', '9s']","['2d', '5s']","['9h', '7s', '8s']",,5h,100,100
528,Turn,0,-2990,2990,CHECK,0,"['Ad', '9s']","['2d', '5s']","['9h', '7s', '8s', '6d']",,5h,100,100
528,Turn,1,-2990,2990,CHECK,0,"['Ad', '9s']","['2d', '5s']","['9h', '7s', '8s', '6d']",,5h,100,100
528,River,0,-2990,2990,CHECK,0,"['Ad', '9s']","['2d', '5s']","['9h', '7s', '8s', '6d', '9d']",,5h,100,100
528,River,1,-2990,2990,CHECK,0,"['Ad', '9s']","['2d', '5s']","['9h', '7s', '8s', '6d', '9d']",,5h,100,100
529,Pre-Flop,1,-2890,2890,CALL,0,"['5s', '2d']","['4h', '5d']","['7d', 'Ad']",,,1,1
529,Pre-Flop,0,-2890,2890,RAISE,98,"['5s', '2d']","['4h', '5d']","['7d', 'Ad']",,,2,2
529,Pre-Flop,1,-2890,2890,CALL,0,"['5s', '2d']","['4h', '5d']","['7d', 'Ad']",,,2,2
529,Pre-Flop,0,-2890,2890,CHECK,0,"['5s', '2d']","['4h', '5d']","['7d', 'Ad']",,,100,100
529,Flop,1,-2890,2890,DISCARD,0,"['5s', '2d']","['4h', '5d']","['7d', 'Ad', '9h']",,,100,100
529,Flop,1,-2890,2890,CHECK,0,"['5s', '2d']","['4h', '8d']","['7d', 'Ad', '9h']",,5d,100,100
529,Flop,0,-2890,2890,CHECK,0,"['5s', '2d']","['4h', '8d']","['7d', 'Ad', '9h']",,5d,100,100
529,Turn,1,-2890,2890,CHECK,0,"['5s', '2d']","['4h', '8d']","['7d', 'Ad', '9h', '3d']",,5d,100,100
529,Turn,0,-2890,2890,CHECK,0,"['5s', '2d']","['4h', '8d']","['7d', 'Ad', '9h', '3d']",,5d,100,100
529,River,1,-2890,2890,CHECK,0,"['5s', '2d']","['4h', '8d']","['7d', 'Ad', '9h', '3d', '6d']",,5d,100,100
529,River,0,-2890,2890,CHECK,0,"['5s', '2d']","['4h', '8d']","['7d', 'Ad', '9h', '3d', '6d']",,5d,100,100
530,Pre-Flop,0,-2990,2990,RAISE,98,"['As', '6d']","['4d', '2h']","['7s', '3h']",,,1,1
530,Pre-Flop,1,-2990,2990,DISCARD,0,"['As', '6d']","['4d', '2h']","['7s', '3h']",,,2,2
530,Pre-Flop,1,-2990,2990,CALL,0,"['As', '6d']","['2s', '2h']","['7s', '3h']",,4d,2,2
530,Flop,0,-2990,2990,CHECK,0,"['As', '6d']","['2s', '2h']","['7s', '3h', 'Ah']",,4d,100,100
530,Flop,1,-2990,2990,CHECK,0,"['As', '6d']","['2s', '2h']","['7s', '3h', 'Ah']",,4d,100,100
530,Turn,0,-2990,2990,CHECK,0,"['As', '6d']","['2s', '2h']","['7s', '3h', 'Ah', '3s']",,4d,100,100
530,Turn,1,-2990,2990,CHECK,0,"['As', '6d']","['2s', '2h']","['7s', '3h', 'Ah', '3s']",,4d,100,100
530,River,0,-2990,2990,CHECK,0,"['As', '6d']","['2s', '2h']","['7s', '3h', 'Ah', '3s', '9h']",,4d,100,100
530,River,1,-2990,2990,CHECK,0,"['As', '6d']","['2s', '2h']","['7s', '3h', 'Ah', '3s', '9h']",,4d,100,100
531,Pre-Flop,1,-2890,2890,RAISE,2,"['5h', '4s']","['4d', '2h']","['9h', '7d']",,,1,1
531,Pre-Flop,0,-2890,2890,RAISE,96,"['5h', '4s']","['4d', '2h']","['9h', '7d']",,,2,2
531,Pre-Flop,1,-2890,2890,CALL,0,"['5h', '4s']","['4d', '2h']","['9h', '7d']",,,4,4
531,Pre-Flop,0,-2890,2890,CHECK,0,"['5h', '4s']","['4d', '2h']","['9h', '7d']",,,100,100
531,Flop,1,-2890,2890,DISCARD,0,"['5h', '4s']","['4d', '2h']","['9h', '7d', '3s']",,,100,100
531,Flop,1,-2890,2890,CHECK,0,"['5h', '4s']","['6s', '2h']","['9h', '7d', '3s']",,4d,100,100
531,Flop,0,-2890,2890,CHECK,0,"['5h', '4s']","['6s', '2h']","['9h', '7d', '3s']",,4d,100,100
531,Turn,1,-2890,2890,CHECK,0,"['5h', '4s']","['6s', '2h']","['9h', '7d', '3s', 'Ah']",,4d,100,100
531,Turn,0,-2890,2890,CHECK,0,"['5h', '4s']","['6s', '2h']","['9h', '7d', '3s', 'Ah']",,4d,100,100
531,River,1,-2890,2890,CHECK,0,"['5h', '4s']","['6s', '2h']","['9h', '7d', '3s', 'Ah', '6d']",,4d,100,100
531,River,0,-2890,2890,CHECK,0,"['5h', '4s']","['6s', '2h']","['9h', '7d', '3s', 'Ah', '6d']",,4d,100,100
532,Pre-Flop,0,-2790,2790,RAISE,98,"['5h', '4h']","['Ah', '3s']","['9d', '7d']",,,1,1
532,Pre-Flop,1,-2790,2790,DISCARD,0,"['5h', '4h']","['Ah', '3s']","['9d', '7d']",,,2,2
532,Pre-Flop,1,-2790,2790,CALL,0,"['5h', '4h']","['2s', '3s']","['9d', '7d']",,Ah,2,2
532,Flop,0,-2790,2790,CHECK,0,"['5h', '4h']","['2s', '3s']","['9d', '7d', '7s']",,Ah,100,100
532,Flop,1,-2790,2790,CHECK,0,"['5h', '4h']","['2s', '3s']","['9d', '7d', '7s']",,Ah,100,100
532,Turn,0,-2790,2790,CHECK,0,"['5h', '4h']","['2s', '3s']","['9d', '7d', '7s', '8d']",,Ah,100,100
532,Turn,1,-2790,2790,CHECK,0,"['5h', '4h']","['2s', '3s']","['9d', '7d', '7s', '8d']",,Ah,100,100
532,River,0,-2790,2790,CHECK,0,"['5h', '4h']","['2s', '3s']","['9d', '7d', '7s', '8d', '8h']",,Ah,100,100
532,River,1,-2790,2790,CHECK,0,"['5h', '4h']","['2s', '3s']","['9d', '7d', '7s', '8d', '8h']",,Ah,100,100
533,Pre-Flop,1,-2790,2790,CALL,0,"['9h', '3h']","['5d', '3d']","['9s', '7h']",,,1,1
533,Pre-Flop,0,-2790,2790,RAISE,98,"['9h', '3h']","['5d', '3d']","['9s', '7h']",,,2,2
533,Pre-Flop,1,-2790,2790,DISCARD,0,"['9h', '3h']","['5d', '3d']","['9s', '7h']",,,2,2
533,Pre-Flop,1,-2790,2790,CALL,0,"['9h', '3h']","['5d', 'Ah']","['9s', '7h']",,3d,2,2
533,Pre-Flop,0,-2790,2790,CHECK,0,"['9h', '3h']","['5d', 'Ah']","['9s', '7h']",,3d,100,100
533,Flop,1,-2790,2790,CHECK,0,"['9h', '3h']","['5d', 'Ah']","['9s', '7h', '3s']",,3d,100,100
533,Flop,0,-2790,2790,CHECK,0,"['9h', '3h']","['5d', 'Ah']","['9s', '7h', '3s']",,3d,100,100
533,Turn,1,-2790,2790,CHECK,0,"['9h', '3h']","['5d', 'Ah']","['9s', '7h', '3s', '2d']",,3d,100,100
533,Turn,0,-2790,2790,CHECK,0,"['9h', '3h']","['5d', 'Ah']","['9s', '7h', '3s', '2d']",,3d,100,100
533,River,1,-2790,2790,CHECK,0,"['9h', '3h']","['5d', 'Ah']","['9s', '7h', '3s', '2d', '6s']",,3d,100,100
533,River,0,-2790,2790,CHECK,0,"['9h', '3h']","['5d', 'Ah']","['9s', '7h', '3s', '2d', '6s']",,3d,100,100
534,Pre-Flop,0,-2690,2690,RAISE,98,"['7s', '5s']","['9d', '9s']","['7d', '9h']",,,1,1
534,Pre-Flop,1,-2690,2690,CALL,0,"['7s', '5s']","['9d', '9s']","['7d', '9h']",,,2,2
534,Flop,0,-2690,2690,CHECK,0,"['7s', '5s']","['9d', '9s']","['7d', '9h', '3s']",,,100,100
534,Flop,1,-2690,2690,DISCARD,0,"['7s', '5s']","['9d', '9s']","['7d', '9h', '3s']",,,100,100
534,Flop,1,-2690,2690,CHECK,0,"['7s', '5s']","['6s', '9s']","['7d', '9h', '3s']",,9d,100,100
534,Turn,0,-2690,2690,CHECK,0,"['7s', '5s']","['6s', '9s']","['7d', '9h', '3s', '6d']",,9d,100,100
534,Turn,1,-2690,2690,CHECK,0,"['7s', '5s']","['6s', '9s']","['7d', '9h', '3s', '6d']",,9d,100,100
534,River,0,-2690,2690,CHECK,0,"['7s', '5s']","['6s', '9s']","['7d', '9h', '3s', '6d', '8s']",,9d,100,100
534,River,1,-2690,2690,CHECK,0,"['7s', '5s']","['6s', '9s']","['7d', '9h', '3s', '6d', '8s']",,9d,100,100
535,Pre-Flop,1,-2590,2590,RAISE,2,"['3h', '4d']","['7s', '8d']","['Ah', '8s']",,,1,1
535,Pre-Flop,0,-2590,2590,RAISE,96,"['3h', '4d']","['7s', '8d']","['Ah', '8s']",,,2,2
535,Pre-Flop,1,-2590,2590,CALL,0,"['3h', '4d']","['7s', '8d']","['Ah', '8s']",,,4,4
535,Pre-Flop,0,-2590,2590,CHECK,0,"['3h', '4d']","['7s', '8d']","['Ah', '8s']",,,100,100
535,Flop,1,-2590,2590,DISCARD,0,"['3h', '4d']","['7s', '8d']","['Ah', '8s', '2h']",,,100,100
535,Flop,1,-2590,2590,CHECK,0,"['3h', '4d']","['7s', '9h']","['Ah', '8s', '2h']",,8d,100,100
535,Flop,0,-2590,2590,CHECK,0,"['3h', '4d']","['7s', '9h']","['Ah', '8s', '2h']",,8d,100,100
535,Turn,1,-2590,2590,CHECK,0,"['3h', '4d']","['7s', '9h']","['Ah', '8s', '2h', '2s']",,8d,100,100
535,Turn,0,-2590,2590,CHECK,0,"['3h', '4d']","['7s', '9h']","['Ah', '8s', '2h', '2s']",,8d,100,100
535,River,1,-2590,2590,CHECK,0,"['3h', '4d']","['7s', '9h']","['Ah', '8s', '2h', '2s', '6h']",,8d,100,100
535,River,0,-2590,2590,CHECK,0,"['3h', '4d']","['7s', '9h']","['Ah', '8s', '2h', '2s', '6h']",,8d,100,100
536,Pre-Flop,0,-2690,2690,RAISE,98,"['7d', '3d']","['9h', '8d']","['Ah', '2d']",,,1,1
536,Pre-Flop,1,-2690,2690,CALL,0,"['7d', '3d']","['9h', '8d']","['Ah', '2d']",,,2,2
536,Flop,0,-2690,2690,CHECK,0,"['7d', '3d']","['9h', '8d']","['Ah', '2d', '2s']",,,100,100
536,Flop,1,-2690,2690,DISCARD,0,"['7d', '3d']","['9h', '8d']","['Ah', '2d', '2s']",,,100,100
536,Flop,1,-2690,2690,CHECK,0,"['7d', '3d']","['9h', '6d']","['Ah', '2d', '2s']",,8d,100,100
536,Turn,0,-2690,2690,CHECK,0,"['7d', '3d']","['9h', '6d']","['Ah', '2d', '2s', '4s']",,8d,100,100
536,Turn,1,-2690,2690,CHECK,0,"['7d', '3d']","['9h', '6d']","['Ah', '2d', '2s', '4s']",,8d,100,100
536,River,0,-2690,2690,CHECK,0,"['7d', '3d']","['9h', '6d']","['Ah', '2d', '2s', '4s', 'Ad']",,8d,100,100
536,River,1,-2690,2690,CHECK,0,"['7d', '3d']","['9h', '6d']","['Ah', '2d', '2s', '4s', 'Ad']",,8d,100,100
537,Pre-Flop,1,-2790,2790,RAISE,2,"['4h', '9s']","['4d', '5s']","['8d', '6d']",,,1,1
537,Pre-Flop,0,-2790,2790,RAISE,96,"['4h', '9s']","['4d', '5s']","['8d', '6d']",,,2,2
537,Pre-Flop,1,-2790,2790,CALL,0,"['4h', '9s']","['4d', '5s']","['8d', '6d']",,,4,4
537,Pre-Flop,0,-2790,2790,CHECK,0,"['4h', '9s']","['4d', '5s']","['8d', '6d']",,,100,100
537,Flop,1,-2790,2790,DISCARD,0,"['4h', '9s']","['4d', '5s']","['8d', '6d', '5h']",,,100,100
537,Flop,1,-2790,2790,CHECK,0,"['4h', '9s']","['4d', '2d']","['8d', '6d', '5h']",,5s,100,100
537,Flop,0,-2790,2790,CHECK,0,"['4h', '9s']","['4d', '2d']","['8d', '6d', '5h']",,5s,100,100
537,Turn,1,-2790,2790,CHECK,0,"['4h', '9s']","['4d', '2d']","['8d', '6d', '5h', '4s']",,5s,100,100
537,Turn,0,-2790,2790,CHECK,0,"['4h', '9s']","['4d', '2d']","['8d', '6d', '5h', '4s']",,5s,100,100
537,River,1,-2790,2790,CHECK,0,"['4h', '9s']","['4d', '2d']","['8d', '6d', '5h', '4s', '2h']",,5s,100,100
537,River,0,-2790,2790,CHECK,0,"['4h', '9s']","['4d', '2d']","['8d', '6d', '5h', '4s', '2h']",,5s,100,100
538,Pre-Flop,0,-2890,2890,RAISE,98,"['8s', '5d']","['9d', '5h']","['4h', '7h']",,,1,1
538,Pre-Flop,1,-2890,2890,CALL,0,"['8s', '5d']","['9d', '5h']","['4h', '7h']",,,2,2
538,Flop,0,-2890,2890,CHECK,0,"['8s', '5d']","['9d', '5h']","['4h', '7h', '3d']",,,100,100
538,Flop,1,-2890,2890,DISCARD,0,"['8s', '5d']","['9d', '5h']","['4h', '7h', '3d']",,,100,100
538,Flop,1,-2890,2890,CHECK,0,"['8s', '5d']","['9d', '3h']","['4h', '7h', '3d']",,5h,100,100
538,Turn,0,-2890,2890,CHECK,0,"['8s', '5d']","['9d', '3h']","['4h', '7h', '3d', '7d']",,5h,100,100
538,Turn,1,-2890,2890,CHECK,0,"['8s', '5d']","['9d', '3h']","['4h', '7h', '3d', '7d']",,5h,100,100
538,River,0,-2890,2890,CHECK,0,"['8s', '5d']","['9d', '3h']","['4h', '7h', '3d', '7d', '6d']",,5h,100,100
538,River,1,-2890,2890,CHECK,0,"['8s', '5d']","['9d', '3h']","['4h', '7h', '3d', '7d', '6d']",,5h,100,100
539,Pre-Flop,1,-2790,2790,RAISE,2,"['As', '6s']","['9s', '4d']","['Ah', '9h']",,,1,1
539,Pre-Flop,0,-2790,2790,RAISE,96,"['As', '6s']","['9s', '4d']","['Ah', '9h']",,,2,2
539,Pre-Flop,1,-2790,2790,CALL,0,"['As', '6s']","['9s', '4d']","['Ah', '9h']",,,4,4
539,Pre-Flop,0,-2790,2790,CHECK,0,"['As', '6s']","['9s', '4d']","['Ah', '9h']",,,100,100
539,Flop,1,-2790,2790,DISCARD,0,"['As', '6s']","['9s', '4d']","['Ah', '9h', '2h']",,,100,100
539,Flop,1,-2790,2790,CHECK,0,"['As', '6s']","['9s', '8s']","['Ah', '9h', '2h']",,4d,100,100
539,Flop,0,-2790,2790,CHECK,0,"['As', '6s']","['9s', '8s']","['Ah', '9h', '2h']",,4d,100,100
539,Turn,1,-2790,2790,CHECK,0,"['As', '6s']","['9s', '8s']","['Ah', '9h', '2h', '3s']",,4d,100,100
539,Turn,0,-2790,2790,CHECK,0,"['As', '6s']","['9s', '8s']","['Ah', '9h', '2h', '3s']",,4d,100,100
539,River,1,-2790,2790,CHECK,0,"['As', '6s']","['9s', '8s']","['Ah', '9h', '2h', '3s', '3h']",,4d,100,100
539,River,0,-2790,2790,CHECK,0,"['As', '6s']","['9s', '8s']","['Ah', '9h', '2h', '3s', '3h']",,4d,100,100
540,Pre-Flop,0,-2690,2690,RAISE,98,"['As', '2s']","['4d', 'Ad']","['3s', '4s']",,,1,1
540,Pre-Flop,1,-2690,2690,CALL,0,"['As', '2s']","['4d', 'Ad']","['3s', '4s']",,,2,2
540,Flop,0,-2690,2690,CHECK,0,"['As', '2s']","['4d', 'Ad']","['3s', '4s', '3h']",,,100,100
540,Flop,1,-2690,2690,DISCARD,0,"['As', '2s']","['4d', 'Ad']","['3s', '4s', '3h']",,,100,100
540,Flop,1,-2690,2690,CHECK,0,"['As', '2s']","['4d', '9h']","['3s', '4s', '3h']",,Ad,100,100
540,Turn,0,-2690,2690,CHECK,0,"['As', '2s']","['4d', '9h']","['3s', '4s', '3h', '3d']",,Ad,100,100
540,Turn,1,-2690,2690,CHECK,0,"['As', '2s']","['4d', '9h']","['3s', '4s', '3h', '3d']",,Ad,100,100
540,River,0,-2690,2690,CHECK,0,"['As', '2s']","['4d', '9h']","['3s', '4s', '3h', '3d', '6d']",,Ad,100,100
540,River,1,-2690,2690,CHECK,0,"['As', '2s']","['4d', '9h']","['3s', '4s', '3h', '3d', '6d']",,Ad,100,100
541,Pre-Flop,1,-2790,2790,RAISE,2,"['4h', 'Ah']","['5s', '7d']","['5d', '5h']",,,1,1
541,Pre-Flop,0,-2790,2790,RAISE,96,"['4h', 'Ah']","['5s', '7d']","['5d', '5h']",,,2,2
541,Pre-Flop,1,-2790,2790,CALL,0,"['4h', 'Ah']","['5s', '7d']","['5d', '5h']",,,4,4
541,Pre-Flop,0,-2790,2790,CHECK,0,"['4h', 'Ah']","['5s', '7d']","['5d', '5h']",,,100,100
541,Flop,1,-2790,2790,DISCARD,0,"['4h', 'Ah']","['5s', '7d']","['5d', '5h', '4s']",,,100,100
541,Flop,1,-2790,2790,CHECK,0,"['4h', 'Ah']","['Ad', '7d']","['5d', '5h', '4s']",,5s,100,100
541,Flop,0,-2790,2790,CHECK,0,"['4h', 'Ah']","['Ad', '7d']","['5d', '5h', '4s']",,5s,100,100
541,Turn,1,-2790,2790,CHECK,0,"['4h', 'Ah']","['Ad', '7d']","['5d', '5h', '4s', '6h']",,5s,100,100
541,Turn,0,-2790,2790,CHECK,0,"['4h', 'Ah']","['Ad', '7d']","['5d', '5h', '4s', '6h']",,5s,100,100
541,River,1,-2790,2790,CHECK,0,"['4h', 'Ah']","['Ad', '7d']","['5d', '5h', '4s', '6h', '6s']",,5s,100,100
541,River,0,-2790,2790,CHECK,0,"['4h', 'Ah']","['Ad', '7d']","['5d', '5h', '4s', '6h', '6s']",,5s,100,100
542,Pre-Flop,0,-2790,2790,RAISE,98,"['3s', '8s']","['6h', '5h']","['2d', 'As']",,,1,1
542,Pre-Flop,1,-2790,2790,CALL,0,"['3s', '8s']","['6h', '5h']","['2d', 'As']",,,2,2
542,Flop,0,-2790,2790,CHECK,0,"['3s', '8s']","['6h', '5h']","['2d', 'As', '4d']",,,100,100
542,Flop,1,-2790,2790,CHECK,0,"['3s', '8s']","['6h', '5h']","['2d', 'As', '4d']",,,100,100
542,Turn,0,-2790,2790,CHECK,0,"['3s', '8s']","['6h', '5h']","['2d', 'As', '4d', '7d']",,,100,100
542,Turn,1,-2790,2790,CHECK,0,"['3s', '8s']","['6h', '5h']","['2d', 'As', '4d', '7d']",,,100,100
542,River,0,-2790,2790,CHECK,0,"['3s', '8s']","['6h', '5h']","['2d', 'As', '4d', '7d', '9s']",,,100,100
542,River,1,-2790,2790,CHECK,0,"['3s', '8s']","['6h', '5h']","['2d', 'As', '4d', '7d', '9s']",,,100,100
543,Pre-Flop,1,-2690,2690,RAISE,2,"['4s', 'Ad']","['4d', '7d']","['9d', '7h']",,,1,1
543,Pre-Flop,0,-2690,2690,RAISE,96,"['4s', 'Ad']","['4d', '7d']","['9d', '7h']",,,2,2
543,Pre-Flop,1,-2690,2690,CALL,0,"['4s', 'Ad']","['4d', '7d']","['9d', '7h']",,,4,4
543,Pre-Flop,0,-2690,2690,CHECK,0,"['4s', 'Ad']","['4d', '7d']","['9d', '7h']",,,100,100
543,Flop,1,-2690,2690,DISCARD,0,"['4s', 'Ad']","['4d', '7d']","['9d', '7h', '6s']",,,100,100
543,Flop,1,-2690,2690,CHECK,0,"['4s', 'Ad']","['4d', '9s']","['9d', '7h', '6s']",,7d,100,100
543,Flop,0,-2690,2690,CHECK,0,"['4s', 'Ad']","['4d', '9s']","['9d', '7h', '6s']",,7d,100,100
543,Turn,1,-2690,2690,CHECK,0,"['4s', 'Ad']","['4d', '9s']","['9d', '7h', '6s', '4h']",,7d,100,100
543,Turn,0,-2690,2690,CHECK,0,"['4s', 'Ad']","['4d', '9s']","['9d', '7h', '6s', '4h']",,7d,100,100
543,River,1,-2690,2690,CHECK,0,"['4s', 'Ad']","['4d', '9s']","['9d', '7h', '6s', '4h', '8h']",,7d,100,100
543,River,0,-2690,2690,CHECK,0,"['4s', 'Ad']","['4d', '9s']","['9d', '7h', '6s', '4h', '8h']",,7d,100,100
544,Pre-Flop,0,-2590,2590,RAISE,98,"['As', '6d']","['Ah', '5d']","['4s', '7s']",,,1,1
544,Pre-Flop,1,-2590,2590,CALL,0,"['As', '6d']","['Ah', '5d']","['4s', '7s']",,,2,2
544,Flop,0,-2590,2590,CHECK,0,"['As', '6d']","['Ah', '5d']","['4s', '7s', '6s']",,,100,100
544,Flop,1,-2590,2590,DISCARD,0,"['As', '6d']","['Ah', '5d']","['4s', '7s', '6s']",,,100,100
544,Flop,1,-2590,2590,CHECK,0,"['As', '6d']","['Ah', '4h']","['4s', '7s', '6s']",,5d,100,100
544,Turn,0,-2590,2590,CHECK,0,"['As', '6d']","['Ah', '4h']","['4s', '7s', '6s', '3d']",,5d,100,100
544,Turn,1,-2590,2590,CHECK,0,"['As', '6d']","['Ah', '4h']","['4s', '7s', '6s', '3d']",,5d,100,100
544,River,0,-2590,2590,CHECK,0,"['As', '6d']","['Ah', '4h']","['4s', '7s', '6s', '3d', '7h']",,5d,100,100
544,River,1,-2590,2590,CHECK,0,"['As', '6d']","['Ah', '4h']","['4s', '7s', '6s', '3d', '7h']",,5d,100,100
545,Pre-Flop,1,-2490,2490,RAISE,2,"['6h', 'Ah']","['2h', '3h']","['6s', 'As']",,,1,1
545,Pre-Flop,0,-2490,2490,RAISE,96,"['6h', 'Ah']","['2h', '3h']","['6s', 'As']",,,2,2
545,Pre-Flop,1,-2490,2490,DISCARD,0,"['6h', 'Ah']","['2h', '3h']","['6s', 'As']",,,4,4
545,Pre-Flop,1,-2490,2490,CALL,0,"['6h', 'Ah']","['2h', '5s']","['6s', 'As']",,3h,4,4
545,Pre-Flop,0,-2490,2490,CHECK,0,"['6h', 'Ah']","['2h', '5s']","['6s', 'As']",,3h,100,100
545,Flop,1,-2490,2490,CHECK,0,"['6h', 'Ah']","['2h', '5s']","['6s', 'As', '4d']",,3h,100,100
545,Flop,0,-2490,2490,CHECK,0,"['6h', 'Ah']","['2h', '5s']","['6s', 'As', '4d']",,3h,100,100
545,Turn,1,-2490,2490,CHECK,0,"['6h', 'Ah']","['2h', '5s']","['6s', 'As', '4d', '2s']",,3h,100,100
545,Turn,0,-2490,2490,CHECK,0,"['6h', 'Ah']","['2h', '5s']","['6s', 'As', '4d', '2s']",,3h,100,100
545,River,1,-2490,2490,CHECK,0,"['6h', 'Ah']","['2h', '5s']","['6s', 'As', '4d', '2s', '4s']",,3h,100,100
545,River,0,-2490,2490,CHECK,0,"['6h', 'Ah']","['2h', '5s']","['6s', 'As', '4d', '2s', '4s']",,3h,100,100
546,Pre-Flop,0,-2590,2590,RAISE,98,"['7d', '3s']","['5d', '7h']","['8h', '6s']",,,1,1
546,Pre-Flop,1,-2590,2590,CALL,0,"['7d', '3s']","['5d', '7h']","['8h', '6s']",,,2,2
546,Flop,0,-2590,2590,CHECK,0,"['7d', '3s']","['5d', '7h']","['8h', '6s', '2h']",,,100,100
546,Flop,1,-2590,2590,DISCARD,0,"['7d', '3s']","['5d', '7h']","['8h', '6s', '2h']",,,100,100
546,Flop,1,-2590,2590,CHECK,0,"['7d', '3s']","['As', '7h']","['8h', '6s', '2h']",,5d,100,100
546,Turn,0,-2590,2590,CHECK,0,"['7d', '3s']","['As', '7h']","['8h', '6s', '2h', '5s']",,5d,100,100
546,Turn,1,-2590,2590,CHECK,0,"['7d', '3s']","['As', '7h']","['8h', '6s', '2h', '5s']",,5d,100,100
546,River,0,-2590,2590,CHECK,0,"['7d', '3s']","['As', '7h']","['8h', '6s', '2h', '5s', '7s']",,5d,100,100
546,River,1,-2590,2590,CHECK,0,"['7d', '3s']","['As', '7h']","['8h', '6s', '2h', '5s', '7s']",,5d,100,100
547,Pre-Flop,1,-2690,2690,RAISE,3,"['As', '6d']","['7s', '6s']","['3h', '9s']",,,1,1
547,Pre-Flop,0,-2690,2690,RAISE,95,"['As', '6d']","['7s', '6s']","['3h', '9s']",,,2,2
547,Pre-Flop,1,-2690,2690,CALL,0,"['As', '6d']","['7s', '6s']","['3h', '9s']",,,5,5
547,Pre-Flop,0,-2690,2690,CHECK,0,"['As', '6d']","['7s', '6s']","['3h', '9s']",,,100,100
547,Flop,1,-2690,2690,CHECK,0,"['As', '6d']","['7s', '6s']","['3h', '9s', '4h']",,,100,100
547,Flop,0,-2690,2690,CHECK,0,"['As', '6d']","['7s', '6s']","['3h', '9s', '4h']",,,100,100
547,Turn,1,-2690,2690,CHECK,0,"['As', '6d']","['7s', '6s']","['3h', '9s', '4h', '4s']",,,100,100
547,Turn,0,-2690,2690,CHECK,0,"['As', '6d']","['7s', '6s']","['3h', '9s', '4h', '4s']",,,100,100
547,River,1,-2690,2690,CHECK,0,"['As', '6d']","['7s', '6s']","['3h', '9s', '4h', '4s', 'Ad']",,,100,100
547,River,0,-2690,2690,CHECK,0,"['As', '6d']","['7s', '6s']","['3h', '9s', '4h', '4s', 'Ad']",,,100,100
548,Pre-Flop,0,-2590,2590,RAISE,98,"['4s', '3s']","['7s', '2h']","['3d', '5h']",,,1,1
548,Pre-Flop,1,-2590,2590,CALL,0,"['4s', '3s']","['7s', '2h']","['3d', '5h']",,,2,2
548,Flop,0,-2590,2590,CHECK,0,"['4s', '3s']","['7s', '2h']","['3d', '5h', '9d']",,,100,100
548,Flop,1,-2590,2590,DISCARD,0,"['4s', '3s']","['7s', '2h']","['3d', '5h', '9d']",,,100,100
548,Flop,1,-2590,2590,CHECK,0,"['4s', '3s']","['4d', '2h']","['3d', '5h', '9d']",,7s,100,100
548,Turn,0,-2590,2590,CHECK,0,"['4s', '3s']","['4d', '2h']","['3d', '5h', '9d', '6h']",,7s,100,100
548,Turn,1,-2590,2590,CHECK,0,"['4s', '3s']","['4d', '2h']","['3d', '5h', '9d', '6h']",,7s,100,100
548,River,0,-2590,2590,CHECK,0,"['4s', '3s']","['4d', '2h']","['3d', '5h', '9d', '6h', '2d']",,7s,100,100
548,River,1,-2590,2590,CHECK,0,"['4s', '3s']","['4d', '2h']","['3d', '5h', '9d', '6h', '2d']",,7s,100,100
549,Pre-Flop,1,-2590,2590,DISCARD,0,"['5d', '2h']","['4s', '5h']","['8d', '6s']",,,1,1
549,Pre-Flop,1,-2590,2590,RAISE,2,"['5d', '2h']","['4s', '4d']","['8d', '6s']",,5h,1,1
549,Pre-Flop,0,-2590,2590,RAISE,96,"['5d', '2h']","['4s', '4d']","['8d', '6s']",,5h,2,2
549,Pre-Flop,1,-2590,2590,CALL,0,"['5d', '2h']","['4s', '4d']","['8d', '6s']",,5h,4,4
549,Pre-Flop,0,-2590,2590,CHECK,0,"['5d', '2h']","['4s', '4d']","['8d', '6s']",,5h,100,100
549,Flop,1,-2590,2590,CHECK,0,"['5d', '2h']","['4s', '4d']","['8d', '6s', '6d']",,5h,100,100
549,Flop,0,-2590,2590,CHECK,0,"['5d', '2h']","['4s', '4d']","['8d', '6s', '6d']",,5h,100,100
549,Turn,1,-2590,2590,CHECK,0,"['5d', '2h']","['4s', '4d']","['8d', '6s', '6d', '9d']",,5h,100,100
549,Turn,0,-2590,2590,CHECK,0,"['5d', '2h']","['4s', '4d']","['8d', '6s', '6d', '9d']",,5h,100,100
549,River,1,-2590,2590,CHECK,0,"['5d', '2h']","['4s', '4d']","['8d', '6s', '6d', '9d', '2d']",,5h,100,100
549,River,0,-2590,2590,CHECK,0,"['5d', '2h']","['4s', '4d']","['8d', '6s', '6d', '9d', '2d']",,5h,100,100
550,Pre-Flop,0,-2490,2490,RAISE,98,"['3d', '2h']","['7d', 'Ah']","['4d', '6s']",,,1,1
550,Pre-Flop,1,-2490,2490,CALL,0,"['3d', '2h']","['7d', 'Ah']","['4d', '6s']",,,2,2
550,Flop,0,-2490,2490,CHECK,0,"['3d', '2h']","['7d', 'Ah']","['4d', '6s', '9s']",,,100,100
550,Flop,1,-2490,2490,DISCARD,0,"['3d', '2h']","['7d', 'Ah']","['4d', '6s', '9s']",,,100,100
550,Flop,1,-2490,2490,CHECK,0,"['3d', '2h']","['4s', 'Ah']","['4d', '6s', '9s']",,7d,100,100
550,Turn,0,-2490,2490,CHECK,0,"['3d', '2h']","['4s', 'Ah']","['4d', '6s', '9s', '6d']",,7d,100,100
550,Turn,1,-2490,2490,CHECK,0,"['3d', '2h']","['4s', 'Ah']","['4d', '6s', '9s', '6d']",,7d,100,100
550,River,0,-2490,2490,CHECK,0,"['3d', '2h']","['4s', 'Ah']","['4d', '6s', '9s', '6d', '9h']",,7d,100,100
550,River,1,-2490,2490,CHECK,0,"['3d', '2h']","['4s', 'Ah']","['4d', '6s', '9s', '6d', '9h']",,7d,100,100
551,Pre-Flop,1,-2590,2590,RAISE,2,"['2s', '5d']","['3h', '9h']","['3s', '6h']",,,1,1
551,Pre-Flop,0,-2590,2590,RAISE,96,"['2s', '5d']","['3h', '9h']","['3s', '6h']",,,2,2
551,Pre-Flop,1,-2590,2590,DISCARD,0,"['2s', '5d']","['3h', '9h']","['3s', '6h']",,,4,4
551,Pre-Flop,1,-2590,2590,CALL,0,"['2s', '5d']","['2h', '9h']","['3s', '6h']",,3h,4,4
551,Pre-Flop,0,-2590,2590,CHECK,0,"['2s', '5d']","['2h', '9h']","['3s', '6h']",,3h,100,100
551,Flop,1,-2590,2590,CHECK,0,"['2s', '5d']","['2h', '9h']","['3s', '6h', '9d']",,3h,100,100
551,Flop,0,-2590,2590,CHECK,0,"['2s', '5d']","['2h', '9h']","['3s', '6h', '9d']",,3h,100,100
551,Turn,1,-2590,2590,CHECK,0,"['2s', '5d']","['2h', '9h']","['3s', '6h', '9d', '5h']",,3h,100,100
551,Turn,0,-2590,2590,CHECK,0,"['2s', '5d']","['2h', '9h']","['3s', '6h', '9d', '5h']",,3h,100,100
551,River,1,-2590,2590,CHECK,0,"['2s', '5d']","['2h', '9h']","['3s', '6h', '9d', '5h', 'Ad']",,3h,100,100
551,River,0,-2590,2590,CHECK,0,"['2s', '5d']","['2h', '9h']","['3s', '6h', '9d', '5h', 'Ad']",,3h,100,100
552,Pre-Flop,0,-2690,2690,RAISE,98,"['2h', '8h']","['Ad', '9s']","['7h', '7s']",,,1,1
552,Pre-Flop,1,-2690,2690,CALL,0,"['2h', '8h']","['Ad', '9s']","['7h', '7s']",,,2,2
552,Flop,0,-2690,2690,CHECK,0,"['2h', '8h']","['Ad', '9s']","['7h', '7s', '5s']",,,100,100
552,Flop,1,-2690,2690,DISCARD,0,"['2h', '8h']","['Ad', '9s']","['7h', '7s', '5s']",,,100,100
552,Flop,1,-2690,2690,CHECK,0,"['2h', '8h']","['2d', '9s']","['7h', '7s', '5s']",,Ad,100,100
552,Turn,0,-2690,2690,CHECK,0,"['2h', '8h']","['2d', '9s']","['7h', '7s', '5s', '8s']",,Ad,100,100
552,Turn,1,-2690,2690,CHECK,0,"['2h', '8h']","['2d', '9s']","['7h', '7s', '5s', '8s']",,Ad,100,100
552,River,0,-2690,2690,CHECK,0,"['2h', '8h']","['2d', '9s']","['7h', '7s', '5s', '8s', '6s']",,Ad,100,100
552,River,1,-2690,2690,CHECK,0,"['2h', '8h']","['2d', '9s']","['7h', '7s', '5s', '8s', '6s']",,Ad,100,100
553,Pre-Flop,1,-2790,2790,RAISE,2,"['2d', '9d']","['9s', '5d']","['8d', '7s']",,,1,1
553,Pre-Flop,0,-2790,2790,RAISE,96,"['2d', '9d']","['9s', '5d']","['8d', '7s']",,,2,2
553,Pre-Flop,1,-2790,2790,CALL,0,"['2d', '9d']","['9s', '5d']","['8d', '7s']",,,4,4
553,Pre-Flop,0,-2790,2790,CHECK,0,"['2d', '9d']","['9s', '5d']","['8d', '7s']",,,100,100
553,Flop,1,-2790,2790,DISCARD,0,"['2d', '9d']","['9s', '5d']","['8d', '7s', '6d']",,,100,100
553,Flop,1,-2790,2790,CHECK,0,"['2d', '9d']","['3h', '5d']","['8d', '7s', '6d']",,9s,100,100
553,Flop,0,-2790,2790,CHECK,0,"['2d', '9d']","['3h', '5d']","['8d', '7s', '6d']",,9s,100,100
553,Turn,1,-2790,2790,CHECK,0,"['2d', '9d']","['3h', '5d']","['8d', '7s', '6d', '4s']",,9s,100,100
553,Turn,0,-2790,2790,CHECK,0,"['2d', '9d']","['3h', '5d']","['8d', '7s', '6d', '4s']",,9s,100,100
553,River,1,-2790,2790,CHECK,0,"['2d', '9d']","['3h', '5d']","['8d', '7s', '6d', '4s', '7d']",,9s,100,100
553,River,0,-2790,2790,CHECK,0,"['2d', '9d']","['3h', '5d']","['8d', '7s', '6d', '4s', '7d']",,9s,100,100
554,Pre-Flop,0,-2690,2690,RAISE,98,"['7s', '7h']","['5s', '4s']","['8s', 'Ad']",,,1,1
554,Pre-Flop,1,-2690,2690,CALL,0,"['7s', '7h']","['5s', '4s']","['8s', 'Ad']",,,2,2
554,Flop,0,-2690,2690,CHECK,0,"['7s', '7h']","['5s', '4s']","['8s', 'Ad', '6d']",,,100,100
554,Flop,1,-2690,2690,DISCARD,0,"['7s', '7h']","['5s', '4s']","['8s', 'Ad', '6d']",,,100,100
554,Flop,1,-2690,2690,CHECK,0,"['7s', '7h']","['5s', '8d']","['8s', 'Ad', '6d']",,4s,100,100
554,Turn,0,-2690,2690,CHECK,0,"['7s', '7h']","['5s', '8d']","['8s', 'Ad', '6d', '9d']",,4s,100,100
554,Turn,1,-2690,2690,CHECK,0,"['7s', '7h']","['5s', '8d']","['8s', 'Ad', '6d', '9d']",,4s,100,100
554,River,0,-2690,2690,CHECK,0,"['7s', '7h']","['5s', '8d']","['8s', 'Ad', '6d', '9d', '3s']",,4s,100,100
554,River,1,-2690,2690,CHECK,0,"['7s', '7h']","['5s', '8d']","['8s', 'Ad', '6d', '9d', '3s']",,4s,100,100
555,Pre-Flop,1,-2590,2590,RAISE,2,"['Ah', '6h']","['7h', '3s']","['As', '3d']",,,1,1
555,Pre-Flop,0,-2590,2590,RAISE,96,"['Ah', '6h']","['7h', '3s']","['As', '3d']",,,2,2
555,Pre-Flop,1,-2590,2590,CALL,0,"['Ah', '6h']","['7h', '3s']","['As', '3d']",,,4,4
555,Pre-Flop,0,-2590,2590,CHECK,0,"['Ah', '6h']","['7h', '3s']","['As', '3d']",,,100,100
555,Flop,1,-2590,2590,DISCARD,0,"['Ah', '6h']","['7h', '3s']","['As', '3d', '2s']",,,100,100
555,Flop,1,-2590,2590,CHECK,0,"['Ah', '6h']","['Ad', '3s']","['As', '3d', '2s']",,7h,100,100
555,Flop,0,-2590,2590,CHECK,0,"['Ah', '6h']","['Ad', '3s']","['As', '3d', '2s']",,7h,100,100
555,Turn,1,-2590,2590,CHECK,0,"['Ah', '6h']","['Ad', '3s']","['As', '3d', '2s', '5d']",,7h,100,100
555,Turn,0,-2590,2590,CHECK,0,"['Ah', '6h']","['Ad', '3s']","['As', '3d', '2s', '5d']",,7h,100,100
555,River,1,-2590,2590,CHECK,0,"['Ah', '6h']","['Ad', '3s']","['As', '3d', '2s', '5d', '2d']",,7h,100,100
555,River,0,-2590,2590,CHECK,0,"['Ah', '6h']","['Ad', '3s']","['As', '3d', '2s', '5d', '2d']",,7h,100,100
556,Pre-Flop,0,-2690,2690,RAISE,98,"['3s', '9s']","['2s', '6d']","['7s', '4d']",,,1,1
556,Pre-Flop,1,-2690,2690,CALL,0,"['3s', '9s']","['2s', '6d']","['7s', '4d']",,,2,2
556,Flop,0,-2690,2690,CHECK,0,"['3s', '9s']","['2s', '6d']","['7s', '4d', '8s']",,,100,100
556,Flop,1,-2690,2690,DISCARD,0,"['3s', '9s']","['2s', '6d']","['7s', '4d', '8s']",,,100,100
556,Flop,1,-2690,2690,CHECK,0,"['3s', '9s']","['Ad', '6d']","['7s', '4d', '8s']",,2s,100,100
556,Turn,0,-2690,2690,CHECK,0,"['3s', '9s']","['Ad', '6d']","['7s', '4d', '8s', '5d']",,2s,100,100
556,Turn,1,-2690,2690,CHECK,0,"['3s', '9s']","['Ad', '6d']","['7s', '4d', '8s', '5d']",,2s,100,100
556,River,0,-2690,2690,CHECK,0,"['3s', '9s']","['Ad', '6d']","['7s', '4d', '8s', '5d', 'As']",,2s,100,100
556,River,1,-2690,2690,CHECK,0,"['3s', '9s']","['Ad', '6d']","['7s', '4d', '8s', '5d', 'As']",,2s,100,100
557,Pre-Flop,1,-2590,2590,RAISE,2,"['2d', '7s']","['8d', '5s']","['9s', '4h']",,,1,1
557,Pre-Flop,0,-2590,2590,RAISE,96,"['2d', '7s']","['8d', '5s']","['9s', '4h']",,,2,2
557,Pre-Flop,1,-2590,2590,CALL,0,"['2d', '7s']","['8d', '5s']","['9s', '4h']",,,4,4
557,Pre-Flop,0,-2590,2590,CHECK,0,"['2d', '7s']","['8d', '5s']","['9s', '4h']",,,100,100
557,Flop,1,-2590,2590,DISCARD,0,"['2d', '7s']","['8d', '5s']","['9s', '4h', '4d']",,,100,100
557,Flop,1,-2590,2590,CHECK,0,"['2d', '7s']","['2h', '5s']","['9s', '4h', '4d']",,8d,100,100
557,Flop,0,-2590,2590,CHECK,0,"['2d', '7s']","['2h', '5s']","['9s', '4h', '4d']",,8d,100,100
557,Turn,1,-2590,2590,CHECK,0,"['2d', '7s']","['2h', '5s']","['9s', '4h', '4d', 'Ah']",,8d,100,100
557,Turn,0,-2590,2590,CHECK,0,"['2d', '7s']","['2h', '5s']","['9s', '4h', '4d', 'Ah']",,8d,100,100
557,River,1,-2590,2590,CHECK,0,"['2d', '7s']","['2h', '5s']","['9s', '4h', '4d', 'Ah', '3h']",,8d,100,100
557,River,0,-2590,2590,CHECK,0,"['2d', '7s']","['2h', '5s']","['9s', '4h', '4d', 'Ah', '3h']",,8d,100,100
558,Pre-Flop,0,-2690,2690,RAISE,98,"['2s', '5d']","['7h', '9d']","['7d', '6h']",,,1,1
558,Pre-Flop,1,-2690,2690,CALL,0,"['2s', '5d']","['7h', '9d']","['7d', '6h']",,,2,2
558,Flop,0,-2690,2690,CHECK,0,"['2s', '5d']","['7h', '9d']","['7d', '6h', '2h']",,,100,100
558,Flop,1,-2690,2690,DISCARD,0,"['2s', '5d']","['7h', '9d']","['7d', '6h', '2h']",,,100,100
558,Flop,1,-2690,2690,CHECK,0,"['2s', '5d']","['8s', '9d']","['7d', '6h', '2h']",,7h,100,100
558,Turn,0,-2690,2690,CHECK,0,"['2s', '5d']","['8s', '9d']","['7d', '6h', '2h', '6s']",,7h,100,100
558,Turn,1,-2690,2690,CHECK,0,"['2s', '5d']","['8s', '9d']","['7d', '6h', '2h', '6s']",,7h,100,100
558,River,0,-2690,2690,CHECK,0,"['2s', '5d']","['8s', '9d']","['7d', '6h', '2h', '6s', '3s']",,7h,100,100
558,River,1,-2690,2690,CHECK,0,"['2s', '5d']","['8s', '9d']","['7d', '6h', '2h', '6s', '3s']",,7h,100,100
559,Pre-Flop,1,-2590,2590,RAISE,2,"['Ah', '4s']","['2s', '3h']","['6d', '9d']",,,1,1
559,Pre-Flop,0,-2590,2590,RAISE,96,"['Ah', '4s']","['2s', '3h']","['6d', '9d']",,,2,2
559,Pre-Flop,1,-2590,2590,CALL,0,"['Ah', '4s']","['2s', '3h']","['6d', '9d']",,,4,4
559,Pre-Flop,0,-2590,2590,CHECK,0,"['Ah', '4s']","['2s', '3h']","['6d', '9d']",,,100,100
559,Flop,1,-2590,2590,DISCARD,0,"['Ah', '4s']","['2s', '3h']","['6d', '9d', '7d']",,,100,100
559,Flop,1,-2590,2590,CHECK,0,"['Ah', '4s']","['2s', '5s']","['6d', '9d', '7d']",,3h,100,100
559,Flop,0,-2590,2590,CHECK,0,"['Ah', '4s']","['2s', '5s']","['6d', '9d', '7d']",,3h,100,100
559,Turn,1,-2590,2590,CHECK,0,"['Ah', '4s']","['2s', '5s']","['6d', '9d', '7d', '5h']",,3h,100,100
559,Turn,0,-2590,2590,CHECK,0,"['Ah', '4s']","['2s', '5s']","['6d', '9d', '7d', '5h']",,3h,100,100
559,River,1,-2590,2590,CHECK,0,"['Ah', '4s']","['2s', '5s']","['6d', '9d', '7d', '5h', '8d']",,3h,100,100
559,River,0,-2590,2590,CHECK,0,"['Ah', '4s']","['2s', '5s']","['6d', '9d', '7d', '5h', '8d']",,3h,100,100
560,Pre-Flop,0,-2490,2490,RAISE,98,"['2h', '3s']","['8h', '6h']","['4s', '9d']",,,1,1
560,Pre-Flop,1,-2490,2490,CALL,0,"['2h', '3s']","['8h', '6h']","['4s', '9d']",,,2,2
560,Flop,0,-2490,2490,CHECK,0,"['2h', '3s']","['8h', '6h']","['4s', '9d', '2d']",,,100,100
560,Flop,1,-2490,2490,DISCARD,0,"['2h', '3s']","['8h', '6h']","['4s', '9d', '2d']",,,100,100
560,Flop,1,-2490,2490,CHECK,0,"['2h', '3s']","['8h', '7h']","['4s', '9d', '2d']",,6h,100,100
560,Turn,0,-2490,2490,CHECK,0,"['2h', '3s']","['8h', '7h']","['4s', '9d', '2d', '5d']",,6h,100,100
560,Turn,1,-2490,2490,CHECK,0,"['2h', '3s']","['8h', '7h']","['4s', '9d', '2d', '5d']",,6h,100,100
560,River,0,-2490,2490,CHECK,0,"['2h', '3s']","['8h', '7h']","['4s', '9d', '2d', '5d', '9h']",,6h,100,100
560,River,1,-2490,2490,CHECK,0,"['2h', '3s']","['8h', '7h']","['4s', '9d', '2d', '5d', '9h']",,6h,100,100
561,Pre-Flop,1,-2390,2390,RAISE,3,"['Ad', '5h']","['6s', '5s']","['6h', '3h']",,,1,1
561,Pre-Flop,0,-2390,2390,RAISE,95,"['Ad', '5h']","['6s', '5s']","['6h', '3h']",,,2,2
561,Pre-Flop,1,-2390,2390,CALL,0,"['Ad', '5h']","['6s', '5s']","['6h', '3h']",,,5,5
561,Pre-Flop,0,-2390,2390,CHECK,0,"['Ad', '5h']","['6s', '5s']","['6h', '3h']",,,100,100
561,Flop,1,-2390,2390,DISCARD,0,"['Ad', '5h']","['6s', '5s']","['6h', '3h', '3d']",,,100,100
561,Flop,1,-2390,2390,CHECK,0,"['Ad', '5h']","['6s', '2d']","['6h', '3h', '3d']",,5s,100,100
561,Flop,0,-2390,2390,CHECK,0,"['Ad', '5h']","['6s', '2d']","['6h', '3h', '3d']",,5s,100,100
561,Turn,1,-2390,2390,CHECK,0,"['Ad', '5h']","['6s', '2d']","['6h', '3h', '3d', '2h']",,5s,100,100
561,Turn,0,-2390,2390,CHECK,0,"['Ad', '5h']","['6s', '2d']","['6h', '3h', '3d', '2h']",,5s,100,100
561,River,1,-2390,2390,CHECK,0,"['Ad', '5h']","['6s', '2d']","['6h', '3h', '3d', '2h', '7s']",,5s,100,100
561,River,0,-2390,2390,CHECK,0,"['Ad', '5h']","['6s', '2d']","['6h', '3h', '3d', '2h', '7s']",,5s,100,100
562,Pre-Flop,0,-2490,2490,RAISE,98,"['4h', '7d']","['2s', '2h']","['Ad', '8s']",,,1,1
562,Pre-Flop,1,-2490,2490,CALL,0,"['4h', '7d']","['2s', '2h']","['Ad', '8s']",,,2,2
562,Flop,0,-2490,2490,CHECK,0,"['4h', '7d']","['2s', '2h']","['Ad', '8s', '9h']",,,100,100
562,Flop,1,-2490,2490,DISCARD,0,"['4h', '7d']","['2s', '2h']","['Ad', '8s', '9h']",,,100,100
562,Flop,1,-2490,2490,CHECK,0,"['4h', '7d']","['2s', '9s']","['Ad', '8s', '9h']",,2h,100,100
562,Turn,0,-2490,2490,CHECK,0,"['4h', '7d']","['2s', '9s']","['Ad', '8s', '9h', '7s']",,2h,100,100
562,Turn,1,-2490,2490,CHECK,0,"['4h', '7d']","['2s', '9s']","['Ad', '8s', '9h', '7s']",,2h,100,100
562,River,0,-2490,2490,CHECK,0,"['4h', '7d']","['2s', '9s']","['Ad', '8s', '9h', '7s', '5d']",,2h,100,100
562,River,1,-2490,2490,CHECK,0,"['4h', '7d']","['2s', '9s']","['Ad', '8s', '9h', '7s', '5d']",,2h,100,100
563,Pre-Flop,1,-2590,2590,RAISE,2,"['7h', 'As']","['8d', '7d']","['2s', 'Ah']",,,1,1
563,Pre-Flop,0,-2590,2590,RAISE,96,"['7h', 'As']","['8d', '7d']","['2s', 'Ah']",,,2,2
563,Pre-Flop,1,-2590,2590,CALL,0,"['7h', 'As']","['8d', '7d']","['2s', 'Ah']",,,4,4
563,Pre-Flop,0,-2590,2590,CHECK,0,"['7h', 'As']","['8d', '7d']","['2s', 'Ah']",,,100,100
563,Flop,1,-2590,2590,DISCARD,0,"['7h', 'As']","['8d', '7d']","['2s', 'Ah', '6d']",,,100,100
563,Flop,1,-2590,2590,CHECK,0,"['7h', 'As']","['3d', '7d']","['2s', 'Ah', '6d']",,8d,100,100
563,Flop,0,-2590,2590,CHECK,0,"['7h', 'As']","['3d', '7d']","['2s', 'Ah', '6d']",,8d,100,100
563,Turn,1,-2590,2590,CHECK,0,"['7h', 'As']","['3d', '7d']","['2s', 'Ah', '6d', '4d']",,8d,100,100
563,Turn,0,-2590,2590,CHECK,0,"['7h', 'As']","['3d', '7d']","['2s', 'Ah', '6d', '4d']",,8d,100,100
563,River,1,-2590,2590,CHECK,0,"['7h', 'As']","['3d', '7d']","['2s', 'Ah', '6d', '4d', '9d']",,8d,100,100
563,River,0,-2590,2590,CHECK,0,"['7h', 'As']","['3d', '7d']","['2s', 'Ah', '6d', '4d', '9d']",,8d,100,100
564,Pre-Flop,0,-2690,2690,RAISE,98,"['9s', '4h']","['7h', '2h']","['6s', '7d']",,,1,1
564,Pre-Flop,1,-2690,2690,CALL,0,"['9s', '4h']","['7h', '2h']","['6s', '7d']",,,2,2
564,Flop,0,-2690,2690,CHECK,0,"['9s', '4h']","['7h', '2h']","['6s', '7d', 'As']",,,100,100
564,Flop,1,-2690,2690,DISCARD,0,"['9s', '4h']","['7h', '2h']","['6s', '7d', 'As']",,,100,100
564,Flop,1,-2690,2690,CHECK,0,"['9s', '4h']","['7h', '6d']","['6s', '7d', 'As']",,2h,100,100
564,Turn,0,-2690,2690,CHECK,0,"['9s', '4h']","['7h', '6d']","['6s', '7d', 'As', '8s']",,2h,100,100
564,Turn,1,-2690,2690,CHECK,0,"['9s', '4h']","['7h', '6d']","['6s', '7d', 'As', '8s']",,2h,100,100
564,River,0,-2690,2690,CHECK,0,"['9s', '4h']","['7h', '6d']","['6s', '7d', 'As', '8s', '6h']",,2h,100,100
564,River,1,-2690,2690,CHECK,0,"['9s', '4h']","['7h', '6d']","['6s', '7d', 'As', '8s', '6h']",,2h,100,100
565,Pre-Flop,1,-2790,2790,DISCARD,0,"['4s', '2h']","['3h', '5d']","['6d', 'Ah']",,,1,1
565,Pre-Flop,1,-2790,2790,RAISE,2,"['4s', '2h']","['3h', '8h']","['6d', 'Ah']",,5d,1,1
565,Pre-Flop,0,-2790,2790,RAISE,96,"['4s', '2h']","['3h', '8h']","['6d', 'Ah']",,5d,2,2
565,Pre-Flop,1,-2790,2790,CALL,0,"['4s', '2h']","['3h', '8h']","['6d', 'Ah']",,5d,4,4
565,Pre-Flop,0,-2790,2790,CHECK,0,"['4s', '2h']","['3h', '8h']","['6d', 'Ah']",,5d,100,100
565,Flop,1,-2790,2790,CHECK,0,"['4s', '2h']","['3h', '8h']","['6d', 'Ah', '9d']",,5d,100,100
565,Flop,0,-2790,2790,CHECK,0,"['4s', '2h']","['3h', '8h']","['6d', 'Ah', '9d']",,5d,100,100
565,Turn,1,-2790,2790,CHECK,0,"['4s', '2h']","['3h', '8h']","['6d', 'Ah', '9d', '3s']",,5d,100,100
565,Turn,0,-2790,2790,CHECK,0,"['4s', '2h']","['3h', '8h']","['6d', 'Ah', '9d', '3s']",,5d,100,100
565,River,1,-2790,2790,CHECK,0,"['4s', '2h']","['3h', '8h']","['6d', 'Ah', '9d', '3s', '3d']",,5d,100,100
565,River,0,-2790,2790,CHECK,0,"['4s', '2h']","['3h', '8h']","['6d', 'Ah', '9d', '3s', '3d']",,5d,100,100
566,Pre-Flop,0,-2890,2890,RAISE,98,"['2s', '4h']","['2h', '2d']","['8s', 'Ah']",,,1,1
566,Pre-Flop,1,-2890,2890,CALL,0,"['2s', '4h']","['2h', '2d']","['8s', 'Ah']",,,2,2
566,Flop,0,-2890,2890,CHECK,0,"['2s', '4h']","['2h', '2d']","['8s', 'Ah', '7s']",,,100,100
566,Flop,1,-2890,2890,DISCARD,0,"['2s', '4h']","['2h', '2d']","['8s', 'Ah', '7s']",,,100,100
566,Flop,1,-2890,2890,CHECK,0,"['2s', '4h']","['9h', '2d']","['8s', 'Ah', '7s']",,2h,100,100
566,Turn,0,-2890,2890,CHECK,0,"['2s', '4h']","['9h', '2d']","['8s', 'Ah', '7s', '5d']",,2h,100,100
566,Turn,1,-2890,2890,CHECK,0,"['2s', '4h']","['9h', '2d']","['8s', 'Ah', '7s', '5d']",,2h,100,100
566,River,0,-2890,2890,CHECK,0,"['2s', '4h']","['9h', '2d']","['8s', 'Ah', '7s', '5d', '3h']",,2h,100,100
566,River,1,-2890,2890,CHECK,0,"['2s', '4h']","['9h', '2d']","['8s', 'Ah', '7s', '5d', '3h']",,2h,100,100
567,Pre-Flop,1,-2790,2790,RAISE,2,"['5s', '3h']","['7d', '6d']","['4h', '7s']",,,1,1
567,Pre-Flop,0,-2790,2790,RAISE,96,"['5s', '3h']","['7d', '6d']","['4h', '7s']",,,2,2
567,Pre-Flop,1,-2790,2790,CALL,0,"['5s', '3h']","['7d', '6d']","['4h', '7s']",,,4,4
567,Pre-Flop,0,-2790,2790,CHECK,0,"['5s', '3h']","['7d', '6d']","['4h', '7s']",,,100,100
567,Flop,1,-2790,2790,CHECK,0,"['5s', '3h']","['7d', '6d']","['4h', '7s', '8h']",,,100,100
567,Flop,0,-2790,2790,CHECK,0,"['5s', '3h']","['7d', '6d']","['4h', '7s', '8h']",,,100,100
567,Turn,1,-2790,2790,CHECK,0,"['5s', '3h']","['7d', '6d']","['4h', '7s', '8h', '4d']",,,100,100
567,Turn,0,-2790,2790,CHECK,0,"['5s', '3h']","['7d', '6d']","['4h', '7s', '8h', '4d']",,,100,100
567,River,1,-2790,2790,CHECK,0,"['5s', '3h']","['7d', '6d']","['4h', '7s', '8h', '4d', 'Ad']",,,100,100
567,River,0,-2790,2790,CHECK,0,"['5s', '3h']","['7d', '6d']","['4h', '7s', '8h', '4d', 'Ad']",,,100,100
568,Pre-Flop,0,-2890,2890,RAISE,98,"['As', '7d']","['2h', '4h']","['6s', '4s']",,,1,1
568,Pre-Flop,1,-2890,2890,CALL,0,"['As', '7d']","['2h', '4h']","['6s', '4s']",,,2,2
568,Flop,0,-2890,2890,CHECK,0,"['As', '7d']","['2h', '4h']","['6s', '4s', '9s']",,,100,100
568,Flop,1,-2890,2890,CHECK,0,"['As', '7d']","['2h', '4h']","['6s', '4s', '9s']",,,100,100
568,Turn,0,-2890,2890,CHECK,0,"['As', '7d']","['2h', '4h']","['6s', '4s', '9s', '9h']",,,100,100
568,Turn,1,-2890,2890,CHECK,0,"['As', '7d']","['2h', '4h']","['6s', '4s', '9s', '9h']",,,100,100
568,River,0,-2890,2890,CHECK,0,"['As', '7d']","['2h', '4h']","['6s', '4s', '9s', '9h', '5s']",,,100,100
568,River,1,-2890,2890,CHECK,0,"['As', '7d']","['2h', '4h']","['6s', '4s', '9s', '9h', '5s']",,,100,100
569,Pre-Flop,1,-2790,2790,RAISE,2,"['7s', '6d']","['2s', '6s']","['7d', '4h']",,,1,1
569,Pre-Flop,0,-2790,2790,RAISE,96,"['7s', '6d']","['2s', '6s']","['7d', '4h']",,,2,2
569,Pre-Flop,1,-2790,2790,CALL,0,"['7s', '6d']","['2s', '6s']","['7d', '4h']",,,4,4
569,Pre-Flop,0,-2790,2790,CHECK,0,"['7s', '6d']","['2s', '6s']","['7d', '4h']",,,100,100
569,Flop,1,-2790,2790,DISCARD,0,"['7s', '6d']","['2s', '6s']","['7d', '4h', '4d']",,,100,100
569,Flop,1,-2790,2790,CHECK,0,"['7s', '6d']","['2s', '3d']","['7d', '4h', '4d']",,6s,100,100
569,Flop,0,-2790,2790,CHECK,0,"['7s', '6d']","['2s', '3d']","['7d', '4h', '4d']",,6s,100,100
569,Turn,1,-2790,2790,CHECK,0,"['7s', '6d']","['2s', '3d']","['7d', '4h', '4d', 'Ad']",,6s,100,100
569,Turn,0,-2790,2790,CHECK,0,"['7s', '6d']","['2s', '3d']","['7d', '4h', '4d', 'Ad']",,6s,100,100
569,River,1,-2790,2790,CHECK,0,"['7s', '6d']","['2s', '3d']","['7d', '4h', '4d', 'Ad', 'Ah']",,6s,100,100
569,River,0,-2790,2790,CHECK,0,"['7s', '6d']","['2s', '3d']","['7d', '4h', '4d', 'Ad', 'Ah']",,6s,100,100
570,Pre-Flop,0,-2690,2690,RAISE,98,"['8s', '2s']","['6d', '7s']","['9h', '2h']",,,1,1
570,Pre-Flop,1,-2690,2690,CALL,0,"['8s', '2s']","['6d', '7s']","['9h', '2h']",,,2,2
570,Flop,0,-2690,2690,CHECK,0,"['8s', '2s']","['6d', '7s']","['9h', '2h', '6s']",,,100,100
570,Flop,1,-2690,2690,DISCARD,0,"['8s', '2s']","['6d', '7s']","['9h', '2h', '6s']",,,100,100
570,Flop,1,-2690,2690,CHECK,0,"['8s', '2s']","['Ad', '7s']","['9h', '2h', '6s']",,6d,100,100
570,Turn,0,-2690,2690,CHECK,0,"['8s', '2s']","['Ad', '7s']","['9h', '2h', '6s', '9s']",,6d,100,100
570,Turn,1,-2690,2690,CHECK,0,"['8s', '2s']","['Ad', '7s']","['9h', '2h', '6s', '9s']",,6d,100,100
570,River,0,-2690,2690,CHECK,0,"['8s', '2s']","['Ad', '7s']","['9h', '2h', '6s', '9s', '7d']",,6d,100,100
570,River,1,-2690,2690,CHECK,0,"['8s', '2s']","['Ad', '7s']","['9h', '2h', '6s', '9s', '7d']",,6d,100,100
571,Pre-Flop,1,-2790,2790,RAISE,3,"['5d', '7d']","['2s', '9s']","['2d', '2h']",,,1,1
571,Pre-Flop,0,-2790,2790,RAISE,95,"['5d', '7d']","['2s', '9s']","['2d', '2h']",,,2,2
571,Pre-Flop,1,-2790,2790,CALL,0,"['5d', '7d']","['2s', '9s']","['2d', '2h']",,,5,5
571,Pre-Flop,0,-2790,2790,CHECK,0,"['5d', '7d']","['2s', '9s']","['2d', '2h']",,,100,100
571,Flop,1,-2790,2790,DISCARD,0,"['5d', '7d']","['2s', '9s']","['2d', '2h', '6h']",,,100,100
571,Flop,1,-2790,2790,CHECK,0,"['5d', '7d']","['Ad', '9s']","['2d', '2h', '6h']",,2s,100,100
571,Flop,0,-2790,2790,CHECK,0,"['5d', '7d']","['Ad', '9s']","['2d', '2h', '6h']",,2s,100,100
571,Turn,1,-2790,2790,CHECK,0,"['5d', '7d']","['Ad', '9s']","['2d', '2h', '6h', '3s']",,2s,100,100
571,Turn,0,-2790,2790,CHECK,0,"['5d', '7d']","['Ad', '9s']","['2d', '2h', '6h', '3s']",,2s,100,100
571,River,1,-2790,2790,CHECK,0,"['5d', '7d']","['Ad', '9s']","['2d', '2h', '6h', '3s', '4s']",,2s,100,100
571,River,0,-2790,2790,CHECK,0,"['5d', '7d']","['Ad', '9s']","['2d', '2h', '6h', '3s', '4s']",,2s,100,100
572,Pre-Flop,0,-2690,2690,RAISE,98,"['6h', 'As']","['8d', '6d']","['8h', '9d']",,,1,1
572,Pre-Flop,1,-2690,2690,CALL,0,"['6h', 'As']","['8d', '6d']","['8h', '9d']",,,2,2
572,Flop,0,-2690,2690,CHECK,0,"['6h', 'As']","['8d', '6d']","['8h', '9d', '9s']",,,100,100
572,Flop,1,-2690,2690,DISCARD,0,"['6h', 'As']","['8d', '6d']","['8h', '9d', '9s']",,,100,100
572,Flop,1,-2690,2690,CHECK,0,"['6h', 'As']","['8d', '3d']","['8h', '9d', '9s']",,6d,100,100
572,Turn,0,-2690,2690,CHECK,0,"['6h', 'As']","['8d', '3d']","['8h', '9d', '9s', '2d']",,6d,100,100
572,Turn,1,-2690,2690,CHECK,0,"['6h', 'As']","['8d', '3d']","['8h', '9d', '9s', '2d']",,6d,100,100
572,River,0,-2690,2690,CHECK,0,"['6h', 'As']","['8d', '3d']","['8h', '9d', '9s', '2d', '3h']",,6d,100,100
572,River,1,-2690,2690,CHECK,0,"['6h', 'As']","['8d', '3d']","['8h', '9d', '9s', '2d', '3h']",,6d,100,100
573,Pre-Flop,1,-2790,2790,RAISE,2,"['5h', 'As']","['9d', '6d']","['2s', '4d']",,,1,1
573,Pre-Flop,0,-2790,2790,RAISE,96,"['5h', 'As']","['9d', '6d']","['2s', '4d']",,,2,2
573,Pre-Flop,1,-2790,2790,DISCARD,0,"['5h', 'As']","['9d', '6d']","['2s', '4d']",,,4,4
573,Pre-Flop,1,-2790,2790,CALL,0,"['5h', 'As']","['9d', '4s']","['2s', '4d']",,6d,4,4
573,Pre-Flop,0,-2790,2790,CHECK,0,"['5h', 'As']","['9d', '4s']","['2s', '4d']",,6d,100,100
573,Flop,1,-2790,2790,CHECK,0,"['5h', 'As']","['9d', '4s']","['2s', '4d', '7d']",,6d,100,100
573,Flop,0,-2790,2790,CHECK,0,"['5h', 'As']","['9d', '4s']","['2s', '4d', '7d']",,6d,100,100
573,Turn,1,-2790,2790,CHECK,0,"['5h', 'As']","['9d', '4s']","['2s', '4d', '7d', '5d']",,6d,100,100
573,Turn,0,-2790,2790,CHECK,0,"['5h', 'As']","['9d', '4s']","['2s', '4d', '7d', '5d']",,6d,100,100
573,River,1,-2790,2790,CHECK,0,"['5h', 'As']","['9d', '4s']","['2s', '4d', '7d', '5d', '2d']",,6d,100,100
573,River,0,-2790,2790,CHECK,0,"['5h', 'As']","['9d', '4s']","['2s', '4d', '7d', '5d', '2d']",,6d,100,100
574,Pre-Flop,0,-2890,2890,RAISE,98,"['5d', '4s']","['6d', '4h']","['7s', '2s']",,,1,1
574,Pre-Flop,1,-2890,2890,CALL,0,"['5d', '4s']","['6d', '4h']","['7s', '2s']",,,2,2
574,Flop,0,-2890,2890,CHECK,0,"['5d', '4s']","['6d', '4h']","['7s', '2s', '3h']",,,100,100
574,Flop,1,-2890,2890,DISCARD,0,"['5d', '4s']","['6d', '4h']","['7s', '2s', '3h']",,,100,100
574,Flop,1,-2890,2890,CHECK,0,"['5d', '4s']","['8d', '4h']","['7s', '2s', '3h']",,6d,100,100
574,Turn,0,-2890,2890,CHECK,0,"['5d', '4s']","['8d', '4h']","['7s', '2s', '3h', 'Ad']",,6d,100,100
574,Turn,1,-2890,2890,CHECK,0,"['5d', '4s']","['8d', '4h']","['7s', '2s', '3h', 'Ad']",,6d,100,100
574,River,0,-2890,2890,CHECK,0,"['5d', '4s']","['8d', '4h']","['7s', '2s', '3h', 'Ad', '9d']",,6d,100,100
574,River,1,-2890,2890,CHECK,0,"['5d', '4s']","['8d', '4h']","['7s', '2s', '3h', 'Ad', '9d']",,6d,100,100
575,Pre-Flop,1,-2790,2790,RAISE,3,"['8s', '7d']","['7s', 'As']","['6d', '8h']",,,1,1
575,Pre-Flop,0,-2790,2790,RAISE,95,"['8s', '7d']","['7s', 'As']","['6d', '8h']",,,2,2
575,Pre-Flop,1,-2790,2790,CALL,0,"['8s', '7d']","['7s', 'As']","['6d', '8h']",,,5,5
575,Pre-Flop,0,-2790,2790,CHECK,0,"['8s', '7d']","['7s', 'As']","['6d', '8h']",,,100,100
575,Flop,1,-2790,2790,DISCARD,0,"['8s', '7d']","['7s', 'As']","['6d', '8h', '3d']",,,100,100
575,Flop,1,-2790,2790,CHECK,0,"['8s', '7d']","['7s', '8d']","['6d', '8h', '3d']",,As,100,100
575,Flop,0,-2790,2790,CHECK,0,"['8s', '7d']","['7s', '8d']","['6d', '8h', '3d']",,As,100,100
575,Turn,1,-2790,2790,CHECK,0,"['8s', '7d']","['7s', '8d']","['6d', '8h', '3d', '5d']",,As,100,100
575,Turn,0,-2790,2790,CHECK,0,"['8s', '7d']","['7s', '8d']","['6d', '8h', '3d', '5d']",,As,100,100
575,River,1,-2790,2790,CHECK,0,"['8s', '7d']","['7s', '8d']","['6d', '8h', '3d', '5d', '4s']",,As,100,100
575,River,0,-2790,2790,CHECK,0,"['8s', '7d']","['7s', '8d']","['6d', '8h', '3d', '5d', '4s']",,As,100,100
576,Pre-Flop,0,-2790,2790,RAISE,98,"['9d', '4s']","['4d', '8d']","['5s', '4h']",,,1,1
576,Pre-Flop,1,-2790,2790,CALL,0,"['9d', '4s']","['4d', '8d']","['5s', '4h']",,,2,2
576,Flop,0,-2790,2790,CHECK,0,"['9d', '4s']","['4d', '8d']","['5s', '4h', '5d']",,,100,100
576,Flop,1,-2790,2790,DISCARD,0,"['9d', '4s']","['4d', '8d']","['5s', '4h', '5d']",,,100,100
576,Flop,1,-2790,2790,CHECK,0,"['9d', '4s']","['4d', '2d']","['5s', '4h', '5d']",,8d,100,100
576,Turn,0,-2790,2790,CHECK,0,"['9d', '4s']","['4d', '2d']","['5s', '4h', '5d', '3h']",,8d,100,100
576,Turn,1,-2790,2790,CHECK,0,"['9d', '4s']","['4d', '2d']","['5s', '4h', '5d', '3h']",,8d,100,100
576,River,0,-2790,2790,CHECK,0,"['9d', '4s']","['4d', '2d']","['5s', '4h', '5d', '3h', '8s']",,8d,100,100
576,River,1,-2790,2790,CHECK,0,"['9d', '4s']","['4d', '2d']","['5s', '4h', '5d', '3h', '8s']",,8d,100,100
577,Pre-Flop,1,-2690,2690,RAISE,2,"['5s', '9h']","['4s', '5d']","['4h', '7h']",,,1,1
577,Pre-Flop,0,-2690,2690,RAISE,96,"['5s', '9h']","['4s', '5d']","['4h', '7h']",,,2,2
577,Pre-Flop,1,-2690,2690,CALL,0,"['5s', '9h']","['4s', '5d']","['4h', '7h']",,,4,4
577,Pre-Flop,0,-2690,2690,CHECK,0,"['5s', '9h']","['4s', '5d']","['4h', '7h']",,,100,100
577,Flop,1,-2690,2690,DISCARD,0,"['5s', '9h']","['4s', '5d']","['4h', '7h', '6s']",,,100,100
577,Flop,1,-2690,2690,CHECK,0,"['5s', '9h']","['4s', 'As']","['4h', '7h', '6s']",,5d,100,100
577,Flop,0,-2690,2690,CHECK,0,"['5s', '9h']","['4s', 'As']","['4h', '7h', '6s']",,5d,100,100
577,Turn,1,-2690,2690,CHECK,0,"['5s', '9h']","['4s', 'As']","['4h', '7h', '6s', '3h']",,5d,100,100
577,Turn,0,-2690,2690,CHECK,0,"['5s', '9h']","['4s', 'As']","['4h', '7h', '6s', '3h']",,5d,100,100
577,River,1,-2690,2690,CHECK,0,"['5s', '9h']","['4s', 'As']","['4h', '7h', '6s', '3h', 'Ah']",,5d,100,100
577,River,0,-2690,2690,CHECK,0,"['5s', '9h']","['4s', 'As']","['4h', '7h', '6s', '3h', 'Ah']",,5d,100,100
578,Pre-Flop,0,-2590,2590,RAISE,98,"['3s', 'Ad']","['7h', '4s']","['4d', '2d']",,,1,1
578,Pre-Flop,1,-2590,2590,CALL,0,"['3s', 'Ad']","['7h', '4s']","['4d', '2d']",,,2,2
578,Flop,0,-2590,2590,CHECK,0,"['3s', 'Ad']","['7h', '4s']","['4d', '2d', '9h']",,,100,100
578,Flop,1,-2590,2590,DISCARD,0,"['3s', 'Ad']","['7h', '4s']","['4d', '2d', '9h']",,,100,100
578,Flop,1,-2590,2590,CHECK,0,"['3s', 'Ad']","['7h', 'Ah']","['4d', '2d', '9h']",,4s,100,100
578,Turn,0,-2590,2590,CHECK,0,"['3s', 'Ad']","['7h', 'Ah']","['4d', '2d', '9h', '2s']",,4s,100,100
578,Turn,1,-2590,2590,CHECK,0,"['3s', 'Ad']","['7h', 'Ah']","['4d', '2d', '9h', '2s']",,4s,100,100
578,River,0,-2590,2590,CHECK,0,"['3s', 'Ad']","['7h', 'Ah']","['4d', '2d', '9h', '2s', '4h']",,4s,100,100
578,River,1,-2590,2590,CHECK,0,"['3s', 'Ad']","['7h', 'Ah']","['4d', '2d', '9h', '2s', '4h']",,4s,100,100
579,Pre-Flop,1,-2590,2590,RAISE,2,"['5h', '7d']","['4d', 'Ah']","['5s', 'As']",,,1,1
579,Pre-Flop,0,-2590,2590,RAISE,96,"['5h', '7d']","['4d', 'Ah']","['5s', 'As']",,,2,2
579,Pre-Flop,1,-2590,2590,CALL,0,"['5h', '7d']","['4d', 'Ah']","['5s', 'As']",,,4,4
579,Pre-Flop,0,-2590,2590,CHECK,0,"['5h', '7d']","['4d', 'Ah']","['5s', 'As']",,,100,100
579,Flop,1,-2590,2590,DISCARD,0,"['5h', '7d']","['4d', 'Ah']","['5s', 'As', '8h']",,,100,100
579,Flop,1,-2590,2590,CHECK,0,"['5h', '7d']","['3s', 'Ah']","['5s', 'As', '8h']",,4d,100,100
579,Flop,0,-2590,2590,CHECK,0,"['5h', '7d']","['3s', 'Ah']","['5s', 'As', '8h']",,4d,100,100
579,Turn,1,-2590,2590,CHECK,0,"['5h', '7d']","['3s', 'Ah']","['5s', 'As', '8h', '8d']",,4d,100,100
579,Turn,0,-2590,2590,CHECK,0,"['5h', '7d']","['3s', 'Ah']","['5s', 'As', '8h', '8d']",,4d,100,100
579,River,1,-2590,2590,CHECK,0,"['5h', '7d']","['3s', 'Ah']","['5s', 'As', '8h', '8d', '4s']",,4d,100,100
579,River,0,-2590,2590,CHECK,0,"['5h', '7d']","['3s', 'Ah']","['5s', 'As', '8h', '8d', '4s']",,4d,100,100
580,Pre-Flop,0,-2690,2690,RAISE,98,"['3d', 'Ah']","['5d', '6h']","['9d', '5h']",,,1,1
580,Pre-Flop,1,-2690,2690,CALL,0,"['3d', 'Ah']","['5d', '6h']","['9d', '5h']",,,2,2
580,Flop,0,-2690,2690,CHECK,0,"['3d', 'Ah']","['5d', '6h']","['9d', '5h', '2s']",,,100,100
580,Flop,1,-2690,2690,DISCARD,0,"['3d', 'Ah']","['5d', '6h']","['9d', '5h', '2s']",,,100,100
580,Flop,1,-2690,2690,CHECK,0,"['3d', 'Ah']","['9s', '6h']","['9d', '5h', '2s']",,5d,100,100
580,Turn,0,-2690,2690,CHECK,0,"['3d', 'Ah']","['9s', '6h']","['9d', '5h', '2s', '8h']",,5d,100,100
580,Turn,1,-2690,2690,CHECK,0,"['3d', 'Ah']","['9s', '6h']","['9d', '5h', '2s', '8h']",,5d,100,100
580,River,0,-2690,2690,CHECK,0,"['3d', 'Ah']","['9s', '6h']","['9d', '5h', '2s', '8h', '2h']",,5d,100,100
580,River,1,-2690,2690,CHECK,0,"['3d', 'Ah']","['9s', '6h']","['9d', '5h', '2s', '8h', '2h']",,5d,100,100
581,Pre-Flop,1,-2790,2790,RAISE,3,"['As', 'Ad']","['3s', '2s']","['9d', '2d']",,,1,1
581,Pre-Flop,0,-2790,2790,RAISE,95,"['As', 'Ad']","['3s', '2s']","['9d', '2d']",,,2,2
581,Pre-Flop,1,-2790,2790,CALL,0,"['As', 'Ad']","['3s', '2s']","['9d', '2d']",,,5,5
581,Pre-Flop,0,-2790,2790,CHECK,0,"['As', 'Ad']","['3s', '2s']","['9d', '2d']",,,100,100
581,Flop,1,-2790,2790,CHECK,0,"['As', 'Ad']","['3s', '2s']","['9d', '2d', 'Ah']",,,100,100
581,Flop,0,-2790,2790,CHECK,0,"['As', 'Ad']","['3s', '2s']","['9d', '2d', 'Ah']",,,100,100
581,Turn,1,-2790,2790,CHECK,0,"['As', 'Ad']","['3s', '2s']","['9d', '2d', 'Ah', '5h']",,,100,100
581,Turn,0,-2790,2790,CHECK,0,"['As', 'Ad']","['3s', '2s']","['9d', '2d', 'Ah', '5h']",,,100,100
581,River,1,-2790,2790,CHECK,0,"['As', 'Ad']","['3s', '2s']","['9d', '2d', 'Ah', '5h', '8d']",,,100,100
581,River,0,-2790,2790,CHECK,0,"['As', 'Ad']","['3s', '2s']","['9d', '2d', 'Ah', '5h', '8d']",,,100,100
582,Pre-Flop,0,-2690,2690,RAISE,98,"['6s', '2d']","['3s', '9h']","['8d', '8h']",,,1,1
582,Pre-Flop,1,-2690,2690,DISCARD,0,"['6s', '2d']","['3s', '9h']","['8d', '8h']",,,2,2
582,Pre-Flop,1,-2690,2690,CALL,0,"['6s', '2d']","['3s', '7h']","['8d', '8h']",,9h,2,2
582,Flop,0,-2690,2690,CHECK,0,"['6s', '2d']","['3s', '7h']","['8d', '8h', '4s']",,9h,100,100
582,Flop,1,-2690,2690,CHECK,0,"['6s', '2d']","['3s', '7h']","['8d', '8h', '4s']",,9h,100,100
582,Turn,0,-2690,2690,CHECK,0,"['6s', '2d']","['3s', '7h']","['8d', '8h', '4s', 'Ah']",,9h,100,100
582,Turn,1,-2690,2690,CHECK,0,"['6s', '2d']","['3s', '7h']","['8d', '8h', '4s', 'Ah']",,9h,100,100
582,River,0,-2690,2690,CHECK,0,"['6s', '2d']","['3s', '7h']","['8d', '8h', '4s', 'Ah', 'Ad']",,9h,100,100
582,River,1,-2690,2690,CHECK,0,"['6s', '2d']","['3s', '7h']","['8d', '8h', '4s', 'Ah', 'Ad']",,9h,100,100
583,Pre-Flop,1,-2790,2790,CALL,0,"['7s', '2h']","['6d', 'Ah']","['5h', '2s']",,,1,1
583,Pre-Flop,0,-2790,2790,RAISE,98,"['7s', '2h']","['6d', 'Ah']","['5h', '2s']",,,2,2
583,Pre-Flop,1,-2790,2790,CALL,0,"['7s', '2h']","['6d', 'Ah']","['5h', '2s']",,,2,2
583,Pre-Flop,0,-2790,2790,CHECK,0,"['7s', '2h']","['6d', 'Ah']","['5h', '2s']",,,100,100
583,Flop,1,-2790,2790,DISCARD,0,"['7s', '2h']","['6d', 'Ah']","['5h', '2s', '5d']",,,100,100
583,Flop,1,-2790,2790,CHECK,0,"['7s', '2h']","['6d', '3h']","['5h', '2s', '5d']",,Ah,100,100
583,Flop,0,-2790,2790,CHECK,0,"['7s', '2h']","['6d', '3h']","['5h', '2s', '5d']",,Ah,100,100
583,Turn,1,-2790,2790,CHECK,0,"['7s', '2h']","['6d', '3h']","['5h', '2s', '5d', '4h']",,Ah,100,100
583,Turn,0,-2790,2790,CHECK,0,"['7s', '2h']","['6d', '3h']","['5h', '2s', '5d', '4h']",,Ah,100,100
583,River,1,-2790,2790,CHECK,0,"['7s', '2h']","['6d', '3h']","['5h', '2s', '5d', '4h', '6s']",,Ah,100,100
583,River,0,-2790,2790,CHECK,0,"['7s', '2h']","['6d', '3h']","['5h', '2s', '5d', '4h', '6s']",,Ah,100,100
584,Pre-Flop,0,-2890,2890,RAISE,98,"['9d', '7s']","['3s', '9h']","['7d', '6d']",,,1,1
584,Pre-Flop,1,-2890,2890,CALL,0,"['9d', '7s']","['3s', '9h']","['7d', '6d']",,,2,2
584,Flop,0,-2890,2890,CHECK,0,"['9d', '7s']","['3s', '9h']","['7d', '6d', '6s']",,,100,100
584,Flop,1,-2890,2890,DISCARD,0,"['9d', '7s']","['3s', '9h']","['7d', '6d', '6s']",,,100,100
584,Flop,1,-2890,2890,CHECK,0,"['9d', '7s']","['3s', 'Ad']","['7d', '6d', '6s']",,9h,100,100
584,Turn,0,-2890,2890,CHECK,0,"['9d', '7s']","['3s', 'Ad']","['7d', '6d', '6s', '4h']",,9h,100,100
584,Turn,1,-2890,2890,CHECK,0,"['9d', '7s']","['3s', 'Ad']","['7d', '6d', '6s', '4h']",,9h,100,100
584,River,0,-2890,2890,CHECK,0,"['9d', '7s']","['3s', 'Ad']","['7d', '6d', '6s', '4h', '2s']",,9h,100,100
584,River,1,-2890,2890,CHECK,0,"['9d', '7s']","['3s', 'Ad']","['7d', '6d', '6s', '4h', '2s']",,9h,100,100
585,Pre-Flop,1,-2790,2790,DISCARD,0,"['9s', '3d']","['4s', 'Ad']","['5s', 'Ah']",,,1,1
585,Pre-Flop,1,-2790,2790,RAISE,2,"['9s', '3d']","['4s', '7h']","['5s', 'Ah']",,Ad,1,1
585,Pre-Flop,0,-2790,2790,RAISE,96,"['9s', '3d']","['4s', '7h']","['5s', 'Ah']",,Ad,2,2
585,Pre-Flop,1,-2790,2790,CALL,0,"['9s', '3d']","['4s', '7h']","['5s', 'Ah']",,Ad,4,4
585,Pre-Flop,0,-2790,2790,CHECK,0,"['9s', '3d']","['4s', '7h']","['5s', 'Ah']",,Ad,100,100
585,Flop,1,-2790,2790,CHECK,0,"['9s', '3d']","['4s', '7h']","['5s', 'Ah', '2h']",,Ad,100,100
585,Flop,0,-2790,2790,CHECK,0,"['9s', '3d']","['4s', '7h']","['5s', 'Ah', '2h']",,Ad,100,100
585,Turn,1,-2790,2790,CHECK,0,"['9s', '3d']","['4s', '7h']","['5s', 'Ah', '2h', '2s']",,Ad,100,100
585,Turn,0,-2790,2790,CHECK,0,"['9s', '3d']","['4s', '7h']","['5s', 'Ah', '2h', '2s']",,Ad,100,100
585,River,1,-2790,2790,CHECK,0,"['9s', '3d']","['4s', '7h']","['5s', 'Ah', '2h', '2s', '4d']",,Ad,100,100
585,River,0,-2790,2790,CHECK,0,"['9s', '3d']","['4s', '7h']","['5s', 'Ah', '2h', '2s', '4d']",,Ad,100,100
586,Pre-Flop,0,-2690,2690,RAISE,98,"['5s', '5d']","['8d', 'Ad']","['3d', '3h']",,,1,1
586,Pre-Flop,1,-2690,2690,CALL,0,"['5s', '5d']","['8d', 'Ad']","['3d', '3h']",,,2,2
586,Flop,0,-2690,2690,CHECK,0,"['5s', '5d']","['8d', 'Ad']","['3d', '3h', '4s']",,,100,100
586,Flop,1,-2690,2690,CHECK,0,"['5s', '5d']","['8d', 'Ad']","['3d', '3h', '4s']",,,100,100
586,Turn,0,-2690,2690,CHECK,0,"['5s', '5d']","['8d', 'Ad']","['3d', '3h', '4s', '3s']",,,100,100
586,Turn,1,-2690,2690,CHECK,0,"['5s', '5d']","['8d', 'Ad']","['3d', '3h', '4s', '3s']",,,100,100
586,River,0,-2690,2690,CHECK,0,"['5s', '5d']","['8d', 'Ad']","['3d', '3h', '4s', '3s', '4h']",,,100,100
586,River,1,-2690,2690,CHECK,0,"['5s', '5d']","['8d', 'Ad']","['3d', '3h', '4s', '3s', '4h']",,,100,100
587,Pre-Flop,1,-2590,2590,RAISE,3,"['6h', '8s']","['9s', '9h']","['2s', '3s']",,,1,1
587,Pre-Flop,0,-2590,2590,RAISE,95,"['6h', '8s']","['9s', '9h']","['2s', '3s']",,,2,2
587,Pre-Flop,1,-2590,2590,CALL,0,"['6h', '8s']","['9s', '9h']","['2s', '3s']",,,5,5
587,Pre-Flop,0,-2590,2590,CHECK,0,"['6h', '8s']","['9s', '9h']","['2s', '3s']",,,100,100
587,Flop,1,-2590,2590,DISCARD,0,"['6h', '8s']","['9s', '9h']","['2s', '3s', '4h']",,,100,100
587,Flop,1,-2590,2590,CHECK,0,"['6h', '8s']","['9s', '4d']","['2s', '3s', '4h']",,9h,100,100
587,Flop,0,-2590,2590,CHECK,0,"['6h', '8s']","['9s', '4d']","['2s', '3s', '4h']",,9h,100,100
587,Turn,1,-2590,2590,CHECK,0,"['6h', '8s']","['9s', '4d']","['2s', '3s', '4h', '2d']",,9h,100,100
587,Turn,0,-2590,2590,CHECK,0,"['6h', '8s']","['9s', '4d']","['2s', '3s', '4h', '2d']",,9h,100,100
587,River,1,-2590,2590,CHECK,0,"['6h', '8s']","['9s', '4d']","['2s', '3s', '4h', '2d', '7h']",,9h,100,100
587,River,0,-2590,2590,CHECK,0,"['6h', '8s']","['9s', '4d']","['2s', '3s', '4h', '2d', '7h']",,9h,100,100
588,Pre-Flop,0,-2690,2690,RAISE,98,"['4d', '7d']","['8s', '4s']","['2d', '6d']",,,1,1
588,Pre-Flop,1,-2690,2690,CALL,0,"['4d', '7d']","['8s', '4s']","['2d', '6d']",,,2,2
588,Flop,0,-2690,2690,CHECK,0,"['4d', '7d']","['8s', '4s']","['2d', '6d', '5s']",,,100,100
588,Flop,1,-2690,2690,DISCARD,0,"['4d', '7d']","['8s', '4s']","['2d', '6d', '5s']",,,100,100
588,Flop,1,-2690,2690,CHECK,0,"['4d', '7d']","['8s', '3s']","['2d', '6d', '5s']",,4s,100,100
588,Turn,0,-2690,2690,CHECK,0,"['4d', '7d']","['8s', '3s']","['2d', '6d', '5s', '2s']",,4s,100,100
588,Turn,1,-2690,2690,CHECK,0,"['4d', '7d']","['8s', '3s']","['2d', '6d', '5s', '2s']",,4s,100,100
588,River,0,-2690,2690,CHECK,0,"['4d', '7d']","['8s', '3s']","['2d', '6d', '5s', '2s', '5h']",,4s,100,100
588,River,1,-2690,2690,CHECK,0,"['4d', '7d']","['8s', '3s']","['2d', '6d', '5s', '2s', '5h']",,4s,100,100
589,Pre-Flop,1,-2790,2790,RAISE,2,"['4d', '6s']","['7d', 'Ah']","['Ad', '3h']",,,1,1
589,Pre-Flop,0,-2790,2790,RAISE,96,"['4d', '6s']","['7d', 'Ah']","['Ad', '3h']",,,2,2
589,Pre-Flop,1,-2790,2790,CALL,0,"['4d', '6s']","['7d', 'Ah']","['Ad', '3h']",,,4,4
589,Pre-Flop,0,-2790,2790,CHECK,0,"['4d', '6s']","['7d', 'Ah']","['Ad', '3h']",,,100,100
589,Flop,1,-2790,2790,DISCARD,0,"['4d', '6s']","['7d', 'Ah']","['Ad', '3h', '8h']",,,100,100
589,Flop,1,-2790,2790,CHECK,0,"['4d', '6s']","['7d', '3s']","['Ad', '3h', '8h']",,Ah,100,100
589,Flop,0,-2790,2790,CHECK,0,"['4d', '6s']","['7d', '3s']","['Ad', '3h', '8h']",,Ah,100,100
589,Turn,1,-2790,2790,CHECK,0,"['4d', '6s']","['7d', '3s']","['Ad', '3h', '8h', '5d']",,Ah,100,100
589,Turn,0,-2790,2790,CHECK,0,"['4d', '6s']","['7d', '3s']","['Ad', '3h', '8h', '5d']",,Ah,100,100
589,River,1,-2790,2790,CHECK,0,"['4d', '6s']","['7d', '3s']","['Ad', '3h', '8h', '5d', '8s']",,Ah,100,100
589,River,0,-2790,2790,CHECK,0,"['4d', '6s']","['7d', '3s']","['Ad', '3h', '8h', '5d', '8s']",,Ah,100,100
590,Pre-Flop,0,-2890,2890,RAISE,98,"['6d', '9s']","['Ah', '3d']","['7s', '8h']",,,1,1
590,Pre-Flop,1,-2890,2890,CALL,0,"['6d', '9s']","['Ah', '3d']","['7s', '8h']",,,2,2
590,Flop,0,-2890,2890,CHECK,0,"['6d', '9s']","['Ah', '3d']","['7s', '8h', '6h']",,,100,100
590,Flop,1,-2890,2890,DISCARD,0,"['6d', '9s']","['Ah', '3d']","['7s', '8h', '6h']",,,100,100
590,Flop,1,-2890,2890,CHECK,0,"['6d', '9s']","['Ah', '4d']","['7s', '8h', '6h']",,3d,100,100
590,Turn,0,-2890,2890,CHECK,0,"['6d', '9s']","['Ah', '4d']","['7s', '8h', '6h', '8s']",,3d,100,100
590,Turn,1,-2890,2890,CHECK,0,"['6d', '9s']","['Ah', '4d']","['7s', '8h', '6h', '8s']",,3d,100,100
590,River,0,-2890,2890,CHECK,0,"['6d', '9s']","['Ah', '4d']","['7s', '8h', '6h', '8s', '9d']",,3d,100,100
590,River,1,-2890,2890,CHECK,0,"['6d', '9s']","['Ah', '4d']","['7s', '8h', '6h', '8s', '9d']",,3d,100,100
591,Pre-Flop,1,-2990,2990,RAISE,3,"['9h', '8h']","['Ad', 'As']","['6d', 'Ah']",,,1,1
591,Pre-Flop,0,-2990,2990,RAISE,95,"['9h', '8h']","['Ad', 'As']","['6d', 'Ah']",,,2,2
591,Pre-Flop,1,-2990,2990,CALL,0,"['9h', '8h']","['Ad', 'As']","['6d', 'Ah']",,,5,5
591,Pre-Flop,0,-2990,2990,CHECK,0,"['9h', '8h']","['Ad', 'As']","['6d', 'Ah']",,,100,100
591,Flop,1,-2990,2990,DISCARD,0,"['9h', '8h']","['Ad', 'As']","['6d', 'Ah', '3s']",,,100,100
591,Flop,1,-2990,2990,CHECK,0,"['9h', '8h']","['4h', 'As']","['6d', 'Ah', '3s']",,Ad,100,100
591,Flop,0,-2990,2990,CHECK,0,"['9h', '8h']","['4h', 'As']","['6d', 'Ah', '3s']",,Ad,100,100
591,Turn,1,-2990,2990,CHECK,0,"['9h', '8h']","['4h', 'As']","['6d', 'Ah', '3s', '3h']",,Ad,100,100
591,Turn,0,-2990,2990,CHECK,0,"['9h', '8h']","['4h', 'As']","['6d', 'Ah', '3s', '3h']",,Ad,100,100
591,River,1,-2990,2990,CHECK,0,"['9h', '8h']","['4h', 'As']","['6d', 'Ah', '3s', '3h', '9d']",,Ad,100,100
591,River,0,-2990,2990,CHECK,0,"['9h', '8h']","['4h', 'As']","['6d', 'Ah', '3s', '3h', '9d']",,Ad,100,100
592,Pre-Flop,0,-3090,3090,RAISE,98,"['2s', '6s']","['Ah', '9h']","['8s', '7d']",,,1,1
592,Pre-Flop,1,-3090,3090,CALL,0,"['2s', '6s']","['Ah', '9h']","['8s', '7d']",,,2,2
592,Flop,0,-3090,3090,CHECK,0,"['2s', '6s']","['Ah', '9h']","['8s', '7d', 'Ad']",,,100,100
592,Flop,1,-3090,3090,CHECK,0,"['2s', '6s']","['Ah', '9h']","['8s', '7d', 'Ad']",,,100,100
592,Turn,0,-3090,3090,CHECK,0,"['2s', '6s']","['Ah', '9h']","['8s', '7d', 'Ad', '5d']",,,100,100
592,Turn,1,-3090,3090,CHECK,0,"['2s', '6s']","['Ah', '9h']","['8s', '7d', 'Ad', '5d']",,,100,100
592,River,0,-3090,3090,CHECK,0,"['2s', '6s']","['Ah', '9h']","['8s', '7d', 'Ad', '5d', '2d']",,,100,100
592,River,1,-3090,3090,CHECK,0,"['2s', '6s']","['Ah', '9h']","['8s', '7d', 'Ad', '5d', '2d']",,,100,100
593,Pre-Flop,1,-3190,3190,CALL,0,"['6d', '2d']","['5d', '4h']","['3s', '7d']",,,1,1
593,Pre-Flop,0,-3190,3190,RAISE,98,"['6d', '2d']","['5d', '4h']","['3s', '7d']",,,2,2
593,Pre-Flop,1,-3190,3190,CALL,0,"['6d', '2d']","['5d', '4h']","['3s', '7d']",,,2,2
593,Pre-Flop,0,-3190,3190,CHECK,0,"['6d', '2d']","['5d', '4h']","['3s', '7d']",,,100,100
593,Flop,1,-3190,3190,DISCARD,0,"['6d', '2d']","['5d', '4h']","['3s', '7d', 'Ah']",,,100,100
593,Flop,1,-3190,3190,CHECK,0,"['6d', '2d']","['5d', 'Ad']","['3s', '7d', 'Ah']",,4h,100,100
593,Flop,0,-3190,3190,CHECK,0,"['6d', '2d']","['5d', 'Ad']","['3s', '7d', 'Ah']",,4h,100,100
593,Turn,1,-3190,3190,CHECK,0,"['6d', '2d']","['5d', 'Ad']","['3s', '7d', 'Ah', '8d']",,4h,100,100
593,Turn,0,-3190,3190,CHECK,0,"['6d', '2d']","['5d', 'Ad']","['3s', '7d', 'Ah', '8d']",,4h,100,100
593,River,1,-3190,3190,CHECK,0,"['6d', '2d']","['5d', 'Ad']","['3s', '7d', 'Ah', '8d', '3h']",,4h,100,100
593,River,0,-3190,3190,CHECK,0,"['6d', '2d']","['5d', 'Ad']","['3s', '7d', 'Ah', '8d', '3h']",,4h,100,100
594,Pre-Flop,0,-3290,3290,RAISE,98,"['2h', '6s']","['3h', '9s']","['4s', '5h']",,,1,1
594,Pre-Flop,1,-3290,3290,CALL,0,"['2h', '6s']","['3h', '9s']","['4s', '5h']",,,2,2
594,Flop,0,-3290,3290,CHECK,0,"['2h', '6s']","['3h', '9s']","['4s', '5h', '9h']",,,100,100
594,Flop,1,-3290,3290,DISCARD,0,"['2h', '6s']","['3h', '9s']","['4s', '5h', '9h']",,,100,100
594,Flop,1,-3290,3290,CHECK,0,"['2h', '6s']","['3h', '2s']","['4s', '5h', '9h']",,9s,100,100
594,Turn,0,-3290,3290,CHECK,0,"['2h', '6s']","['3h', '2s']","['4s', '5h', '9h', '5s']",,9s,100,100
594,Turn,1,-3290,3290,CHECK,0,"['2h', '6s']","['3h', '2s']","['4s', '5h', '9h', '5s']",,9s,100,100
594,River,0,-3290,3290,CHECK,0,"['2h', '6s']","['3h', '2s']","['4s', '5h', '9h', '5s', 'As']",,9s,100,100
594,River,1,-3290,3290,CHECK,0,"['2h', '6s']","['3h', '2s']","['4s', '5h', '9h', '5s', 'As']",,9s,100,100
595,Pre-Flop,1,-3390,3390,RAISE,2,"['9h', '8d']","['Ad', '9d']","['4h', '8h']",,,1,1
595,Pre-Flop,0,-3390,3390,RAISE,96,"['9h', '8d']","['Ad', '9d']","['4h', '8h']",,,2,2
595,Pre-Flop,1,-3390,3390,CALL,0,"['9h', '8d']","['Ad', '9d']","['4h', '8h']",,,4,4
595,Pre-Flop,0,-3390,3390,CHECK,0,"['9h', '8d']","['Ad', '9d']","['4h', '8h']",,,100,100
595,Flop,1,-3390,3390,CHECK,0,"['9h', '8d']","['Ad', '9d']","['4h', '8h', '7s']",,,100,100
595,Flop,0,-3390,3390,CHECK,0,"['9h', '8d']","['Ad', '9d']","['4h', '8h', '7s']",,,100,100
595,Turn,1,-3390,3390,CHECK,0,"['9h', '8d']","['Ad', '9d']","['4h', '8h', '7s', '3d']",,,100,100
595,Turn,0,-3390,3390,CHECK,0,"['9h', '8d']","['Ad', '9d']","['4h', '8h', '7s', '3d']",,,100,100
595,River,1,-3390,3390,CHECK,0,"['9h', '8d']","['Ad', '9d']","['4h', '8h', '7s', '3d', '3h']",,,100,100
595,River,0,-3390,3390,CHECK,0,"['9h', '8d']","['Ad', '9d']","['4h', '8h', '7s', '3d', '3h']",,,100,100
596,Pre-Flop,0,-3290,3290,RAISE,98,"['2h', '4s']","['8d', '9s']","['7s', '6h']",,,1,1
596,Pre-Flop,1,-3290,3290,CALL,0,"['2h', '4s']","['8d', '9s']","['7s', '6h']",,,2,2
596,Flop,0,-3290,3290,CHECK,0,"['2h', '4s']","['8d', '9s']","['7s', '6h', '8s']",,,100,100
596,Flop,1,-3290,3290,DISCARD,0,"['2h', '4s']","['8d', '9s']","['7s', '6h', '8s']",,,100,100
596,Flop,1,-3290,3290,CHECK,0,"['2h', '4s']","['5h', '9s']","['7s', '6h', '8s']",,8d,100,100
596,Turn,0,-3290,3290,CHECK,0,"['2h', '4s']","['5h', '9s']","['7s', '6h', '8s', '7d']",,8d,100,100
596,Turn,1,-3290,3290,CHECK,0,"['2h', '4s']","['5h', '9s']","['7s', '6h', '8s', '7d']",,8d,100,100
596,River,0,-3290,3290,CHECK,0,"['2h', '4s']","['5h', '9s']","['7s', '6h', '8s', '7d', 'As']",,8d,100,100
596,River,1,-3290,3290,CHECK,0,"['2h', '4s']","['5h', '9s']","['7s', '6h', '8s', '7d', 'As']",,8d,100,100
597,Pre-Flop,1,-3390,3390,RAISE,2,"['3s', '6s']","['2s', '3h']","['6d', '5h']",,,1,1
597,Pre-Flop,0,-3390,3390,RAISE,96,"['3s', '6s']","['2s', '3h']","['6d', '5h']",,,2,2
597,Pre-Flop,1,-3390,3390,DISCARD,0,"['3s', '6s']","['2s', '3h']","['6d', '5h']",,,4,4
597,Pre-Flop,1,-3390,3390,CALL,0,"['3s', '6s']","['2s', '8d']","['6d', '5h']",,3h,4,4
597,Pre-Flop,0,-3390,3390,CHECK,0,"['3s', '6s']","['2s', '8d']","['6d', '5h']",,3h,100,100
597,Flop,1,-3390,3390,CHECK,0,"['3s', '6s']","['2s', '8d']","['6d', '5h', '7s']",,3h,100,100
597,Flop,0,-3390,3390,CHECK,0,"['3s', '6s']","['2s', '8d']","['6d', '5h', '7s']",,3h,100,100
597,Turn,1,-3390,3390,CHECK,0,"['3s', '6s']","['2s', '8d']","['6d', '5h', '7s', '3d']",,3h,100,100
597,Turn,0,-3390,3390,CHECK,0,"['3s', '6s']","['2s', '8d']","['6d', '5h', '7s', '3d']",,3h,100,100
597,River,1,-3390,3390,CHECK,0,"['3s', '6s']","['2s', '8d']","['6d', '5h', '7s', '3d', '7d']",,3h,100,100
597,River,0,-3390,3390,CHECK,0,"['3s', '6s']","['2s', '8d']","['6d', '5h', '7s', '3d', '7d']",,3h,100,100
598,Pre-Flop,0,-3290,3290,RAISE,98,"['Ah', '2s']","['3d', '6s']","['2d', '3h']",,,1,1
598,Pre-Flop,1,-3290,3290,CALL,0,"['Ah', '2s']","['3d', '6s']","['2d', '3h']",,,2,2
598,Flop,0,-3290,3290,CHECK,0,"['Ah', '2s']","['3d', '6s']","['2d', '3h', '7s']",,,100,100
598,Flop,1,-3290,3290,CHECK,0,"['Ah', '2s']","['3d', '6s']","['2d', '3h', '7s']",,,100,100
598,Turn,0,-3290,3290,CHECK,0,"['Ah', '2s']","['3d', '6s']","['2d', '3h', '7s', '6h']",,,100,100
598,Turn,1,-3290,3290,CHECK,0,"['Ah', '2s']","['3d', '6s']","['2d', '3h', '7s', '6h']",,,100,100
598,River,0,-3290,3290,CHECK,0,"['Ah', '2s']","['3d', '6s']","['2d', '3h', '7s', '6h', '4s']",,,100,100
598,River,1,-3290,3290,CHECK,0,"['Ah', '2s']","['3d', '6s']","['2d', '3h', '7s', '6h', '4s']",,,100,100
599,Pre-Flop,1,-3390,3390,RAISE,2,"['2s', '9d']","['4s', '5d']","['2h', '6d']",,,1,1
599,Pre-Flop,0,-3390,3390,RAISE,96,"['2s', '9d']","['4s', '5d']","['2h', '6d']",,,2,2
599,Pre-Flop,1,-3390,3390,CALL,0,"['2s', '9d']","['4s', '5d']","['2h', '6d']",,,4,4
599,Pre-Flop,0,-3390,3390,CHECK,0,"['2s', '9d']","['4s', '5d']","['2h', '6d']",,,100,100
599,Flop,1,-3390,3390,DISCARD,0,"['2s', '9d']","['4s', '5d']","['2h', '6d', '5h']",,,100,100
599,Flop,1,-3390,3390,CHECK,0,"['2s', '9d']","['Ah', '5d']","['2h', '6d', '5h']",,4s,100,100
599,Flop,0,-3390,3390,CHECK,0,"['2s', '9d']","['Ah', '5d']","['2h', '6d', '5h']",,4s,100,100
599,Turn,1,-3390,3390,CHECK,0,"['2s', '9d']","['Ah', '5d']","['2h', '6d', '5h', '8s']",,4s,100,100
599,Turn,0,-3390,3390,CHECK,0,"['2s', '9d']","['Ah', '5d']","['2h', '6d', '5h', '8s']",,4s,100,100
599,River,1,-3390,3390,CHECK,0,"['2s', '9d']","['Ah', '5d']","['2h', '6d', '5h', '8s', '9s']",,4s,100,100
599,River,0,-3390,3390,CHECK,0,"['2s', '9d']","['Ah', '5d']","['2h', '6d', '5h', '8s', '9s']",,4s,100,100
600,Pre-Flop,0,-3290,3290,RAISE,98,"['5d', 'As']","['4d', '8s']","['Ad', '2d']",,,1,1
600,Pre-Flop,1,-3290,3290,CALL,0,"['5d', 'As']","['4d', '8s']","['Ad', '2d']",,,2,2
600,Flop,0,-3290,3290,CHECK,0,"['5d', 'As']","['4d', '8s']","['Ad', '2d', '3d']",,,100,100
600,Flop,1,-3290,3290,DISCARD,0,"['5d', 'As']","['4d', '8s']","['Ad', '2d', '3d']",,,100,100
600,Flop,1,-3290,3290,CHECK,0,"['5d', 'As']","['4d', '7s']","['Ad', '2d', '3d']",,8s,100,100
600,Turn,0,-3290,3290,CHECK,0,"['5d', 'As']","['4d', '7s']","['Ad', '2d', '3d', '3s']",,8s,100,100
600,Turn,1,-3290,3290,CHECK,0,"['5d', 'As']","['4d', '7s']","['Ad', '2d', '3d', '3s']",,8s,100,100
600,River,0,-3290,3290,CHECK,0,"['5d', 'As']","['4d', '7s']","['Ad', '2d', '3d', '3s', '9h']",,8s,100,100
600,River,1,-3290,3290,CHECK,0,"['5d', 'As']","['4d', '7s']","['Ad', '2d', '3d', '3s', '9h']",,8s,100,100
601,Pre-Flop,1,-3190,3190,DISCARD,0,"['9d', 'Ad']","['2d', '2h']","['5s', '3h']",,,1,1
601,Pre-Flop,1,-3190,3190,RAISE,4,"['9d', 'Ad']","['9s', '2h']","['5s', '3h']",,2d,1,1
601,Pre-Flop,0,-3190,3190,RAISE,94,"['9d', 'Ad']","['9s', '2h']","['5s', '3h']",,2d,2,2
601,Pre-Flop,1,-3190,3190,CALL,0,"['9d', 'Ad']","['9s', '2h']","['5s', '3h']",,2d,6,6
601,Pre-Flop,0,-3190,3190,CHECK,0,"['9d', 'Ad']","['9s', '2h']","['5s', '3h']",,2d,100,100
601,Flop,1,-3190,3190,CHECK,0,"['9d', 'Ad']","['9s', '2h']","['5s', '3h', '4h']",,2d,100,100
601,Flop,0,-3190,3190,CHECK,0,"['9d', 'Ad']","['9s', '2h']","['5s', '3h', '4h']",,2d,100,100
601,Turn,1,-3190,3190,CHECK,0,"['9d', 'Ad']","['9s', '2h']","['5s', '3h', '4h', '3s']",,2d,100,100
601,Turn,0,-3190,3190,CHECK,0,"['9d', 'Ad']","['9s', '2h']","['5s', '3h', '4h', '3s']",,2d,100,100
601,River,1,-3190,3190,CHECK,0,"['9d', 'Ad']","['9s', '2h']","['5s', '3h', '4h', '3s', 'As']",,2d,100,100
601,River,0,-3190,3190,CHECK,0,"['9d', 'Ad']","['9s', '2h']","['5s', '3h', '4h', '3s', 'As']",,2d,100,100
602,Pre-Flop,0,-3290,3290,RAISE,98,"['4d', '8h']","['Ad', '7d']","['6s', '3h']",,,1,1
602,Pre-Flop,1,-3290,3290,CALL,0,"['4d', '8h']","['Ad', '7d']","['6s', '3h']",,,2,2
602,Flop,0,-3290,3290,CHECK,0,"['4d', '8h']","['Ad', '7d']","['6s', '3h', '5h']",,,100,100
602,Flop,1,-3290,3290,DISCARD,0,"['4d', '8h']","['Ad', '7d']","['6s', '3h', '5h']",,,100,100
602,Flop,1,-3290,3290,CHECK,0,"['4d', '8h']","['Ad', '7h']","['6s', '3h', '5h']",,7d,100,100
602,Turn,0,-3290,3290,CHECK,0,"['4d', '8h']","['Ad', '7h']","['6s', '3h', '5h', '7s']",,7d,100,100
602,Turn,1,-3290,3290,CHECK,0,"['4d', '8h']","['Ad', '7h']","['6s', '3h', '5h', '7s']",,7d,100,100
602,River,0,-3290,3290,CHECK,0,"['4d', '8h']","['Ad', '7h']","['6s', '3h', '5h', '7s', '5s']",,7d,100,100
602,River,1,-3290,3290,CHECK,0,"['4d', '8h']","['Ad', '7h']","['6s', '3h', '5h', '7s', '5s']",,7d,100,100
603,Pre-Flop,1,-3190,3190,CALL,0,"['9d', '5d']","['6h', '2d']","['4d', '8h']",,,1,1
603,Pre-Flop,0,-3190,3190,RAISE,98,"['9d', '5d']","['6h', '2d']","['4d', '8h']",,,2,2
603,Pre-Flop,1,-3190,3190,CALL,0,"['9d', '5d']","['6h', '2d']","['4d', '8h']",,,2,2
603,Pre-Flop,0,-3190,3190,CHECK,0,"['9d', '5d']","['6h', '2d']","['4d', '8h']",,,100,100
603,Flop,1,-3190,3190,DISCARD,0,"['9d', '5d']","['6h', '2d']","['4d', '8h', '2s']",,,100,100
603,Flop,1,-3190,3190,CHECK,0,"['9d', '5d']","['3s', '2d']","['4d', '8h', '2s']",,6h,100,100
603,Flop,0,-3190,3190,CHECK,0,"['9d', '5d']","['3s', '2d']","['4d', '8h', '2s']",,6h,100,100
603,Turn,1,-3190,3190,CHECK,0,"['9d', '5d']","['3s', '2d']","['4d', '8h', '2s', '5h']",,6h,100,100
603,Turn,0,-3190,3190,CHECK,0,"['9d', '5d']","['3s', '2d']","['4d', '8h', '2s', '5h']",,6h,100,100
603,River,1,-3190,3190,CHECK,0,"['9d', '5d']","['3s', '2d']","['4d', '8h', '2s', '5h', 'Ad']",,6h,100,100
603,River,0,-3190,3190,CHECK,0,"['9d', '5d']","['3s', '2d']","['4d', '8h', '2s', '5h', 'Ad']",,6h,100,100
604,Pre-Flop,0,-3290,3290,RAISE,98,"['Ad', '2s']","['7s', 'As']","['2d', '4h']",,,1,1
604,Pre-Flop,1,-3290,3290,CALL,0,"['Ad', '2s']","['7s', 'As']","['2d', '4h']",,,2,2
604,Flop,0,-3290,3290,CHECK,0,"['Ad', '2s']","['7s', 'As']","['2d', '4h', '4s']",,,100,100
604,Flop,1,-3290,3290,DISCARD,0,"['Ad', '2s']","['7s', 'As']","['2d', '4h', '4s']",,,100,100
604,Flop,1,-3290,3290,CHECK,0,"['Ad', '2s']","['8h', 'As']","['2d', '4h', '4s']",,7s,100,100
604,Turn,0,-3290,3290,CHECK,0,"['Ad', '2s']","['8h', 'As']","['2d', '4h', '4s', '6d']",,7s,100,100
604,Turn,1,-3290,3290,CHECK,0,"['Ad', '2s']","['8h', 'As']","['2d', '4h', '4s', '6d']",,7s,100,100
604,River,0,-3290,3290,CHECK,0,"['Ad', '2s']","['8h', 'As']","['2d', '4h', '4s', '6d', 'Ah']",,7s,100,100
604,River,1,-3290,3290,CHECK,0,"['Ad', '2s']","['8h', 'As']","['2d', '4h', '4s', '6d', 'Ah']",,7s,100,100
605,Pre-Flop,1,-3390,3390,RAISE,3,"['5h', '9d']","['As', '2s']","['2d', '8h']",,,1,1
605,Pre-Flop,0,-3390,3390,RAISE,95,"['5h', '9d']","['As', '2s']","['2d', '8h']",,,2,2
605,Pre-Flop,1,-3390,3390,DISCARD,0,"['5h', '9d']","['As', '2s']","['2d', '8h']",,,5,5
605,Pre-Flop,1,-3390,3390,CALL,0,"['5h', '9d']","['As', '8s']","['2d', '8h']",,2s,5,5
605,Pre-Flop,0,-3390,3390,CHECK,0,"['5h', '9d']","['As', '8s']","['2d', '8h']",,2s,100,100
605,Flop,1,-3390,3390,CHECK,0,"['5h', '9d']","['As', '8s']","['2d', '8h', '6s']",,2s,100,100
605,Flop,0,-3390,3390,CHECK,0,"['5h', '9d']","['As', '8s']","['2d', '8h', '6s']",,2s,100,100
605,Turn,1,-3390,3390,CHECK,0,"['5h', '9d']","['As', '8s']","['2d', '8h', '6s', '5d']",,2s,100,100
605,Turn,0,-3390,3390,CHECK,0,"['5h', '9d']","['As', '8s']","['2d', '8h', '6s', '5d']",,2s,100,100
605,River,1,-3390,3390,CHECK,0,"['5h', '9d']","['As', '8s']","['2d', '8h', '6s', '5d', 'Ah']",,2s,100,100
605,River,0,-3390,3390,CHECK,0,"['5h', '9d']","['As', '8s']","['2d', '8h', '6s', '5d', 'Ah']",,2s,100,100
606,Pre-Flop,0,-3490,3490,RAISE,98,"['7d', '9s']","['8h', 'As']","['2s', 'Ah']",,,1,1
606,Pre-Flop,1,-3490,3490,DISCARD,0,"['7d', '9s']","['8h', 'As']","['2s', 'Ah']",,,2,2
606,Pre-Flop,1,-3490,3490,CALL,0,"['7d', '9s']","['2d', 'As']","['2s', 'Ah']",,8h,2,2
606,Flop,0,-3490,3490,CHECK,0,"['7d', '9s']","['2d', 'As']","['2s', 'Ah', '7h']",,8h,100,100
606,Flop,1,-3490,3490,CHECK,0,"['7d', '9s']","['2d', 'As']","['2s', 'Ah', '7h']",,8h,100,100
606,Turn,0,-3490,3490,CHECK,0,"['7d', '9s']","['2d', 'As']","['2s', 'Ah', '7h', '8d']",,8h,100,100
606,Turn,1,-3490,3490,CHECK,0,"['7d', '9s']","['2d', 'As']","['2s', 'Ah', '7h', '8d']",,8h,100,100
606,River,0,-3490,3490,CHECK,0,"['7d', '9s']","['2d', 'As']","['2s', 'Ah', '7h', '8d', '5s']",,8h,100,100
606,River,1,-3490,3490,CHECK,0,"['7d', '9s']","['2d', 'As']","['2s', 'Ah', '7h', '8d', '5s']",,8h,100,100
607,Pre-Flop,1,-3590,3590,RAISE,2,"['8h', '2d']","['2h', '5d']","['7d', '9h']",,,1,1
607,Pre-Flop,0,-3590,3590,RAISE,96,"['8h', '2d']","['2h', '5d']","['7d', '9h']",,,2,2
607,Pre-Flop,1,-3590,3590,CALL,0,"['8h', '2d']","['2h', '5d']","['7d', '9h']",,,4,4
607,Pre-Flop,0,-3590,3590,CHECK,0,"['8h', '2d']","['2h', '5d']","['7d', '9h']",,,100,100
607,Flop,1,-3590,3590,DISCARD,0,"['8h', '2d']","['2h', '5d']","['7d', '9h', '8s']",,,100,100
607,Flop,1,-3590,3590,CHECK,0,"['8h', '2d']","['3h', '5d']","['7d', '9h', '8s']",,2h,100,100
607,Flop,0,-3590,3590,CHECK,0,"['8h', '2d']","['3h', '5d']","['7d', '9h', '8s']",,2h,100,100
607,Turn,1,-3590,3590,CHECK,0,"['8h', '2d']","['3h', '5d']","['7d', '9h', '8s', '3d']",,2h,100,100
607,Turn,0,-3590,3590,CHECK,0,"['8h', '2d']","['3h', '5d']","['7d', '9h', '8s', '3d']",,2h,100,100
607,River,1,-3590,3590,CHECK,0,"['8h', '2d']","['3h', '5d']","['7d', '9h', '8s', '3d', '7s']",,2h,100,100
607,River,0,-3590,3590,CHECK,0,"['8h', '2d']","['3h', '5d']","['7d', '9h', '8s', '3d', '7s']",,2h,100,100
608,Pre-Flop,0,-3490,3490,RAISE,98,"['7d', 'As']","['4s', '3s']","['4d', '2s']",,,1,1
608,Pre-Flop,1,-3490,3490,CALL,0,"['7d', 'As']","['4s', '3s']","['4d', '2s']",,,2,2
608,Flop,0,-3490,3490,CHECK,0,"['7d', 'As']","['4s', '3s']","['4d', '2s', '5h']",,,100,100
608,Flop,1,-3490,3490,CHECK,0,"['7d', 'As']","['4s', '3s']","['4d', '2s', '5h']",,,100,100
608,Turn,0,-3490,3490,CHECK,0,"['7d', 'As']","['4s', '3s']","['4d', '2s', '5h', '9d']",,,100,100
608,Turn,1,-3490,3490,CHECK,0,"['7d', 'As']","['4s', '3s']","['4d', '2s', '5h', '9d']",,,100,100
608,River,0,-3490,3490,CHECK,0,"['7d', 'As']","['4s', '3s']","['4d', '2s', '5h', '9d', '8h']",,,100,100
608,River,1,-3490,3490,CHECK,0,"['7d', 'As']","['4s', '3s']","['4d', '2s', '5h', '9d', '8h']",,,100,100
609,Pre-Flop,1,-3590,3590,RAISE,2,"['2d', '7d']","['6s', '3h']","['5s', 'Ah']",,,1,1
609,Pre-Flop,0,-3590,3590,RAISE,96,"['2d', '7d']","['6s', '3h']","['5s', 'Ah']",,,2,2
609,Pre-Flop,1,-3590,3590,CALL,0,"['2d', '7d']","['6s', '3h']","['5s', 'Ah']",,,4,4
609,Pre-Flop,0,-3590,3590,CHECK,0,"['2d', '7d']","['6s', '3h']","['5s', 'Ah']",,,100,100
609,Flop,1,-3590,3590,DISCARD,0,"['2d', '7d']","['6s', '3h']","['5s', 'Ah', '9d']",,,100,100
609,Flop,1,-3590,3590,CHECK,0,"['2d', '7d']","['6s', '7h']","['5s', 'Ah', '9d']",,3h,100,100
609,Flop,0,-3590,3590,CHECK,0,"['2d', '7d']","['6s', '7h']","['5s', 'Ah', '9d']",,3h,100,100
609,Turn,1,-3590,3590,CHECK,0,"['2d', '7d']","['6s', '7h']","['5s', 'Ah', '9d', '3s']",,3h,100,100
609,Turn,0,-3590,3590,CHECK,0,"['2d', '7d']","['6s', '7h']","['5s', 'Ah', '9d', '3s']",,3h,100,100
609,River,1,-3590,3590,CHECK,0,"['2d', '7d']","['6s', '7h']","['5s', 'Ah', '9d', '3s', '4d']",,3h,100,100
609,River,0,-3590,3590,CHECK,0,"['2d', '7d']","['6s', '7h']","['5s', 'Ah', '9d', '3s', '4d']",,3h,100,100
610,Pre-Flop,0,-3690,3690,RAISE,98,"['5h', '9s']","['4s', '2h']","['9h', '6d']",,,1,1
610,Pre-Flop,1,-3690,3690,CALL,0,"['5h', '9s']","['4s', '2h']","['9h', '6d']",,,2,2
610,Flop,0,-3690,3690,CHECK,0,"['5h', '9s']","['4s', '2h']","['9h', '6d', '2s']",,,100,100
610,Flop,1,-3690,3690,DISCARD,0,"['5h', '9s']","['4s', '2h']","['9h', '6d', '2s']",,,100,100
610,Flop,1,-3690,3690,CHECK,0,"['5h', '9s']","['4s', '8d']","['9h', '6d', '2s']",,2h,100,100
610,Turn,0,-3690,3690,CHECK,0,"['5h', '9s']","['4s', '8d']","['9h', '6d', '2s', 'Ad']",,2h,100,100
610,Turn,1,-3690,3690,CHECK,0,"['5h', '9s']","['4s', '8d']","['9h', '6d', '2s', 'Ad']",,2h,100,100
610,River,0,-3690,3690,CHECK,0,"['5h', '9s']","['4s', '8d']","['9h', '6d', '2s', 'Ad', '3d']",,2h,100,100
610,River,1,-3690,3690,CHECK,0,"['5h', '9s']","['4s', '8d']","['9h', '6d', '2s', 'Ad', '3d']",,2h,100,100
611,Pre-Flop,1,-3590,3590,RAISE,3,"['8d', '9d']","['2s', '6s']","['3h', '8h']",,,1,1
611,Pre-Flop,0,-3590,3590,RAISE,95,"['8d', '9d']","['2s', '6s']","['3h', '8h']",,,2,2
611,Pre-Flop,1,-3590,3590,CALL,0,"['8d', '9d']","['2s', '6s']","['3h', '8h']",,,5,5
611,Pre-Flop,0,-3590,3590,CHECK,0,"['8d', '9d']","['2s', '6s']","['3h', '8h']",,,100,100
611,Flop,1,-3590,3590,DISCARD,0,"['8d', '9d']","['2s', '6s']","['3h', '8h', '4d']",,,100,100
611,Flop,1,-3590,3590,CHECK,0,"['8d', '9d']","['5d', '6s']","['3h', '8h', '4d']",,2s,100,100
611,Flop,0,-3590,3590,CHECK,0,"['8d', '9d']","['5d', '6s']","['3h', '8h', '4d']",,2s,100,100
611,Turn,1,-3590,3590,CHECK,0,"['8d', '9d']","['5d', '6s']","['3h', '8h', '4d', '9h']",,2s,100,100
611,Turn,0,-3590,3590,CHECK,0,"['8d', '9d']","['5d', '6s']","['3h', '8h', '4d', '9h']",,2s,100,100
611,River,1,-3590,3590,CHECK,0,"['8d', '9d']","['5d', '6s']","['3h', '8h', '4d', '9h', '4s']",,2s,100,100
611,River,0,-3590,3590,CHECK,0,"['8d', '9d']","['5d', '6s']","['3h', '8h', '4d', '9h', '4s']",,2s,100,100
612,Pre-Flop,0,-3490,3490,RAISE,98,"['4s', '6d']","['8h', '6h']","['2h', '4d']",,,1,1
612,Pre-Flop,1,-3490,3490,CALL,0,"['4s', '6d']","['8h', '6h']","['2h', '4d']",,,2,2
612,Flop,0,-3490,3490,CHECK,0,"['4s', '6d']","['8h', '6h']","['2h', '4d', 'Ah']",,,100,100
612,Flop,1,-3490,3490,DISCARD,0,"['4s', '6d']","['8h', '6h']","['2h', '4d', 'Ah']",,,100,100
612,Flop,1,-3490,3490,CHECK,0,"['4s', '6d']","['8h', '4h']","['2h', '4d', 'Ah']",,6h,100,100
612,Turn,0,-3490,3490,CHECK,0,"['4s', '6d']","['8h', '4h']","['2h', '4d', 'Ah', '3d']",,6h,100,100
612,Turn,1,-3490,3490,CHECK,0,"['4s', '6d']","['8h', '4h']","['2h', '4d', 'Ah', '3d']",,6h,100,100
612,River,0,-3490,3490,CHECK,0,"['4s', '6d']","['8h', '4h']","['2h', '4d', 'Ah', '3d', '9h']",,6h,100,100
612,River,1,-3490,3490,CHECK,0,"['4s', '6d']","['8h', '4h']","['2h', '4d', 'Ah', '3d', '9h']",,6h,100,100
613,Pre-Flop,1,-3590,3590,RAISE,3,"['2h', '3h']","['7h', 'As']","['2s', '7s']",,,1,1
613,Pre-Flop,0,-3590,3590,RAISE,95,"['2h', '3h']","['7h', 'As']","['2s', '7s']",,,2,2
613,Pre-Flop,1,-3590,3590,CALL,0,"['2h', '3h']","['7h', 'As']","['2s', '7s']",,,5,5
613,Pre-Flop,0,-3590,3590,CHECK,0,"['2h', '3h']","['7h', 'As']","['2s', '7s']",,,100,100
613,Flop,1,-3590,3590,DISCARD,0,"['2h', '3h']","['7h', 'As']","['2s', '7s', '5h']",,,100,100
613,Flop,1,-3590,3590,CHECK,0,"['2h', '3h']","['7h', '8h']","['2s', '7s', '5h']",,As,100,100
613,Flop,0,-3590,3590,CHECK,0,"['2h', '3h']","['7h', '8h']","['2s', '7s', '5h']",,As,100,100
613,Turn,1,-3590,3590,CHECK,0,"['2h', '3h']","['7h', '8h']","['2s', '7s', '5h', 'Ah']",,As,100,100
613,Turn,0,-3590,3590,CHECK,0,"['2h', '3h']","['7h', '8h']","['2s', '7s', '5h', 'Ah']",,As,100,100
613,River,1,-3590,3590,CHECK,0,"['2h', '3h']","['7h', '8h']","['2s', '7s', '5h', 'Ah', '7d']",,As,100,100
613,River,0,-3590,3590,CHECK,0,"['2h', '3h']","['7h', '8h']","['2s', '7s', '5h', 'Ah', '7d']",,As,100,100
614,Pre-Flop,0,-3690,3690,RAISE,98,"['Ad', '9h']","['5h', 'Ah']","['3d', '6d']",,,1,1
614,Pre-Flop,1,-3690,3690,CALL,0,"['Ad', '9h']","['5h', 'Ah']","['3d', '6d']",,,2,2
614,Flop,0,-3690,3690,CHECK,0,"['Ad', '9h']","['5h', 'Ah']","['3d', '6d', '4h']",,,100,100
614,Flop,1,-3690,3690,DISCARD,0,"['Ad', '9h']","['5h', 'Ah']","['3d', '6d', '4h']",,,100,100
614,Flop,1,-3690,3690,CHECK,0,"['Ad', '9h']","['5h', 'As']","['3d', '6d', '4h']",,Ah,100,100
614,Turn,0,-3690,3690,CHECK,0,"['Ad', '9h']","['5h', 'As']","['3d', '6d', '4h', '2d']",,Ah,100,100
614,Turn,1,-3690,3690,CHECK,0,"['Ad', '9h']","['5h', 'As']","['3d', '6d', '4h', '2d']",,Ah,100,100
614,River,0,-3690,3690,CHECK,0,"['Ad', '9h']","['5h', 'As']","['3d', '6d', '4h', '2d', '7h']",,Ah,100,100
614,River,1,-3690,3690,CHECK,0,"['Ad', '9h']","['5h', 'As']","['3d', '6d', '4h', '2d', '7h']",,Ah,100,100
615,Pre-Flop,1,-3790,3790,RAISE,2,"['7h', 'As']","['8h', '9h']","['4d', '4s']",,,1,1
615,Pre-Flop,0,-3790,3790,RAISE,96,"['7h', 'As']","['8h', '9h']","['4d', '4s']",,,2,2
615,Pre-Flop,1,-3790,3790,CALL,0,"['7h', 'As']","['8h', '9h']","['4d', '4s']",,,4,4
615,Pre-Flop,0,-3790,3790,CHECK,0,"['7h', 'As']","['8h', '9h']","['4d', '4s']",,,100,100
615,Flop,1,-3790,3790,CHECK,0,"['7h', 'As']","['8h', '9h']","['4d', '4s', 'Ah']",,,100,100
615,Flop,0,-3790,3790,CHECK,0,"['7h', 'As']","['8h', '9h']","['4d', '4s', 'Ah']",,,100,100
615,Turn,1,-3790,3790,CHECK,0,"['7h', 'As']","['8h', '9h']","['4d', '4s', 'Ah', '6h']",,,100,100
615,Turn,0,-3790,3790,CHECK,0,"['7h', 'As']","['8h', '9h']","['4d', '4s', 'Ah', '6h']",,,100,100
615,River,1,-3790,3790,CHECK,0,"['7h', 'As']","['8h', '9h']","['4d', '4s', 'Ah', '6h', '2d']",,,100,100
615,River,0,-3790,3790,CHECK,0,"['7h', 'As']","['8h', '9h']","['4d', '4s', 'Ah', '6h', '2d']",,,100,100
616,Pre-Flop,0,-3690,3690,RAISE,98,"['5d', '7d']","['4s', '2d']","['6h', '2s']",,,1,1
616,Pre-Flop,1,-3690,3690,CALL,0,"['5d', '7d']","['4s', '2d']","['6h', '2s']",,,2,2
616,Flop,0,-3690,3690,CHECK,0,"['5d', '7d']","['4s', '2d']","['6h', '2s', '6s']",,,100,100
616,Flop,1,-3690,3690,DISCARD,0,"['5d', '7d']","['4s', '2d']","['6h', '2s', '6s']",,,100,100
616,Flop,1,-3690,3690,CHECK,0,"['5d', '7d']","['4s', '7s']","['6h', '2s', '6s']",,2d,100,100
616,Turn,0,-3690,3690,CHECK,0,"['5d', '7d']","['4s', '7s']","['6h', '2s', '6s', 'As']",,2d,100,100
616,Turn,1,-3690,3690,CHECK,0,"['5d', '7d']","['4s', '7s']","['6h', '2s', '6s', 'As']",,2d,100,100
616,River,0,-3690,3690,CHECK,0,"['5d', '7d']","['4s', '7s']","['6h', '2s', '6s', 'As', '8s']",,2d,100,100
616,River,1,-3690,3690,CHECK,0,"['5d', '7d']","['4s', '7s']","['6h', '2s', '6s', 'As', '8s']",,2d,100,100
617,Pre-Flop,1,-3790,3790,RAISE,2,"['Ad', '6d']","['9h', '8d']","['3d', '8h']",,,1,1
617,Pre-Flop,0,-3790,3790,RAISE,96,"['Ad', '6d']","['9h', '8d']","['3d', '8h']",,,2,2
617,Pre-Flop,1,-3790,3790,CALL,0,"['Ad', '6d']","['9h', '8d']","['3d', '8h']",,,4,4
617,Pre-Flop,0,-3790,3790,CHECK,0,"['Ad', '6d']","['9h', '8d']","['3d', '8h']",,,100,100
617,Flop,1,-3790,3790,DISCARD,0,"['Ad', '6d']","['9h', '8d']","['3d', '8h', 'As']",,,100,100
617,Flop,1,-3790,3790,CHECK,0,"['Ad', '6d']","['9h', '2d']","['3d', '8h', 'As']",,8d,100,100
617,Flop,0,-3790,3790,CHECK,0,"['Ad', '6d']","['9h', '2d']","['3d', '8h', 'As']",,8d,100,100
617,Turn,1,-3790,3790,CHECK,0,"['Ad', '6d']","['9h', '2d']","['3d', '8h', 'As', '6s']",,8d,100,100
617,Turn,0,-3790,3790,CHECK,0,"['Ad', '6d']","['9h', '2d']","['3d', '8h', 'As', '6s']",,8d,100,100
617,River,1,-3790,3790,CHECK,0,"['Ad', '6d']","['9h', '2d']","['3d', '8h', 'As', '6s', '3h']",,8d,100,100
617,River,0,-3790,3790,CHECK,0,"['Ad', '6d']","['9h', '2d']","['3d', '8h', 'As', '6s', '3h']",,8d,100,100
618,Pre-Flop,0,-3690,3690,RAISE,98,"['5d', '7s']","['6s', 'Ad']","['2s', '6d']",,,1,1
618,Pre-Flop,1,-3690,3690,CALL,0,"['5d', '7s']","['6s', 'Ad']","['2s', '6d']",,,2,2
618,Flop,0,-3690,3690,CHECK,0,"['5d', '7s']","['6s', 'Ad']","['2s', '6d', '8s']",,,100,100
618,Flop,1,-3690,3690,DISCARD,0,"['5d', '7s']","['6s', 'Ad']","['2s', '6d', '8s']",,,100,100
618,Flop,1,-3690,3690,CHECK,0,"['5d', '7s']","['6s', '7d']","['2s', '6d', '8s']",,Ad,100,100
618,Turn,0,-3690,3690,CHECK,0,"['5d', '7s']","['6s', '7d']","['2s', '6d', '8s', '8h']",,Ad,100,100
618,Turn,1,-3690,3690,CHECK,0,"['5d', '7s']","['6s', '7d']","['2s', '6d', '8s', '8h']",,Ad,100,100
618,River,0,-3690,3690,CHECK,0,"['5d', '7s']","['6s', '7d']","['2s', '6d', '8s', '8h', 'As']",,Ad,100,100
618,River,1,-3690,3690,CHECK,0,"['5d', '7s']","['6s', '7d']","['2s', '6d', '8s', '8h', 'As']",,Ad,100,100
619,Pre-Flop,1,-3790,3790,CALL,0,"['4h', '8s']","['Ah', '2d']","['3d', '7d']",,,1,1
619,Pre-Flop,0,-3790,3790,RAISE,98,"['4h', '8s']","['Ah', '2d']","['3d', '7d']",,,2,2
619,Pre-Flop,1,-3790,3790,CALL,0,"['4h', '8s']","['Ah', '2d']","['3d', '7d']",,,2,2
619,Pre-Flop,0,-3790,3790,CHECK,0,"['4h', '8s']","['Ah', '2d']","['3d', '7d']",,,100,100
619,Flop,1,-3790,3790,DISCARD,0,"['4h', '8s']","['Ah', '2d']","['3d', '7d', '9d']",,,100,100
619,Flop,1,-3790,3790,CHECK,0,"['4h', '8s']","['As', '2d']","['3d', '7d', '9d']",,Ah,100,100
619,Flop,0,-3790,3790,CHECK,0,"['4h', '8s']","['As', '2d']","['3d', '7d', '9d']",,Ah,100,100
619,Turn,1,-3790,3790,CHECK,0,"['4h', '8s']","['As', '2d']","['3d', '7d', '9d', '5s']",,Ah,100,100
619,Turn,0,-3790,3790,CHECK,0,"['4h', '8s']","['As', '2d']","['3d', '7d', '9d', '5s']",,Ah,100,100
619,River,1,-3790,3790,CHECK,0,"['4h', '8s']","['As', '2d']","['3d', '7d', '9d', '5s', '5h']",,Ah,100,100
619,River,0,-3790,3790,CHECK,0,"['4h', '8s']","['As', '2d']","['3d', '7d', '9d', '5s', '5h']",,Ah,100,100
620,Pre-Flop,0,-3890,3890,RAISE,98,"['2h', '6s']","['5s', '7h']","['6h', '7s']",,,1,1
620,Pre-Flop,1,-3890,3890,CALL,0,"['2h', '6s']","['5s', '7h']","['6h', '7s']",,,2,2
620,Flop,0,-3890,3890,CHECK,0,"['2h', '6s']","['5s', '7h']","['6h', '7s', 'Ah']",,,100,100
620,Flop,1,-3890,3890,CHECK,0,"['2h', '6s']","['5s', '7h']","['6h', '7s', 'Ah']",,,100,100
620,Turn,0,-3890,3890,CHECK,0,"['2h', '6s']","['5s', '7h']","['6h', '7s', 'Ah', '2s']",,,100,100
620,Turn,1,-3890,3890,CHECK,0,"['2h', '6s']","['5s', '7h']","['6h', '7s', 'Ah', '2s']",,,100,100
620,River,0,-3890,3890,CHECK,0,"['2h', '6s']","['5s', '7h']","['6h', '7s', 'Ah', '2s', '3s']",,,100,100
620,River,1,-3890,3890,CHECK,0,"['2h', '6s']","['5s', '7h']","['6h', '7s', 'Ah', '2s', '3s']",,,100,100
621,Pre-Flop,1,-3790,3790,CALL,0,"['6h', '4s']","['6d', 'Ah']","['9s', '4d']",,,1,1
621,Pre-Flop,0,-3790,3790,RAISE,98,"['6h', '4s']","['6d', 'Ah']","['9s', '4d']",,,2,2
621,Pre-Flop,1,-3790,3790,DISCARD,0,"['6h', '4s']","['6d', 'Ah']","['9s', '4d']",,,2,2
621,Pre-Flop,1,-3790,3790,CALL,0,"['6h', '4s']","['2d', 'Ah']","['9s', '4d']",,6d,2,2
621,Pre-Flop,0,-3790,3790,CHECK,0,"['6h', '4s']","['2d', 'Ah']","['9s', '4d']",,6d,100,100
621,Flop,1,-3790,3790,CHECK,0,"['6h', '4s']","['2d', 'Ah']","['9s', '4d', 'Ad']",,6d,100,100
621,Flop,0,-3790,3790,CHECK,0,"['6h', '4s']","['2d', 'Ah']","['9s', '4d', 'Ad']",,6d,100,100
621,Turn,1,-3790,3790,CHECK,0,"['6h', '4s']","['2d', 'Ah']","['9s', '4d', 'Ad', '7s']",,6d,100,100
621,Turn,0,-3790,3790,CHECK,0,"['6h', '4s']","['2d', 'Ah']","['9s', '4d', 'Ad', '7s']",,6d,100,100
621,River,1,-3790,3790,CHECK,0,"['6h', '4s']","['2d', 'Ah']","['9s', '4d', 'Ad', '7s', '2h']",,6d,100,100
621,River,0,-3790,3790,CHECK,0,"['6h', '4s']","['2d', 'Ah']","['9s', '4d', 'Ad', '7s', '2h']",,6d,100,100
622,Pre-Flop,0,-3890,3890,RAISE,98,"['4s', '6s']","['Ah', '8s']","['3s', '4d']",,,1,1
622,Pre-Flop,1,-3890,3890,CALL,0,"['4s', '6s']","['Ah', '8s']","['3s', '4d']",,,2,2
622,Flop,0,-3890,3890,CHECK,0,"['4s', '6s']","['Ah', '8s']","['3s', '4d', '7d']",,,100,100
622,Flop,1,-3890,3890,DISCARD,0,"['4s', '6s']","['Ah', '8s']","['3s', '4d', '7d']",,,100,100
622,Flop,1,-3890,3890,CHECK,0,"['4s', '6s']","['7h', '8s']","['3s', '4d', '7d']",,Ah,100,100
622,Turn,0,-3890,3890,CHECK,0,"['4s', '6s']","['7h', '8s']","['3s', '4d', '7d', '2h']",,Ah,100,100
622,Turn,1,-3890,3890,CHECK,0,"['4s', '6s']","['7h', '8s']","['3s', '4d', '7d', '2h']",,Ah,100,100
622,River,0,-3890,3890,CHECK,0,"['4s', '6s']","['7h', '8s']","['3s', '4d', '7d', '2h', '4h']",,Ah,100,100
622,River,1,-3890,3890,CHECK,0,"['4s', '6s']","['7h', '8s']","['3s', '4d', '7d', '2h', '4h']",,Ah,100,100
623,Pre-Flop,1,-3790,3790,RAISE,3,"['2d', '6h']","['7s', '8s']","['As', '8h']",,,1,1
623,Pre-Flop,0,-3790,3790,RAISE,95,"['2d', '6h']","['7s', '8s']","['As', '8h']",,,2,2
623,Pre-Flop,1,-3790,3790,CALL,0,"['2d', '6h']","['7s', '8s']","['As', '8h']",,,5,5
623,Pre-Flop,0,-3790,3790,CHECK,0,"['2d', '6h']","['7s', '8s']","['As', '8h']",,,100,100
623,Flop,1,-3790,3790,DISCARD,0,"['2d', '6h']","['7s', '8s']","['As', '8h', '7d']",,,100,100
623,Flop,1,-3790,3790,CHECK,0,"['2d', '6h']","['9d', '8s']","['As', '8h', '7d']",,7s,100,100
623,Flop,0,-3790,3790,CHECK,0,"['2d', '6h']","['9d', '8s']","['As', '8h', '7d']",,7s,100,100
623,Turn,1,-3790,3790,CHECK,0,"['2d', '6h']","['9d', '8s']","['As', '8h', '7d', '4d']",,7s,100,100
623,Turn,0,-3790,3790,CHECK,0,"['2d', '6h']","['9d', '8s']","['As', '8h', '7d', '4d']",,7s,100,100
623,River,1,-3790,3790,CHECK,0,"['2d', '6h']","['9d', '8s']","['As', '8h', '7d', '4d', '3s']",,7s,100,100
623,River,0,-3790,3790,CHECK,0,"['2d', '6h']","['9d', '8s']","['As', '8h', '7d', '4d', '3s']",,7s,100,100
624,Pre-Flop,0,-3890,3890,RAISE,98,"['6s', '4s']","['As', '7d']","['9d', '2h']",,,1,1
624,Pre-Flop,1,-3890,3890,CALL,0,"['6s', '4s']","['As', '7d']","['9d', '2h']",,,2,2
624,Flop,0,-3890,3890,CHECK,0,"['6s', '4s']","['As', '7d']","['9d', '2h', '9h']",,,100,100
624,Flop,1,-3890,3890,DISCARD,0,"['6s', '4s']","['As', '7d']","['9d', '2h', '9h']",,,100,100
624,Flop,1,-3890,3890,CHECK,0,"['6s', '4s']","['As', '4d']","['9d', '2h', '9h']",,7d,100,100
624,Turn,0,-3890,3890,CHECK,0,"['6s', '4s']","['As', '4d']","['9d', '2h', '9h', '5s']",,7d,100,100
624,Turn,1,-3890,3890,CHECK,0,"['6s', '4s']","['As', '4d']","['9d', '2h', '9h', '5s']",,7d,100,100
624,River,0,-3890,3890,CHECK,0,"['6s', '4s']","['As', '4d']","['9d', '2h', '9h', '5s', '9s']",,7d,100,100
624,River,1,-3890,3890,CHECK,0,"['6s', '4s']","['As', '4d']","['9d', '2h', '9h', '5s', '9s']",,7d,100,100
625,Pre-Flop,1,-3990,3990,RAISE,2,"['9s', '9d']","['8s', '7h']","['3h', '9h']",,,1,1
625,Pre-Flop,0,-3990,3990,RAISE,96,"['9s', '9d']","['8s', '7h']","['3h', '9h']",,,2,2
625,Pre-Flop,1,-3990,3990,CALL,0,"['9s', '9d']","['8s', '7h']","['3h', '9h']",,,4,4
625,Pre-Flop,0,-3990,3990,CHECK,0,"['9s', '9d']","['8s', '7h']","['3h', '9h']",,,100,100
625,Flop,1,-3990,3990,DISCARD,0,"['9s', '9d']","['8s', '7h']","['3h', '9h', '5h']",,,100,100
625,Flop,1,-3990,3990,CHECK,0,"['9s', '9d']","['As', '7h']","['3h', '9h', '5h']",,8s,100,100
625,Flop,0,-3990,3990,CHECK,0,"['9s', '9d']","['As', '7h']","['3h', '9h', '5h']",,8s,100,100
625,Turn,1,-3990,3990,CHECK,0,"['9s', '9d']","['As', '7h']","['3h', '9h', '5h', '2h']",,8s,100,100
625,Turn,0,-3990,3990,CHECK,0,"['9s', '9d']","['As', '7h']","['3h', '9h', '5h', '2h']",,8s,100,100
625,River,1,-3990,3990,CHECK,0,"['9s', '9d']","['As', '7h']","['3h', '9h', '5h', '2h', '7s']",,8s,100,100
625,River,0,-3990,3990,CHECK,0,"['9s', '9d']","['As', '7h']","['3h', '9h', '5h', '2h', '7s']",,8s,100,100
626,Pre-Flop,0,-4090,4090,RAISE,98,"['6h', '8s']","['4s', '8h']","['5d', '4d']",,,1,1
626,Pre-Flop,1,-4090,4090,CALL,0,"['6h', '8s']","['4s', '8h']","['5d', '4d']",,,2,2
626,Flop,0,-4090,4090,CHECK,0,"['6h', '8s']","['4s', '8h']","['5d', '4d', '2h']",,,100,100
626,Flop,1,-4090,4090,DISCARD,0,"['6h', '8s']","['4s', '8h']","['5d', '4d', '2h']",,,100,100
626,Flop,1,-4090,4090,CHECK,0,"['6h', '8s']","['4s', '6s']","['5d', '4d', '2h']",,8h,100,100
626,Turn,0,-4090,4090,CHECK,0,"['6h', '8s']","['4s', '6s']","['5d', '4d', '2h', '4h']",,8h,100,100
626,Turn,1,-4090,4090,CHECK,0,"['6h', '8s']","['4s', '6s']","['5d', '4d', '2h', '4h']",,8h,100,100
626,River,0,-4090,4090,CHECK,0,"['6h', '8s']","['4s', '6s']","['5d', '4d', '2h', '4h', '8d']",,8h,100,100
626,River,1,-4090,4090,CHECK,0,"['6h', '8s']","['4s', '6s']","['5d', '4d', '2h', '4h', '8d']",,8h,100,100
627,Pre-Flop,1,-4190,4190,RAISE,2,"['8d', '5s']","['2d', '7h']","['4d', '3h']",,,1,1
627,Pre-Flop,0,-4190,4190,RAISE,96,"['8d', '5s']","['2d', '7h']","['4d', '3h']",,,2,2
627,Pre-Flop,1,-4190,4190,CALL,0,"['8d', '5s']","['2d', '7h']","['4d', '3h']",,,4,4
627,Pre-Flop,0,-4190,4190,CHECK,0,"['8d', '5s']","['2d', '7h']","['4d', '3h']",,,100,100
627,Flop,1,-4190,4190,DISCARD,0,"['8d', '5s']","['2d', '7h']","['4d', '3h', '3d']",,,100,100
627,Flop,1,-4190,4190,CHECK,0,"['8d', '5s']","['2d', '7s']","['4d', '3h', '3d']",,7h,100,100
627,Flop,0,-4190,4190,CHECK,0,"['8d', '5s']","['2d', '7s']","['4d', '3h', '3d']",,7h,100,100
627,Turn,1,-4190,4190,CHECK,0,"['8d', '5s']","['2d', '7s']","['4d', '3h', '3d', '9d']",,7h,100,100
627,Turn,0,-4190,4190,CHECK,0,"['8d', '5s']","['2d', '7s']","['4d', '3h', '3d', '9d']",,7h,100,100
627,River,1,-4190,4190,CHECK,0,"['8d', '5s']","['2d', '7s']","['4d', '3h', '3d', '9d', '9h']",,7h,100,100
627,River,0,-4190,4190,CHECK,0,"['8d', '5s']","['2d', '7s']","['4d', '3h', '3d', '9d', '9h']",,7h,100,100
628,Pre-Flop,0,-4090,4090,RAISE,98,"['9d', '8h']","['8d', 'As']","['7d', '8s']",,,1,1
628,Pre-Flop,1,-4090,4090,DISCARD,0,"['9d', '8h']","['8d', 'As']","['7d', '8s']",,,2,2
628,Pre-Flop,1,-4090,4090,CALL,0,"['9d', '8h']","['2d', 'As']","['7d', '8s']",,8d,2,2
628,Flop,0,-4090,4090,CHECK,0,"['9d', '8h']","['2d', 'As']","['7d', '8s', '6s']",,8d,100,100
628,Flop,1,-4090,4090,CHECK,0,"['9d', '8h']","['2d', 'As']","['7d', '8s', '6s']",,8d,100,100
628,Turn,0,-4090,4090,CHECK,0,"['9d', '8h']","['2d', 'As']","['7d', '8s', '6s', '5d']",,8d,100,100
628,Turn,1,-4090,4090,CHECK,0,"['9d', '8h']","['2d', 'As']","['7d', '8s', '6s', '5d']",,8d,100,100
628,River,0,-4090,4090,CHECK,0,"['9d', '8h']","['2d', 'As']","['7d', '8s', '6s', '5d', '3s']",,8d,100,100
628,River,1,-4090,4090,CHECK,0,"['9d', '8h']","['2d', 'As']","['7d', '8s', '6s', '5d', '3s']",,8d,100,100
629,Pre-Flop,1,-3990,3990,CALL,0,"['6d', '9s']","['4d', '8d']","['As', '7d']",,,1,1
629,Pre-Flop,0,-3990,3990,RAISE,98,"['6d', '9s']","['4d', '8d']","['As', '7d']",,,2,2
629,Pre-Flop,1,-3990,3990,CALL,0,"['6d', '9s']","['4d', '8d']","['As', '7d']",,,2,2
629,Pre-Flop,0,-3990,3990,CHECK,0,"['6d', '9s']","['4d', '8d']","['As', '7d']",,,100,100
629,Flop,1,-3990,3990,CHECK,0,"['6d', '9s']","['4d', '8d']","['As', '7d', '2h']",,,100,100
629,Flop,0,-3990,3990,CHECK,0,"['6d', '9s']","['4d', '8d']","['As', '7d', '2h']",,,100,100
629,Turn,1,-3990,3990,CHECK,0,"['6d', '9s']","['4d', '8d']","['As', '7d', '2h', '4s']",,,100,100
629,Turn,0,-3990,3990,CHECK,0,"['6d', '9s']","['4d', '8d']","['As', '7d', '2h', '4s']",,,100,100
629,River,1,-3990,3990,CHECK,0,"['6d', '9s']","['4d', '8d']","['As', '7d', '2h', '4s', '9d']",,,100,100
629,River,0,-3990,3990,CHECK,0,"['6d', '9s']","['4d', '8d']","['As', '7d', '2h', '4s', '9d']",,,100,100
630,Pre-Flop,0,-3890,3890,RAISE,98,"['7h', '3h']","['5h', '7d']","['6s', '9d']",,,1,1
630,Pre-Flop,1,-3890,3890,CALL,0,"['7h', '3h']","['5h', '7d']","['6s', '9d']",,,2,2
630,Flop,0,-3890,3890,CHECK,0,"['7h', '3h']","['5h', '7d']","['6s', '9d', '2s']",,,100,100
630,Flop,1,-3890,3890,DISCARD,0,"['7h', '3h']","['5h', '7d']","['6s', '9d', '2s']",,,100,100
630,Flop,1,-3890,3890,CHECK,0,"['7h', '3h']","['5h', 'Ad']","['6s', '9d', '2s']",,7d,100,100
630,Turn,0,-3890,3890,CHECK,0,"['7h', '3h']","['5h', 'Ad']","['6s', '9d', '2s', '8d']",,7d,100,100
630,Turn,1,-3890,3890,CHECK,0,"['7h', '3h']","['5h', 'Ad']","['6s', '9d', '2s', '8d']",,7d,100,100
630,River,0,-3890,3890,CHECK,0,"['7h', '3h']","['5h', 'Ad']","['6s', '9d', '2s', '8d', '9h']",,7d,100,100
630,River,1,-3890,3890,CHECK,0,"['7h', '3h']","['5h', 'Ad']","['6s', '9d', '2s', '8d', '9h']",,7d,100,100
631,Pre-Flop,1,-3990,3990,RAISE,2,"['8s', '2d']","['9h', '5s']","['3s', '6s']",,,1,1
631,Pre-Flop,0,-3990,3990,RAISE,96,"['8s', '2d']","['9h', '5s']","['3s', '6s']",,,2,2
631,Pre-Flop,1,-3990,3990,DISCARD,0,"['8s', '2d']","['9h', '5s']","['3s', '6s']",,,4,4
631,Pre-Flop,1,-3990,3990,CALL,0,"['8s', '2d']","['6h', '5s']","['3s', '6s']",,9h,4,4
631,Pre-Flop,0,-3990,3990,CHECK,0,"['8s', '2d']","['6h', '5s']","['3s', '6s']",,9h,100,100
631,Flop,1,-3990,3990,CHECK,0,"['8s', '2d']","['6h', '5s']","['3s', '6s', '4d']",,9h,100,100
631,Flop,0,-3990,3990,CHECK,0,"['8s', '2d']","['6h', '5s']","['3s', '6s', '4d']",,9h,100,100
631,Turn,1,-3990,3990,CHECK,0,"['8s', '2d']","['6h', '5s']","['3s', '6s', '4d', '3h']",,9h,100,100
631,Turn,0,-3990,3990,CHECK,0,"['8s', '2d']","['6h', '5s']","['3s', '6s', '4d', '3h']",,9h,100,100
631,River,1,-3990,3990,CHECK,0,"['8s', '2d']","['6h', '5s']","['3s', '6s', '4d', '3h', '8d']",,9h,100,100
631,River,0,-3990,3990,CHECK,0,"['8s', '2d']","['6h', '5s']","['3s', '6s', '4d', '3h', '8d']",,9h,100,100
632,Pre-Flop,0,-3890,3890,RAISE,98,"['2d', '7d']","['4d', '3d']","['2h', 'Ah']",,,1,1
632,Pre-Flop,1,-3890,3890,CALL,0,"['2d', '7d']","['4d', '3d']","['2h', 'Ah']",,,2,2
632,Flop,0,-3890,3890,CHECK,0,"['2d', '7d']","['4d', '3d']","['2h', 'Ah', '6h']",,,100,100
632,Flop,1,-3890,3890,CHECK,0,"['2d', '7d']","['4d', '3d']","['2h', 'Ah', '6h']",,,100,100
632,Turn,0,-3890,3890,CHECK,0,"['2d', '7d']","['4d', '3d']","['2h', 'Ah', '6h', '5d']",,,100,100
632,Turn,1,-3890,3890,CHECK,0,"['2d', '7d']","['4d', '3d']","['2h', 'Ah', '6h', '5d']",,,100,100
632,River,0,-3890,3890,CHECK,0,"['2d', '7d']","['4d', '3d']","['2h', 'Ah', '6h', '5d', '8h']",,,100,100
632,River,1,-3890,3890,CHECK,0,"['2d', '7d']","['4d', '3d']","['2h', 'Ah', '6h', '5d', '8h']",,,100,100
633,Pre-Flop,1,-3990,3990,RAISE,2,"['3d', '4d']","['5s', '3s']","['6h', '5d']",,,1,1
633,Pre-Flop,0,-3990,3990,RAISE,96,"['3d', '4d']","['5s', '3s']","['6h', '5d']",,,2,2
633,Pre-Flop,1,-3990,3990,CALL,0,"['3d', '4d']","['5s', '3s']","['6h', '5d']",,,4,4
633,Pre-Flop,0,-3990,3990,CHECK,0,"['3d', '4d']","['5s', '3s']","['6h', '5d']",,,100,100
633,Flop,1,-3990,3990,DISCARD,0,"['3d', '4d']","['5s', '3s']","['6h', '5d', '7d']",,,100,100
633,Flop,1,-3990,3990,CHECK,0,"['3d', '4d']","['5s', '3h']","['6h', '5d', '7d']",,3s,100,100
633,Flop,0,-3990,3990,CHECK,0,"['3d', '4d']","['5s', '3h']","['6h', '5d', '7d']",,3s,100,100
633,Turn,1,-3990,3990,CHECK,0,"['3d', '4d']","['5s', '3h']","['6h', '5d', '7d', 'Ah']",,3s,100,100
633,Turn,0,-3990,3990,CHECK,0,"['3d', '4d']","['5s', '3h']","['6h', '5d', '7d', 'Ah']",,3s,100,100
633,River,1,-3990,3990,CHECK,0,"['3d', '4d']","['5s', '3h']","['6h', '5d', '7d', 'Ah', '6d']",,3s,100,100
633,River,0,-3990,3990,CHECK,0,"['3d', '4d']","['5s', '3h']","['6h', '5d', '7d', 'Ah', '6d']",,3s,100,100
634,Pre-Flop,0,-3890,3890,RAISE,98,"['9d', '3d']","['9s', '7s']","['5s', 'As']",,,1,1
634,Pre-Flop,1,-3890,3890,CALL,0,"['9d', '3d']","['9s', '7s']","['5s', 'As']",,,2,2
634,Flop,0,-3890,3890,CHECK,0,"['9d', '3d']","['9s', '7s']","['5s', 'As', '3h']",,,100,100
634,Flop,1,-3890,3890,CHECK,0,"['9d', '3d']","['9s', '7s']","['5s', 'As', '3h']",,,100,100
634,Turn,0,-3890,3890,CHECK,0,"['9d', '3d']","['9s', '7s']","['5s', 'As', '3h', '2h']",,,100,100
634,Turn,1,-3890,3890,CHECK,0,"['9d', '3d']","['9s', '7s']","['5s', 'As', '3h', '2h']",,,100,100
634,River,0,-3890,3890,CHECK,0,"['9d', '3d']","['9s', '7s']","['5s', 'As', '3h', '2h', '7h']",,,100,100
634,River,1,-3890,3890,CHECK,0,"['9d', '3d']","['9s', '7s']","['5s', 'As', '3h', '2h', '7h']",,,100,100
635,Pre-Flop,1,-3990,3990,RAISE,2,"['As', '2h']","['5s', '4s']","['2s', '4d']",,,1,1
635,Pre-Flop,0,-3990,3990,RAISE,96,"['As', '2h']","['5s', '4s']","['2s', '4d']",,,2,2
635,Pre-Flop,1,-3990,3990,CALL,0,"['As', '2h']","['5s', '4s']","['2s', '4d']",,,4,4
635,Pre-Flop,0,-3990,3990,CHECK,0,"['As', '2h']","['5s', '4s']","['2s', '4d']",,,100,100
635,Flop,1,-3990,3990,DISCARD,0,"['As', '2h']","['5s', '4s']","['2s', '4d', '5h']",,,100,100
635,Flop,1,-3990,3990,CHECK,0,"['As', '2h']","['2d', '4s']","['2s', '4d', '5h']",,5s,100,100
635,Flop,0,-3990,3990,CHECK,0,"['As', '2h']","['2d', '4s']","['2s', '4d', '5h']",,5s,100,100
635,Turn,1,-3990,3990,CHECK,0,"['As', '2h']","['2d', '4s']","['2s', '4d', '5h', '6d']",,5s,100,100
635,Turn,0,-3990,3990,CHECK,0,"['As', '2h']","['2d', '4s']","['2s', '4d', '5h', '6d']",,5s,100,100
635,River,1,-3990,3990,CHECK,0,"['As', '2h']","['2d', '4s']","['2s', '4d', '5h', '6d', '8h']",,5s,100,100
635,River,0,-3990,3990,CHECK,0,"['As', '2h']","['2d', '4s']","['2s', '4d', '5h', '6d', '8h']",,5s,100,100
636,Pre-Flop,0,-4090,4090,RAISE,98,"['7d', '6s']","['8s', 'Ad']","['3d', '5d']",,,1,1
636,Pre-Flop,1,-4090,4090,DISCARD,0,"['7d', '6s']","['8s', 'Ad']","['3d', '5d']",,,2,2
636,Pre-Flop,1,-4090,4090,CALL,0,"['7d', '6s']","['8s', '2d']","['3d', '5d']",,Ad,2,2
636,Flop,0,-4090,4090,CHECK,0,"['7d', '6s']","['8s', '2d']","['3d', '5d', '4h']",,Ad,100,100
636,Flop,1,-4090,4090,CHECK,0,"['7d', '6s']","['8s', '2d']","['3d', '5d', '4h']",,Ad,100,100
636,Turn,0,-4090,4090,CHECK,0,"['7d', '6s']","['8s', '2d']","['3d', '5d', '4h', '9s']",,Ad,100,100
636,Turn,1,-4090,4090,CHECK,0,"['7d', '6s']","['8s', '2d']","['3d', '5d', '4h', '9s']",,Ad,100,100
636,River,0,-4090,4090,CHECK,0,"['7d', '6s']","['8s', '2d']","['3d', '5d', '4h', '9s', '9d']",,Ad,100,100
636,River,1,-4090,4090,CHECK,0,"['7d', '6s']","['8s', '2d']","['3d', '5d', '4h', '9s', '9d']",,Ad,100,100
637,Pre-Flop,1,-3990,3990,CALL,0,"['5h', '8h']","['9d', '2d']","['4h', '2s']",,,1,1
637,Pre-Flop,0,-3990,3990,RAISE,98,"['5h', '8h']","['9d', '2d']","['4h', '2s']",,,2,2
637,Pre-Flop,1,-3990,3990,CALL,0,"['5h', '8h']","['9d', '2d']","['4h', '2s']",,,2,2
637,Pre-Flop,0,-3990,3990,CHECK,0,"['5h', '8h']","['9d', '2d']","['4h', '2s']",,,100,100
637,Flop,1,-3990,3990,DISCARD,0,"['5h', '8h']","['9d', '2d']","['4h', '2s', 'As']",,,100,100
637,Flop,1,-3990,3990,CHECK,0,"['5h', '8h']","['9d', '5d']","['4h', '2s', 'As']",,2d,100,100
637,Flop,0,-3990,3990,CHECK,0,"['5h', '8h']","['9d', '5d']","['4h', '2s', 'As']",,2d,100,100
637,Turn,1,-3990,3990,CHECK,0,"['5h', '8h']","['9d', '5d']","['4h', '2s', 'As', '8d']",,2d,100,100
637,Turn,0,-3990,3990,CHECK,0,"['5h', '8h']","['9d', '5d']","['4h', '2s', 'As', '8d']",,2d,100,100
637,River,1,-3990,3990,CHECK,0,"['5h', '8h']","['9d', '5d']","['4h', '2s', 'As', '8d', '6d']",,2d,100,100
637,River,0,-3990,3990,CHECK,0,"['5h', '8h']","['9d', '5d']","['4h', '2s', 'As', '8d', '6d']",,2d,100,100
638,Pre-Flop,0,-3890,3890,RAISE,98,"['6h', '3d']","['4d', '6s']","['9s', '7s']",,,1,1
638,Pre-Flop,1,-3890,3890,CALL,0,"['6h', '3d']","['4d', '6s']","['9s', '7s']",,,2,2
638,Flop,0,-3890,3890,CHECK,0,"['6h', '3d']","['4d', '6s']","['9s', '7s', '3h']",,,100,100
638,Flop,1,-3890,3890,DISCARD,0,"['6h', '3d']","['4d', '6s']","['9s', '7s', '3h']",,,100,100
638,Flop,1,-3890,3890,CHECK,0,"['6h', '3d']","['Ah', '6s']","['9s', '7s', '3h']",,4d,100,100
638,Turn,0,-3890,3890,CHECK,0,"['6h', '3d']","['Ah', '6s']","['9s', '7s', '3h', '2s']",,4d,100,100
638,Turn,1,-3890,3890,CHECK,0,"['6h', '3d']","['Ah', '6s']","['9s', '7s', '3h', '2s']",,4d,100,100
638,River,0,-3890,3890,CHECK,0,"['6h', '3d']","['Ah', '6s']","['9s', '7s', '3h', '2s', '7d']",,4d,100,100
638,River,1,-3890,3890,CHECK,0,"['6h', '3d']","['Ah', '6s']","['9s', '7s', '3h', '2s', '7d']",,4d,100,100
639,Pre-Flop,1,-3790,3790,RAISE,2,"['2d', '6s']","['8h', '4s']","['6h', 'Ad']",,,1,1
639,Pre-Flop,0,-3790,3790,RAISE,96,"['2d', '6s']","['8h', '4s']","['6h', 'Ad']",,,2,2
639,Pre-Flop,1,-3790,3790,CALL,0,"['2d', '6s']","['8h', '4s']","['6h', 'Ad']",,,4,4
639,Pre-Flop,0,-3790,3790,CHECK,0,"['2d', '6s']","['8h', '4s']","['6h', 'Ad']",,,100,100
639,Flop,1,-3790,3790,DISCARD,0,"['2d', '6s']","['8h', '4s']","['6h', 'Ad', '7s']",,,100,100
639,Flop,1,-3790,3790,CHECK,0,"['2d', '6s']","['8h', '3s']","['6h', 'Ad', '7s']",,4s,100,100
639,Flop,0,-3790,3790,CHECK,0,"['2d', '6s']","['8h', '3s']","['6h', 'Ad', '7s']",,4s,100,100
639,Turn,1,-3790,3790,CHECK,0,"['2d', '6s']","['8h', '3s']","['6h', 'Ad', '7s', 'Ah']",,4s,100,100
639,Turn,0,-3790,3790,CHECK,0,"['2d', '6s']","['8h', '3s']","['6h', 'Ad', '7s', 'Ah']",,4s,100,100
639,River,1,-3790,3790,CHECK,0,"['2d', '6s']","['8h', '3s']","['6h', 'Ad', '7s', 'Ah', '2s']",,4s,100,100
639,River,0,-3790,3790,CHECK,0,"['2d', '6s']","['8h', '3s']","['6h', 'Ad', '7s', 'Ah', '2s']",,4s,100,100
640,Pre-Flop,0,-3690,3690,RAISE,98,"['9s', '5d']","['6d', '6h']","['4d', '9d']",,,1,1
640,Pre-Flop,1,-3690,3690,DISCARD,0,"['9s', '5d']","['6d', '6h']","['4d', '9d']",,,2,2
640,Pre-Flop,1,-3690,3690,CALL,0,"['9s', '5d']","['3h', '6h']","['4d', '9d']",,6d,2,2
640,Flop,0,-3690,3690,CHECK,0,"['9s', '5d']","['3h', '6h']","['4d', '9d', '4h']",,6d,100,100
640,Flop,1,-3690,3690,CHECK,0,"['9s', '5d']","['3h', '6h']","['4d', '9d', '4h']",,6d,100,100
640,Turn,0,-3690,3690,CHECK,0,"['9s', '5d']","['3h', '6h']","['4d', '9d', '4h', '7h']",,6d,100,100
640,Turn,1,-3690,3690,CHECK,0,"['9s', '5d']","['3h', '6h']","['4d', '9d', '4h', '7h']",,6d,100,100
640,River,0,-3690,3690,CHECK,0,"['9s', '5d']","['3h', '6h']","['4d', '9d', '4h', '7h', '5h']",,6d,100,100
640,River,1,-3690,3690,CHECK,0,"['9s', '5d']","['3h', '6h']","['4d', '9d', '4h', '7h', '5h']",,6d,100,100
641,Pre-Flop,1,-3790,3790,RAISE,2,"['2s', '7h']","['8s', '6h']","['Ah', '7d']",,,1,1
641,Pre-Flop,0,-3790,3790,RAISE,96,"['2s', '7h']","['8s', '6h']","['Ah', '7d']",,,2,2
641,Pre-Flop,1,-3790,3790,CALL,0,"['2s', '7h']","['8s', '6h']","['Ah', '7d']",,,4,4
641,Pre-Flop,0,-3790,3790,CHECK,0,"['2s', '7h']","['8s', '6h']","['Ah', '7d']",,,100,100
641,Flop,1,-3790,3790,DISCARD,0,"['2s', '7h']","['8s', '6h']","['Ah', '7d', '5h']",,,100,100
641,Flop,1,-3790,3790,CHECK,0,"['2s', '7h']","['6d', '6h']","['Ah', '7d', '5h']",,8s,100,100
641,Flop,0,-3790,3790,CHECK,0,"['2s', '7h']","['6d', '6h']","['Ah', '7d', '5h']",,8s,100,100
641,Turn,1,-3790,3790,CHECK,0,"['2s', '7h']","['6d', '6h']","['Ah', '7d', '5h', '3h']",,8s,100,100
641,Turn,0,-3790,3790,CHECK,0,"['2s', '7h']","['6d', '6h']","['Ah', '7d', '5h', '3h']",,8s,100,100
641,River,1,-3790,3790,CHECK,0,"['2s', '7h']","['6d', '6h']","['Ah', '7d', '5h', '3h', '9h']",,8s,100,100
641,River,0,-3790,3790,CHECK,0,"['2s', '7h']","['6d', '6h']","['Ah', '7d', '5h', '3h', '9h']",,8s,100,100
642,Pre-Flop,0,-3690,3690,RAISE,98,"['7d', '3h']","['4h', '5d']","['8d', '7s']",,,1,1
642,Pre-Flop,1,-3690,3690,CALL,0,"['7d', '3h']","['4h', '5d']","['8d', '7s']",,,2,2
642,Flop,0,-3690,3690,CHECK,0,"['7d', '3h']","['4h', '5d']","['8d', '7s', '2d']",,,100,100
642,Flop,1,-3690,3690,DISCARD,0,"['7d', '3h']","['4h', '5d']","['8d', '7s', '2d']",,,100,100
642,Flop,1,-3690,3690,CHECK,0,"['7d', '3h']","['4h', '6s']","['8d', '7s', '2d']",,5d,100,100
642,Turn,0,-3690,3690,CHECK,0,"['7d', '3h']","['4h', '6s']","['8d', '7s', '2d', '5s']",,5d,100,100
642,Turn,1,-3690,3690,CHECK,0,"['7d', '3h']","['4h', '6s']","['8d', '7s', '2d', '5s']",,5d,100,100
642,River,0,-3690,3690,CHECK,0,"['7d', '3h']","['4h', '6s']","['8d', '7s', '2d', '5s', '8h']",,5d,100,100
642,River,1,-3690,3690,CHECK,0,"['7d', '3h']","['4h', '6s']","['8d', '7s', '2d', '5s', '8h']",,5d,100,100
643,Pre-Flop,1,-3790,3790,DISCARD,0,"['5s', '4d']","['Ah', '4h']","['3s', '7s']",,,1,1
643,Pre-Flop,1,-3790,3790,CALL,0,"['5s', '4d']","['Ah', '2d']","['3s', '7s']",,4h,1,1
643,Pre-Flop,0,-3790,3790,RAISE,98,"['5s', '4d']","['Ah', '2d']","['3s', '7s']",,4h,2,2
643,Pre-Flop,1,-3790,3790,CALL,0,"['5s', '4d']","['Ah', '2d']","['3s', '7s']",,4h,2,2
643,Pre-Flop,0,-3790,3790,CHECK,0,"['5s', '4d']","['Ah', '2d']","['3s', '7s']",,4h,100,100
643,Flop,1,-3790,3790,CHECK,0,"['5s', '4d']","['Ah', '2d']","['3s', '7s', '6s']",,4h,100,100
643,Flop,0,-3790,3790,CHECK,0,"['5s', '4d']","['Ah', '2d']","['3s', '7s', '6s']",,4h,100,100
643,Turn,1,-3790,3790,CHECK,0,"['5s', '4d']","['Ah', '2d']","['3s', '7s', '6s', 'Ad']",,4h,100,100
643,Turn,0,-3790,3790,CHECK,0,"['5s', '4d']","['Ah', '2d']","['3s', '7s', '6s', 'Ad']",,4h,100,100
643,River,1,-3790,3790,CHECK,0,"['5s', '4d']","['Ah', '2d']","['3s', '7s', '6s', 'Ad', '4s']",,4h,100,100
643,River,0,-3790,3790,CHECK,0,"['5s', '4d']","['Ah', '2d']","['3s', '7s', '6s', 'Ad', '4s']",,4h,100,100
644,Pre-Flop,0,-3690,3690,RAISE,98,"['9d', '8d']","['5d', '3d']","['As', '4s']",,,1,1
644,Pre-Flop,1,-3690,3690,CALL,0,"['9d', '8d']","['5d', '3d']","['As', '4s']",,,2,2
644,Flop,0,-3690,3690,CHECK,0,"['9d', '8d']","['5d', '3d']","['As', '4s', '6h']",,,100,100
644,Flop,1,-3690,3690,DISCARD,0,"['9d', '8d']","['5d', '3d']","['As', '4s', '6h']",,,100,100
644,Flop,1,-3690,3690,CHECK,0,"['9d', '8d']","['5d', 'Ah']","['As', '4s', '6h']",,3d,100,100
644,Turn,0,-3690,3690,CHECK,0,"['9d', '8d']","['5d', 'Ah']","['As', '4s', '6h', '3s']",,3d,100,100
644,Turn,1,-3690,3690,CHECK,0,"['9d', '8d']","['5d', 'Ah']","['As', '4s', '6h', '3s']",,3d,100,100
644,River,0,-3690,3690,CHECK,0,"['9d', '8d']","['5d', 'Ah']","['As', '4s', '6h', '3s', '9h']",,3d,100,100
644,River,1,-3690,3690,CHECK,0,"['9d', '8d']","['5d', 'Ah']","['As', '4s', '6h', '3s', '9h']",,3d,100,100
645,Pre-Flop,1,-3790,3790,RAISE,2,"['5d', '7s']","['4h', '2s']","['8s', '9s']",,,1,1
645,Pre-Flop,0,-3790,3790,RAISE,96,"['5d', '7s']","['4h', '2s']","['8s', '9s']",,,2,2
645,Pre-Flop,1,-3790,3790,CALL,0,"['5d', '7s']","['4h', '2s']","['8s', '9s']",,,4,4
645,Pre-Flop,0,-3790,3790,CHECK,0,"['5d', '7s']","['4h', '2s']","['8s', '9s']",,,100,100
645,Flop,1,-3790,3790,DISCARD,0,"['5d', '7s']","['4h', '2s']","['8s', '9s', 'Ad']",,,100,100
645,Flop,1,-3790,3790,CHECK,0,"['5d', '7s']","['6h', '2s']","['8s', '9s', 'Ad']",,4h,100,100
645,Flop,0,-3790,3790,CHECK,0,"['5d', '7s']","['6h', '2s']","['8s', '9s', 'Ad']",,4h,100,100
645,Turn,1,-3790,3790,CHECK,0,"['5d', '7s']","['6h', '2s']","['8s', '9s', 'Ad', '3h']",,4h,100,100
645,Turn,0,-3790,3790,CHECK,0,"['5d', '7s']","['6h', '2s']","['8s', '9s', 'Ad', '3h']",,4h,100,100
645,River,1,-3790,3790,CHECK,0,"['5d', '7s']","['6h', '2s']","['8s', '9s', 'Ad', '3h', '6s']",,4h,100,100
645,River,0,-3790,3790,CHECK,0,"['5d', '7s']","['6h', '2s']","['8s', '9s', 'Ad', '3h', '6s']",,4h,100,100
646,Pre-Flop,0,-3690,3690,RAISE,98,"['8d', '4h']","['7s', '6h']","['9h', '4s']",,,1,1
646,Pre-Flop,1,-3690,3690,CALL,0,"['8d', '4h']","['7s', '6h']","['9h', '4s']",,,2,2
646,Flop,0,-3690,3690,CHECK,0,"['8d', '4h']","['7s', '6h']","['9h', '4s', '3h']",,,100,100
646,Flop,1,-3690,3690,CHECK,0,"['8d', '4h']","['7s', '6h']","['9h', '4s', '3h']",,,100,100
646,Turn,0,-3690,3690,CHECK,0,"['8d', '4h']","['7s', '6h']","['9h', '4s', '3h', '7d']",,,100,100
646,Turn,1,-3690,3690,CHECK,0,"['8d', '4h']","['7s', '6h']","['9h', '4s', '3h', '7d']",,,100,100
646,River,0,-3690,3690,CHECK,0,"['8d', '4h']","['7s', '6h']","['9h', '4s', '3h', '7d', 'Ad']",,,100,100
646,River,1,-3690,3690,CHECK,0,"['8d', '4h']","['7s', '6h']","['9h', '4s', '3h', '7d', 'Ad']",,,100,100
647,Pre-Flop,1,-3790,3790,RAISE,2,"['9h', '2h']","['7d', '6s']","['4h', '3s']",,,1,1
647,Pre-Flop,0,-3790,3790,RAISE,96,"['9h', '2h']","['7d', '6s']","['4h', '3s']",,,2,2
647,Pre-Flop,1,-3790,3790,CALL,0,"['9h', '2h']","['7d', '6s']","['4h', '3s']",,,4,4
647,Pre-Flop,0,-3790,3790,CHECK,0,"['9h', '2h']","['7d', '6s']","['4h', '3s']",,,100,100
647,Flop,1,-3790,3790,DISCARD,0,"['9h', '2h']","['7d', '6s']","['4h', '3s', '5s']",,,100,100
647,Flop,1,-3790,3790,CHECK,0,"['9h', '2h']","['9s', '6s']","['4h', '3s', '5s']",,7d,100,100
647,Flop,0,-3790,3790,CHECK,0,"['9h', '2h']","['9s', '6s']","['4h', '3s', '5s']",,7d,100,100
647,Turn,1,-3790,3790,CHECK,0,"['9h', '2h']","['9s', '6s']","['4h', '3s', '5s', '3h']",,7d,100,100
647,Turn,0,-3790,3790,CHECK,0,"['9h', '2h']","['9s', '6s']","['4h', '3s', '5s', '3h']",,7d,100,100
647,River,1,-3790,3790,CHECK,0,"['9h', '2h']","['9s', '6s']","['4h', '3s', '5s', '3h', '6d']",,7d,100,100
647,River,0,-3790,3790,CHECK,0,"['9h', '2h']","['9s', '6s']","['4h', '3s', '5s', '3h', '6d']",,7d,100,100
648,Pre-Flop,0,-3690,3690,RAISE,98,"['7s', '6h']","['9h', '7d']","['3d', '9s']",,,1,1
648,Pre-Flop,1,-3690,3690,FOLD,0,"['7s', '6h']","['9h', '7d']","['3d', '9s']",,,2,2
649,Pre-Flop,1,-3688,3688,RAISE,3,"['3s', '6d']","['7s', '9s']","['2d', '8s']",,,1,1
649,Pre-Flop,0,-3688,3688,RAISE,95,"['3s', '6d']","['7s', '9s']","['2d', '8s']",,,2,2
649,Pre-Flop,1,-3688,3688,DISCARD,0,"['3s', '6d']","['7s', '9s']","['2d', '8s']",,,5,5
649,Pre-Flop,1,-3688,3688,CALL,0,"['3s', '6d']","['5s', '9s']","['2d', '8s']",,7s,5,5
649,Pre-Flop,0,-3688,3688,CHECK,0,"['3s', '6d']","['5s', '9s']","['2d', '8s']",,7s,100,100
649,Flop,1,-3688,3688,CHECK,0,"['3s', '6d']","['5s', '9s']","['2d', '8s', '5h']",,7s,100,100
649,Flop,0,-3688,3688,CHECK,0,"['3s', '6d']","['5s', '9s']","['2d', '8s', '5h']",,7s,100,100
649,Turn,1,-3688,3688,CHECK,0,"['3s', '6d']","['5s', '9s']","['2d', '8s', '5h', '9d']",,7s,100,100
649,Turn,0,-3688,3688,CHECK,0,"['3s', '6d']","['5s', '9s']","['2d', '8s', '5h', '9d']",,7s,100,100
649,River,1,-3688,3688,CHECK,0,"['3s', '6d']","['5s', '9s']","['2d', '8s', '5h', '9d', '4d']",,7s,100,100
649,River,0,-3688,3688,CHECK,0,"['3s', '6d']","['5s', '9s']","['2d', '8s', '5h', '9d', '4d']",,7s,100,100
650,Pre-Flop,0,-3588,3588,RAISE,98,"['4d', 'Ad']","['4s', '5s']","['8h', '9d']",,,1,1
650,Pre-Flop,1,-3588,3588,CALL,0,"['4d', 'Ad']","['4s', '5s']","['8h', '9d']",,,2,2
650,Flop,0,-3588,3588,CHECK,0,"['4d', 'Ad']","['4s', '5s']","['8h', '9d', '2d']",,,100,100
650,Flop,1,-3588,3588,DISCARD,0,"['4d', 'Ad']","['4s', '5s']","['8h', '9d', '2d']",,,100,100
650,Flop,1,-3588,3588,CHECK,0,"['4d', 'Ad']","['4s', '7h']","['8h', '9d', '2d']",,5s,100,100
650,Turn,0,-3588,3588,CHECK,0,"['4d', 'Ad']","['4s', '7h']","['8h', '9d', '2d', '9h']",,5s,100,100
650,Turn,1,-3588,3588,CHECK,0,"['4d', 'Ad']","['4s', '7h']","['8h', '9d', '2d', '9h']",,5s,100,100
650,River,0,-3588,3588,CHECK,0,"['4d', 'Ad']","['4s', '7h']","['8h', '9d', '2d', '9h', '2s']",,5s,100,100
650,River,1,-3588,3588,CHECK,0,"['4d', 'Ad']","['4s', '7h']","['8h', '9d', '2d', '9h', '2s']",,5s,100,100
651,Pre-Flop,1,-3488,3488,RAISE,2,"['5d', 'As']","['4h', '5h']","['6h', '3s']",,,1,1
651,Pre-Flop,0,-3488,3488,RAISE,96,"['5d', 'As']","['4h', '5h']","['6h', '3s']",,,2,2
651,Pre-Flop,1,-3488,3488,CALL,0,"['5d', 'As']","['4h', '5h']","['6h', '3s']",,,4,4
651,Pre-Flop,0,-3488,3488,CHECK,0,"['5d', 'As']","['4h', '5h']","['6h', '3s']",,,100,100
651,Flop,1,-3488,3488,DISCARD,0,"['5d', 'As']","['4h', '5h']","['6h', '3s', '9s']",,,100,100
651,Flop,1,-3488,3488,CHECK,0,"['5d', 'As']","['9d', '5h']","['6h', '3s', '9s']",,4h,100,100
651,Flop,0,-3488,3488,CHECK,0,"['5d', 'As']","['9d', '5h']","['6h', '3s', '9s']",,4h,100,100
651,Turn,1,-3488,3488,CHECK,0,"['5d', 'As']","['9d', '5h']","['6h', '3s', '9s', '4d']",,4h,100,100
651,Turn,0,-3488,3488,CHECK,0,"['5d', 'As']","['9d', '5h']","['6h', '3s', '9s', '4d']",,4h,100,100
651,River,1,-3488,3488,CHECK,0,"['5d', 'As']","['9d', '5h']","['6h', '3s', '9s', '4d', '8h']",,4h,100,100
651,River,0,-3488,3488,CHECK,0,"['5d', 'As']","['9d', '5h']","['6h', '3s', '9s', '4d', '8h']",,4h,100,100
652,Pre-Flop,0,-3588,3588,RAISE,98,"['9h', '6h']","['8s', '2d']","['9s', '7d']",,,1,1
652,Pre-Flop,1,-3588,3588,CALL,0,"['9h', '6h']","['8s', '2d']","['9s', '7d']",,,2,2
652,Flop,0,-3588,3588,CHECK,0,"['9h', '6h']","['8s', '2d']","['9s', '7d', '7s']",,,100,100
652,Flop,1,-3588,3588,DISCARD,0,"['9h', '6h']","['8s', '2d']","['9s', '7d', '7s']",,,100,100
652,Flop,1,-3588,3588,CHECK,0,"['9h', '6h']","['8s', '3s']","['9s', '7d', '7s']",,2d,100,100
652,Turn,0,-3588,3588,CHECK,0,"['9h', '6h']","['8s', '3s']","['9s', '7d', '7s', '3h']",,2d,100,100
652,Turn,1,-3588,3588,CHECK,0,"['9h', '6h']","['8s', '3s']","['9s', '7d', '7s', '3h']",,2d,100,100
652,River,0,-3588,3588,CHECK,0,"['9h', '6h']","['8s', '3s']","['9s', '7d', '7s', '3h', '2s']",,2d,100,100
652,River,1,-3588,3588,CHECK,0,"['9h', '6h']","['8s', '3s']","['9s', '7d', '7s', '3h', '2s']",,2d,100,100
653,Pre-Flop,1,-3688,3688,RAISE,3,"['8d', '6d']","['2h', '9s']","['Ah', '7s']",,,1,1
653,Pre-Flop,0,-3688,3688,RAISE,95,"['8d', '6d']","['2h', '9s']","['Ah', '7s']",,,2,2
653,Pre-Flop,1,-3688,3688,CALL,0,"['8d', '6d']","['2h', '9s']","['Ah', '7s']",,,5,5
653,Pre-Flop,0,-3688,3688,CHECK,0,"['8d', '6d']","['2h', '9s']","['Ah', '7s']",,,100,100
653,Flop,1,-3688,3688,DISCARD,0,"['8d', '6d']","['2h', '9s']","['Ah', '7s', '2d']",,,100,100
653,Flop,1,-3688,3688,CHECK,0,"['8d', '6d']","['8h', '9s']","['Ah', '7s', '2d']",,2h,100,100
653,Flop,0,-3688,3688,CHECK,0,"['8d', '6d']","['8h', '9s']","['Ah', '7s', '2d']",,2h,100,100
653,Turn,1,-3688,3688,CHECK,0,"['8d', '6d']","['8h', '9s']","['Ah', '7s', '2d', '4s']",,2h,100,100
653,Turn,0,-3688,3688,CHECK,0,"['8d', '6d']","['8h', '9s']","['Ah', '7s', '2d', '4s']",,2h,100,100
653,River,1,-3688,3688,CHECK,0,"['8d', '6d']","['8h', '9s']","['Ah', '7s', '2d', '4s', '5h']",,2h,100,100
653,River,0,-3688,3688,CHECK,0,"['8d', '6d']","['8h', '9s']","['Ah', '7s', '2d', '4s', '5h']",,2h,100,100
654,Pre-Flop,0,-3588,3588,RAISE,98,"['5d', '7d']","['Ah', '8s']","['7h', '6s']",,,1,1
654,Pre-Flop,1,-3588,3588,CALL,0,"['5d', '7d']","['Ah', '8s']","['7h', '6s']",,,2,2
654,Flop,0,-3588,3588,CHECK,0,"['5d', '7d']","['Ah', '8s']","['7h', '6s', '6d']",,,100,100
654,Flop,1,-3588,3588,DISCARD,0,"['5d', '7d']","['Ah', '8s']","['7h', '6s', '6d']",,,100,100
654,Flop,1,-3588,3588,CHECK,0,"['5d', '7d']","['2d', '8s']","['7h', '6s', '6d']",,Ah,100,100
654,Turn,0,-3588,3588,CHECK,0,"['5d', '7d']","['2d', '8s']","['7h', '6s', '6d', '5h']",,Ah,100,100
654,Turn,1,-3588,3588,CHECK,0,"['5d', '7d']","['2d', '8s']","['7h', '6s', '6d', '5h']",,Ah,100,100
654,River,0,-3588,3588,CHECK,0,"['5d', '7d']","['2d', '8s']","['7h', '6s', '6d', '5h', '2s']",,Ah,100,100
654,River,1,-3588,3588,CHECK,0,"['5d', '7d']","['2d', '8s']","['7h', '6s', '6d', '5h', '2s']",,Ah,100,100
655,Pre-Flop,1,-3488,3488,RAISE,2,"['3s', '7d']","['2h', '8d']","['4d', '6s']",,,1,1
655,Pre-Flop,0,-3488,3488,RAISE,96,"['3s', '7d']","['2h', '8d']","['4d', '6s']",,,2,2
655,Pre-Flop,1,-3488,3488,CALL,0,"['3s', '7d']","['2h', '8d']","['4d', '6s']",,,4,4
655,Pre-Flop,0,-3488,3488,CHECK,0,"['3s', '7d']","['2h', '8d']","['4d', '6s']",,,100,100
655,Flop,1,-3488,3488,DISCARD,0,"['3s', '7d']","['2h', '8d']","['4d', '6s', '9d']",,,100,100
655,Flop,1,-3488,3488,CHECK,0,"['3s', '7d']","['8s', '8d']","['4d', '6s', '9d']",,2h,100,100
655,Flop,0,-3488,3488,CHECK,0,"['3s', '7d']","['8s', '8d']","['4d', '6s', '9d']",,2h,100,100
655,Turn,1,-3488,3488,CHECK,0,"['3s', '7d']","['8s', '8d']","['4d', '6s', '9d', '6h']",,2h,100,100
655,Turn,0,-3488,3488,CHECK,0,"['3s', '7d']","['8s', '8d']","['4d', '6s', '9d', '6h']",,2h,100,100
655,River,1,-3488,3488,CHECK,0,"['3s', '7d']","['8s', '8d']","['4d', '6s', '9d', '6h', '4s']",,2h,100,100
655,River,0,-3488,3488,CHECK,0,"['3s', '7d']","['8s', '8d']","['4d', '6s', '9d', '6h', '4s']",,2h,100,100
656,Pre-Flop,0,-3588,3588,RAISE,98,"['9d', '4d']","['2h', '7s']","['8d', '5s']",,,1,1
656,Pre-Flop,1,-3588,3588,CALL,0,"['9d', '4d']","['2h', '7s']","['8d', '5s']",,,2,2
656,Flop,0,-3588,3588,CHECK,0,"['9d', '4d']","['2h', '7s']","['8d', '5s', '7h']",,,100,100
656,Flop,1,-3588,3588,DISCARD,0,"['9d', '4d']","['2h', '7s']","['8d', '5s', '7h']",,,100,100
656,Flop,1,-3588,3588,CHECK,0,"['9d', '4d']","['6h', '7s']","['8d', '5s', '7h']",,2h,100,100
656,Turn,0,-3588,3588,CHECK,0,"['9d', '4d']","['6h', '7s']","['8d', '5s', '7h', '3s']",,2h,100,100
656,Turn,1,-3588,3588,CHECK,0,"['9d', '4d']","['6h', '7s']","['8d', '5s', '7h', '3s']",,2h,100,100
656,River,0,-3588,3588,CHECK,0,"['9d', '4d']","['6h', '7s']","['8d', '5s', '7h', '3s', 'Ad']",,2h,100,100
656,River,1,-3588,3588,CHECK,0,"['9d', '4d']","['6h', '7s']","['8d', '5s', '7h', '3s', 'Ad']",,2h,100,100
657,Pre-Flop,1,-3688,3688,RAISE,3,"['8s', 'Ah']","['9s', '4h']","['7s', '2h']",,,1,1
657,Pre-Flop,0,-3688,3688,RAISE,95,"['8s', 'Ah']","['9s', '4h']","['7s', '2h']",,,2,2
657,Pre-Flop,1,-3688,3688,CALL,0,"['8s', 'Ah']","['9s', '4h']","['7s', '2h']",,,5,5
657,Pre-Flop,0,-3688,3688,CHECK,0,"['8s', 'Ah']","['9s', '4h']","['7s', '2h']",,,100,100
657,Flop,1,-3688,3688,DISCARD,0,"['8s', 'Ah']","['9s', '4h']","['7s', '2h', '7h']",,,100,100
657,Flop,1,-3688,3688,CHECK,0,"['8s', 'Ah']","['5h', '4h']","['7s', '2h', '7h']",,9s,100,100
657,Flop,0,-3688,3688,CHECK,0,"['8s', 'Ah']","['5h', '4h']","['7s', '2h', '7h']",,9s,100,100
657,Turn,1,-3688,3688,CHECK,0,"['8s', 'Ah']","['5h', '4h']","['7s', '2h', '7h', '6h']",,9s,100,100
657,Turn,0,-3688,3688,CHECK,0,"['8s', 'Ah']","['5h', '4h']","['7s', '2h', '7h', '6h']",,9s,100,100
657,River,1,-3688,3688,CHECK,0,"['8s', 'Ah']","['5h', '4h']","['7s', '2h', '7h', '6h', '9h']",,9s,100,100
657,River,0,-3688,3688,CHECK,0,"['8s', 'Ah']","['5h', '4h']","['7s', '2h', '7h', '6h', '9h']",,9s,100,100
658,Pre-Flop,0,-3588,3588,RAISE,98,"['9s', '3s']","['8s', '2s']","['6h', '8d']",,,1,1
658,Pre-Flop,1,-3588,3588,CALL,0,"['9s', '3s']","['8s', '2s']","['6h', '8d']",,,2,2
658,Flop,0,-3588,3588,CHECK,0,"['9s', '3s']","['8s', '2s']","['6h', '8d', '2h']",,,100,100
658,Flop,1,-3588,3588,DISCARD,0,"['9s', '3s']","['8s', '2s']","['6h', '8d', '2h']",,,100,100
658,Flop,1,-3588,3588,CHECK,0,"['9s', '3s']","['7h', '2s']","['6h', '8d', '2h']",,8s,100,100
658,Turn,0,-3588,3588,CHECK,0,"['9s', '3s']","['7h', '2s']","['6h', '8d', '2h', '4s']",,8s,100,100
658,Turn,1,-3588,3588,CHECK,0,"['9s', '3s']","['7h', '2s']","['6h', '8d', '2h', '4s']",,8s,100,100
658,River,0,-3588,3588,CHECK,0,"['9s', '3s']","['7h', '2s']","['6h', '8d', '2h', '4s', '4h']",,8s,100,100
658,River,1,-3588,3588,CHECK,0,"['9s', '3s']","['7h', '2s']","['6h', '8d', '2h', '4s', '4h']",,8s,100,100
659,Pre-Flop,1,-3688,3688,RAISE,3,"['As', 'Ah']","['2s', '3s']","['4s', '8h']",,,1,1
659,Pre-Flop,0,-3688,3688,RAISE,95,"['As', 'Ah']","['2s', '3s']","['4s', '8h']",,,2,2
659,Pre-Flop,1,-3688,3688,CALL,0,"['As', 'Ah']","['2s', '3s']","['4s', '8h']",,,5,5
659,Pre-Flop,0,-3688,3688,CHECK,0,"['As', 'Ah']","['2s', '3s']","['4s', '8h']",,,100,100
659,Flop,1,-3688,3688,CHECK,0,"['As', 'Ah']","['2s', '3s']","['4s', '8h', '4h']",,,100,100
659,Flop,0,-3688,3688,CHECK,0,"['As', 'Ah']","['2s', '3s']","['4s', '8h', '4h']",,,100,100
659,Turn,1,-3688,3688,CHECK,0,"['As', 'Ah']","['2s', '3s']","['4s', '8h', '4h', '8s']",,,100,100
659,Turn,0,-3688,3688,CHECK,0,"['As', 'Ah']","['2s', '3s']","['4s', '8h', '4h', '8s']",,,100,100
659,River,1,-3688,3688,CHECK,0,"['As', 'Ah']","['2s', '3s']","['4s', '8h', '4h', '8s', '6s']",,,100,100
659,River,0,-3688,3688,CHECK,0,"['As', 'Ah']","['2s', '3s']","['4s', '8h', '4h', '8s', '6s']",,,100,100
660,Pre-Flop,0,-3788,3788,RAISE,98,"['6s', '8s']","['4h', '3d']","['5h', '7h']",,,1,1
660,Pre-Flop,1,-3788,3788,CALL,0,"['6s', '8s']","['4h', '3d']","['5h', '7h']",,,2,2
660,Flop,0,-3788,3788,CHECK,0,"['6s', '8s']","['4h', '3d']","['5h', '7h', '8d']",,,100,100
660,Flop,1,-3788,3788,DISCARD,0,"['6s', '8s']","['4h', '3d']","['5h', '7h', '8d']",,,100,100
660,Flop,1,-3788,3788,CHECK,0,"['6s', '8s']","['5d', '3d']","['5h', '7h', '8d']",,4h,100,100
660,Turn,0,-3788,3788,CHECK,0,"['6s', '8s']","['5d', '3d']","['5h', '7h', '8d', '2h']",,4h,100,100
660,Turn,1,-3788,3788,CHECK,0,"['6s', '8s']","['5d', '3d']","['5h', '7h', '8d', '2h']",,4h,100,100
660,River,0,-3788,3788,CHECK,0,"['6s', '8s']","['5d', '3d']","['5h', '7h', '8d', '2h', '6h']",,4h,100,100
660,River,1,-3788,3788,CHECK,0,"['6s', '8s']","['5d', '3d']","['5h', '7h', '8d', '2h', '6h']",,4h,100,100
661,Pre-Flop,1,-3688,3688,RAISE,2,"['As', 'Ad']","['Ah', '4h']","['6h', '8d']",,,1,1
661,Pre-Flop,0,-3688,3688,RAISE,96,"['As', 'Ad']","['Ah', '4h']","['6h', '8d']",,,2,2
661,Pre-Flop,1,-3688,3688,CALL,0,"['As', 'Ad']","['Ah', '4h']","['6h', '8d']",,,4,4
661,Pre-Flop,0,-3688,3688,CHECK,0,"['As', 'Ad']","['Ah', '4h']","['6h', '8d']",,,100,100
661,Flop,1,-3688,3688,DISCARD,0,"['As', 'Ad']","['Ah', '4h']","['6h', '8d', '5h']",,,100,100
661,Flop,1,-3688,3688,CHECK,0,"['As', 'Ad']","['Ah', '9h']","['6h', '8d', '5h']",,4h,100,100
661,Flop,0,-3688,3688,CHECK,0,"['As', 'Ad']","['Ah', '9h']","['6h', '8d', '5h']",,4h,100,100
661,Turn,1,-3688,3688,CHECK,0,"['As', 'Ad']","['Ah', '9h']","['6h', '8d', '5h', '6d']",,4h,100,100
661,Turn,0,-3688,3688,CHECK,0,"['As', 'Ad']","['Ah', '9h']","['6h', '8d', '5h', '6d']",,4h,100,100
661,River,1,-3688,3688,CHECK,0,"['As', 'Ad']","['Ah', '9h']","['6h', '8d', '5h', '6d', '3s']",,4h,100,100
661,River,0,-3688,3688,CHECK,0,"['As', 'Ad']","['Ah', '9h']","['6h', '8d', '5h', '6d', '3s']",,4h,100,100
662,Pre-Flop,0,-3588,3588,RAISE,98,"['3s', '8h']","['8s', 'Ad']","['4h', '9h']",,,1,1
662,Pre-Flop,1,-3588,3588,CALL,0,"['3s', '8h']","['8s', 'Ad']","['4h', '9h']",,,2,2
662,Flop,0,-3588,3588,CHECK,0,"['3s', '8h']","['8s', 'Ad']","['4h', '9h', '6d']",,,100,100
662,Flop,1,-3588,3588,DISCARD,0,"['3s', '8h']","['8s', 'Ad']","['4h', '9h', '6d']",,,100,100
662,Flop,1,-3588,3588,CHECK,0,"['3s', '8h']","['8s', '7d']","['4h', '9h', '6d']",,Ad,100,100
662,Turn,0,-3588,3588,CHECK,0,"['3s', '8h']","['8s', '7d']","['4h', '9h', '6d', '4s']",,Ad,100,100
662,Turn,1,-3588,3588,CHECK,0,"['3s', '8h']","['8s', '7d']","['4h', '9h', '6d', '4s']",,Ad,100,100
662,River,0,-3588,3588,CHECK,0,"['3s', '8h']","['8s', '7d']","['4h', '9h', '6d', '4s', 'As']",,Ad,100,100
662,River,1,-3588,3588,CHECK,0,"['3s', '8h']","['8s', '7d']","['4h', '9h', '6d', '4s', 'As']",,Ad,100,100
663,Pre-Flop,1,-3688,3688,CALL,0,"['5s', '2h']","['5d', '3h']","['5h', '9s']",,,1,1
663,Pre-Flop,0,-3688,3688,RAISE,98,"['5s', '2h']","['5d', '3h']","['5h', '9s']",,,2,2
663,Pre-Flop,1,-3688,3688,FOLD,0,"['5s', '2h']","['5d', '3h']","['5h', '9s']",,,2,2
664,Pre-Flop,0,-3686,3686,RAISE,98,"['5d', '2h']","['9h', '7s']","['Ah', '6h']",,,1,1
664,Pre-Flop,1,-3686,3686,DISCARD,0,"['5d', '2h']","['9h', '7s']","['Ah', '6h']",,,2,2
664,Pre-Flop,1,-3686,3686,CALL,0,"['5d', '2h']","['7h', '7s']","['Ah', '6h']",,9h,2,2
664,Flop,0,-3686,3686,CHECK,0,"['5d', '2h']","['7h', '7s']","['Ah', '6h', '5h']",,9h,100,100
664,Flop,1,-3686,3686,CHECK,0,"['5d', '2h']","['7h', '7s']","['Ah', '6h', '5h']",,9h,100,100
664,Turn,0,-3686,3686,CHECK,0,"['5d', '2h']","['7h', '7s']","['Ah', '6h', '5h', 'Ad']",,9h,100,100
664,Turn,1,-3686,3686,CHECK,0,"['5d', '2h']","['7h', '7s']","['Ah', '6h', '5h', 'Ad']",,9h,100,100
664,River,0,-3686,3686,CHECK,0,"['5d', '2h']","['7h', '7s']","['Ah', '6h', '5h', 'Ad', '3h']",,9h,100,100
664,River,1,-3686,3686,CHECK,0,"['5d', '2h']","['7h', '7s']","['Ah', '6h', '5h', 'Ad', '3h']",,9h,100,100
665,Pre-Flop,1,-3786,3786,DISCARD,0,"['5h', '8s']","['4s', '5s']","['4d', '9s']",,,1,1
665,Pre-Flop,1,-3786,3786,RAISE,2,"['5h', '8s']","['9h', '5s']","['4d', '9s']",,4s,1,1
665,Pre-Flop,0,-3786,3786,RAISE,96,"['5h', '8s']","['9h', '5s']","['4d', '9s']",,4s,2,2
665,Pre-Flop,1,-3786,3786,CALL,0,"['5h', '8s']","['9h', '5s']","['4d', '9s']",,4s,4,4
665,Pre-Flop,0,-3786,3786,CHECK,0,"['5h', '8s']","['9h', '5s']","['4d', '9s']",,4s,100,100
665,Flop,1,-3786,3786,CHECK,0,"['5h', '8s']","['9h', '5s']","['4d', '9s', '8d']",,4s,100,100
665,Flop,0,-3786,3786,CHECK,0,"['5h', '8s']","['9h', '5s']","['4d', '9s', '8d']",,4s,100,100
665,Turn,1,-3786,3786,CHECK,0,"['5h', '8s']","['9h', '5s']","['4d', '9s', '8d', '3s']",,4s,100,100
665,Turn,0,-3786,3786,CHECK,0,"['5h', '8s']","['9h', '5s']","['4d', '9s', '8d', '3s']",,4s,100,100
665,River,1,-3786,3786,CHECK,0,"['5h', '8s']","['9h', '5s']","['4d', '9s', '8d', '3s', '7h']",,4s,100,100
665,River,0,-3786,3786,CHECK,0,"['5h', '8s']","['9h', '5s']","['4d', '9s', '8d', '3s', '7h']",,4s,100,100
666,Pre-Flop,0,-3886,3886,RAISE,98,"['8d', '7d']","['As', 'Ad']","['5d', 'Ah']",,,1,1
666,Pre-Flop,1,-3886,3886,CALL,0,"['8d', '7d']","['As', 'Ad']","['5d', 'Ah']",,,2,2
666,Flop,0,-3886,3886,CHECK,0,"['8d', '7d']","['As', 'Ad']","['5d', 'Ah', '3h']",,,100,100
666,Flop,1,-3886,3886,DISCARD,0,"['8d', '7d']","['As', 'Ad']","['5d', 'Ah', '3h']",,,100,100
666,Flop,1,-3886,3886,CHECK,0,"['8d', '7d']","['As', '3s']","['5d', 'Ah', '3h']",,Ad,100,100
666,Turn,0,-3886,3886,CHECK,0,"['8d', '7d']","['As', '3s']","['5d', 'Ah', '3h', '6d']",,Ad,100,100
666,Turn,1,-3886,3886,CHECK,0,"['8d', '7d']","['As', '3s']","['5d', 'Ah', '3h', '6d']",,Ad,100,100
666,River,0,-3886,3886,CHECK,0,"['8d', '7d']","['As', '3s']","['5d', 'Ah', '3h', '6d', '2d']",,Ad,100,100
666,River,1,-3886,3886,CHECK,0,"['8d', '7d']","['As', '3s']","['5d', 'Ah', '3h', '6d', '2d']",,Ad,100,100
667,Pre-Flop,1,-3786,3786,CALL,0,"['7h', '9d']","['5d', '9h']","['3s', '9s']",,,1,1
667,Pre-Flop,0,-3786,3786,RAISE,98,"['7h', '9d']","['5d', '9h']","['3s', '9s']",,,2,2
667,Pre-Flop,1,-3786,3786,CALL,0,"['7h', '9d']","['5d', '9h']","['3s', '9s']",,,2,2
667,Pre-Flop,0,-3786,3786,CHECK,0,"['7h', '9d']","['5d', '9h']","['3s', '9s']",,,100,100
667,Flop,1,-3786,3786,DISCARD,0,"['7h', '9d']","['5d', '9h']","['3s', '9s', '5s']",,,100,100
667,Flop,1,-3786,3786,CHECK,0,"['7h', '9d']","['2d', '9h']","['3s', '9s', '5s']",,5d,100,100
667,Flop,0,-3786,3786,CHECK,0,"['7h', '9d']","['2d', '9h']","['3s', '9s', '5s']",,5d,100,100
667,Turn,1,-3786,3786,CHECK,0,"['7h', '9d']","['2d', '9h']","['3s', '9s', '5s', '4s']",,5d,100,100
667,Turn,0,-3786,3786,CHECK,0,"['7h', '9d']","['2d', '9h']","['3s', '9s', '5s', '4s']",,5d,100,100
667,River,1,-3786,3786,CHECK,0,"['7h', '9d']","['2d', '9h']","['3s', '9s', '5s', '4s', '6d']",,5d,100,100
667,River,0,-3786,3786,CHECK,0,"['7h', '9d']","['2d', '9h']","['3s', '9s', '5s', '4s', '6d']",,5d,100,100
668,Pre-Flop,0,-3686,3686,RAISE,98,"['9d', '4s']","['8d', '5s']","['8h', '6d']",,,1,1
668,Pre-Flop,1,-3686,3686,CALL,0,"['9d', '4s']","['8d', '5s']","['8h', '6d']",,,2,2
668,Flop,0,-3686,3686,CHECK,0,"['9d', '4s']","['8d', '5s']","['8h', '6d', '2d']",,,100,100
668,Flop,1,-3686,3686,DISCARD,0,"['9d', '4s']","['8d', '5s']","['8h', '6d', '2d']",,,100,100
668,Flop,1,-3686,3686,CHECK,0,"['9d', '4s']","['8d', '3d']","['8h', '6d', '2d']",,5s,100,100
668,Turn,0,-3686,3686,CHECK,0,"['9d', '4s']","['8d', '3d']","['8h', '6d', '2d', '6s']",,5s,100,100
668,Turn,1,-3686,3686,CHECK,0,"['9d', '4s']","['8d', '3d']","['8h', '6d', '2d', '6s']",,5s,100,100
668,River,0,-3686,3686,CHECK,0,"['9d', '4s']","['8d', '3d']","['8h', '6d', '2d', '6s', '9h']",,5s,100,100
668,River,1,-3686,3686,CHECK,0,"['9d', '4s']","['8d', '3d']","['8h', '6d', '2d', '6s', '9h']",,5s,100,100
669,Pre-Flop,1,-3586,3586,CALL,0,"['5s', '9s']","['4d', '8h']","['9d', '2s']",,,1,1
669,Pre-Flop,0,-3586,3586,RAISE,98,"['5s', '9s']","['4d', '8h']","['9d', '2s']",,,2,2
669,Pre-Flop,1,-3586,3586,CALL,0,"['5s', '9s']","['4d', '8h']","['9d', '2s']",,,2,2
669,Pre-Flop,0,-3586,3586,CHECK,0,"['5s', '9s']","['4d', '8h']","['9d', '2s']",,,100,100
669,Flop,1,-3586,3586,DISCARD,0,"['5s', '9s']","['4d', '8h']","['9d', '2s', '2h']",,,100,100
669,Flop,1,-3586,3586,CHECK,0,"['5s', '9s']","['6s', '8h']","['9d', '2s', '2h']",,4d,100,100
669,Flop,0,-3586,3586,CHECK,0,"['5s', '9s']","['6s', '8h']","['9d', '2s', '2h']",,4d,100,100
669,Turn,1,-3586,3586,CHECK,0,"['5s', '9s']","['6s', '8h']","['9d', '2s', '2h', '8s']",,4d,100,100
669,Turn,0,-3586,3586,CHECK,0,"['5s', '9s']","['6s', '8h']","['9d', '2s', '2h', '8s']",,4d,100,100
669,River,1,-3586,3586,CHECK,0,"['5s', '9s']","['6s', '8h']","['9d', '2s', '2h', '8s', 'Ah']",,4d,100,100
669,River,0,-3586,3586,CHECK,0,"['5s', '9s']","['6s', '8h']","['9d', '2s', '2h', '8s', 'Ah']",,4d,100,100
670,Pre-Flop,0,-3486,3486,RAISE,98,"['3h', '5h']","['2s', '8h']","['6h', 'Ah']",,,1,1
670,Pre-Flop,1,-3486,3486,CALL,0,"['3h', '5h']","['2s', '8h']","['6h', 'Ah']",,,2,2
670,Flop,0,-3486,3486,CHECK,0,"['3h', '5h']","['2s', '8h']","['6h', 'Ah', '2h']",,,100,100
670,Flop,1,-3486,3486,DISCARD,0,"['3h', '5h']","['2s', '8h']","['6h', 'Ah', '2h']",,,100,100
670,Flop,1,-3486,3486,CHECK,0,"['3h', '5h']","['2s', '6d']","['6h', 'Ah', '2h']",,8h,100,100
670,Turn,0,-3486,3486,CHECK,0,"['3h', '5h']","['2s', '6d']","['6h', 'Ah', '2h', '3d']",,8h,100,100
670,Turn,1,-3486,3486,CHECK,0,"['3h', '5h']","['2s', '6d']","['6h', 'Ah', '2h', '3d']",,8h,100,100
670,River,0,-3486,3486,CHECK,0,"['3h', '5h']","['2s', '6d']","['6h', 'Ah', '2h', '3d', '7d']",,8h,100,100
670,River,1,-3486,3486,CHECK,0,"['3h', '5h']","['2s', '6d']","['6h', 'Ah', '2h', '3d', '7d']",,8h,100,100
671,Pre-Flop,1,-3386,3386,RAISE,4,"['8s', '6h']","['As', '4d']","['9h', '5s']",,,1,1
671,Pre-Flop,0,-3386,3386,RAISE,94,"['8s', '6h']","['As', '4d']","['9h', '5s']",,,2,2
671,Pre-Flop,1,-3386,3386,CALL,0,"['8s', '6h']","['As', '4d']","['9h', '5s']",,,6,6
671,Pre-Flop,0,-3386,3386,CHECK,0,"['8s', '6h']","['As', '4d']","['9h', '5s']",,,100,100
671,Flop,1,-3386,3386,DISCARD,0,"['8s', '6h']","['As', '4d']","['9h', '5s', '3s']",,,100,100
671,Flop,1,-3386,3386,CHECK,0,"['8s', '6h']","['As', '6d']","['9h', '5s', '3s']",,4d,100,100
671,Flop,0,-3386,3386,CHECK,0,"['8s', '6h']","['As', '6d']","['9h', '5s', '3s']",,4d,100,100
671,Turn,1,-3386,3386,CHECK,0,"['8s', '6h']","['As', '6d']","['9h', '5s', '3s', '2h']",,4d,100,100
671,Turn,0,-3386,3386,CHECK,0,"['8s', '6h']","['As', '6d']","['9h', '5s', '3s', '2h']",,4d,100,100
671,River,1,-3386,3386,CHECK,0,"['8s', '6h']","['As', '6d']","['9h', '5s', '3s', '2h', '8h']",,4d,100,100
671,River,0,-3386,3386,CHECK,0,"['8s', '6h']","['As', '6d']","['9h', '5s', '3s', '2h', '8h']",,4d,100,100
672,Pre-Flop,0,-3286,3286,RAISE,98,"['Ad', '7d']","['4h', '5d']","['3s', '4s']",,,1,1
672,Pre-Flop,1,-3286,3286,CALL,0,"['Ad', '7d']","['4h', '5d']","['3s', '4s']",,,2,2
672,Flop,0,-3286,3286,CHECK,0,"['Ad', '7d']","['4h', '5d']","['3s', '4s', '5s']",,,100,100
672,Flop,1,-3286,3286,DISCARD,0,"['Ad', '7d']","['4h', '5d']","['3s', '4s', '5s']",,,100,100
672,Flop,1,-3286,3286,CHECK,0,"['Ad', '7d']","['8s', '5d']","['3s', '4s', '5s']",,4h,100,100
672,Turn,0,-3286,3286,CHECK,0,"['Ad', '7d']","['8s', '5d']","['3s', '4s', '5s', '6s']",,4h,100,100
672,Turn,1,-3286,3286,CHECK,0,"['Ad', '7d']","['8s', '5d']","['3s', '4s', '5s', '6s']",,4h,100,100
672,River,0,-3286,3286,CHECK,0,"['Ad', '7d']","['8s', '5d']","['3s', '4s', '5s', '6s', '6h']",,4h,100,100
672,River,1,-3286,3286,CHECK,0,"['Ad', '7d']","['8s', '5d']","['3s', '4s', '5s', '6s', '6h']",,4h,100,100
673,Pre-Flop,1,-3386,3386,RAISE,2,"['3s', '7h']","['2h', 'Ah']","['3d', '4d']",,,1,1
673,Pre-Flop,0,-3386,3386,RAISE,96,"['3s', '7h']","['2h', 'Ah']","['3d', '4d']",,,2,2
673,Pre-Flop,1,-3386,3386,DISCARD,0,"['3s', '7h']","['2h', 'Ah']","['3d', '4d']",,,4,4
673,Pre-Flop,1,-3386,3386,CALL,0,"['3s', '7h']","['8d', 'Ah']","['3d', '4d']",,2h,4,4
673,Pre-Flop,0,-3386,3386,CHECK,0,"['3s', '7h']","['8d', 'Ah']","['3d', '4d']",,2h,100,100
673,Flop,1,-3386,3386,CHECK,0,"['3s', '7h']","['8d', 'Ah']","['3d', '4d', 'Ad']",,2h,100,100
673,Flop,0,-3386,3386,CHECK,0,"['3s', '7h']","['8d', 'Ah']","['3d', '4d', 'Ad']",,2h,100,100
673,Turn,1,-3386,3386,CHECK,0,"['3s', '7h']","['8d', 'Ah']","['3d', '4d', 'Ad', '9d']",,2h,100,100
673,Turn,0,-3386,3386,CHECK,0,"['3s', '7h']","['8d', 'Ah']","['3d', '4d', 'Ad', '9d']",,2h,100,100
673,River,1,-3386,3386,CHECK,0,"['3s', '7h']","['8d', 'Ah']","['3d', '4d', 'Ad', '9d', 'As']",,2h,100,100
673,River,0,-3386,3386,CHECK,0,"['3s', '7h']","['8d', 'Ah']","['3d', '4d', 'Ad', '9d', 'As']",,2h,100,100
674,Pre-Flop,0,-3486,3486,RAISE,98,"['8d', '6d']","['Ad', '7h']","['2h', '8h']",,,1,1
674,Pre-Flop,1,-3486,3486,CALL,0,"['8d', '6d']","['Ad', '7h']","['2h', '8h']",,,2,2
674,Flop,0,-3486,3486,CHECK,0,"['8d', '6d']","['Ad', '7h']","['2h', '8h', '8s']",,,100,100
674,Flop,1,-3486,3486,DISCARD,0,"['8d', '6d']","['Ad', '7h']","['2h', '8h', '8s']",,,100,100
674,Flop,1,-3486,3486,CHECK,0,"['8d', '6d']","['Ad', '3h']","['2h', '8h', '8s']",,7h,100,100
674,Turn,0,-3486,3486,CHECK,0,"['8d', '6d']","['Ad', '3h']","['2h', '8h', '8s', 'As']",,7h,100,100
674,Turn,1,-3486,3486,CHECK,0,"['8d', '6d']","['Ad', '3h']","['2h', '8h', '8s', 'As']",,7h,100,100
674,River,0,-3486,3486,CHECK,0,"['8d', '6d']","['Ad', '3h']","['2h', '8h', '8s', 'As', '4h']",,7h,100,100
674,River,1,-3486,3486,CHECK,0,"['8d', '6d']","['Ad', '3h']","['2h', '8h', '8s', 'As', '4h']",,7h,100,100
675,Pre-Flop,1,-3386,3386,RAISE,3,"['6d', 'Ad']","['9s', '4s']","['3h', '2d']",,,1,1
675,Pre-Flop,0,-3386,3386,RAISE,95,"['6d', 'Ad']","['9s', '4s']","['3h', '2d']",,,2,2
675,Pre-Flop,1,-3386,3386,CALL,0,"['6d', 'Ad']","['9s', '4s']","['3h', '2d']",,,5,5
675,Pre-Flop,0,-3386,3386,CHECK,0,"['6d', 'Ad']","['9s', '4s']","['3h', '2d']",,,100,100
675,Flop,1,-3386,3386,DISCARD,0,"['6d', 'Ad']","['9s', '4s']","['3h', '2d', '5s']",,,100,100
675,Flop,1,-3386,3386,CHECK,0,"['6d', 'Ad']","['2s', '4s']","['3h', '2d', '5s']",,9s,100,100
675,Flop,0,-3386,3386,CHECK,0,"['6d', 'Ad']","['2s', '4s']","['3h', '2d', '5s']",,9s,100,100
675,Turn,1,-3386,3386,CHECK,0,"['6d', 'Ad']","['2s', '4s']","['3h', '2d', '5s', '2h']",,9s,100,100
675,Turn,0,-3386,3386,CHECK,0,"['6d', 'Ad']","['2s', '4s']","['3h', '2d', '5s', '2h']",,9s,100,100
675,River,1,-3386,3386,CHECK,0,"['6d', 'Ad']","['2s', '4s']","['3h', '2d', '5s', '2h', '3d']",,9s,100,100
675,River,0,-3386,3386,CHECK,0,"['6d', 'Ad']","['2s', '4s']","['3h', '2d', '5s', '2h', '3d']",,9s,100,100
676,Pre-Flop,0,-3486,3486,RAISE,98,"['4d', '6h']","['4h', '6d']","['2h', '5h']",,,1,1
676,Pre-Flop,1,-3486,3486,CALL,0,"['4d', '6h']","['4h', '6d']","['2h', '5h']",,,2,2
676,Flop,0,-3486,3486,CHECK,0,"['4d', '6h']","['4h', '6d']","['2h', '5h', '9h']",,,100,100
676,Flop,1,-3486,3486,DISCARD,0,"['4d', '6h']","['4h', '6d']","['2h', '5h', '9h']",,,100,100
676,Flop,1,-3486,3486,CHECK,0,"['4d', '6h']","['8s', '6d']","['2h', '5h', '9h']",,4h,100,100
676,Turn,0,-3486,3486,CHECK,0,"['4d', '6h']","['8s', '6d']","['2h', '5h', '9h', '8d']",,4h,100,100
676,Turn,1,-3486,3486,CHECK,0,"['4d', '6h']","['8s', '6d']","['2h', '5h', '9h', '8d']",,4h,100,100
676,River,0,-3486,3486,CHECK,0,"['4d', '6h']","['8s', '6d']","['2h', '5h', '9h', '8d', '7h']",,4h,100,100
676,River,1,-3486,3486,CHECK,0,"['4d', '6h']","['8s', '6d']","['2h', '5h', '9h', '8d', '7h']",,4h,100,100
677,Pre-Flop,1,-3386,3386,RAISE,3,"['4s', '7s']","['8s', '5s']","['9s', '2h']",,,1,1
677,Pre-Flop,0,-3386,3386,RAISE,95,"['4s', '7s']","['8s', '5s']","['9s', '2h']",,,2,2
677,Pre-Flop,1,-3386,3386,DISCARD,0,"['4s', '7s']","['8s', '5s']","['9s', '2h']",,,5,5
677,Pre-Flop,1,-3386,3386,CALL,0,"['4s', '7s']","['8s', '6s']","['9s', '2h']",,5s,5,5
677,Pre-Flop,0,-3386,3386,CHECK,0,"['4s', '7s']","['8s', '6s']","['9s', '2h']",,5s,100,100
677,Flop,1,-3386,3386,CHECK,0,"['4s', '7s']","['8s', '6s']","['9s', '2h', 'Ad']",,5s,100,100
677,Flop,0,-3386,3386,CHECK,0,"['4s', '7s']","['8s', '6s']","['9s', '2h', 'Ad']",,5s,100,100
677,Turn,1,-3386,3386,CHECK,0,"['4s', '7s']","['8s', '6s']","['9s', '2h', 'Ad', '5h']",,5s,100,100
677,Turn,0,-3386,3386,CHECK,0,"['4s', '7s']","['8s', '6s']","['9s', '2h', 'Ad', '5h']",,5s,100,100
677,River,1,-3386,3386,CHECK,0,"['4s', '7s']","['8s', '6s']","['9s', '2h', 'Ad', '5h', '6h']",,5s,100,100
677,River,0,-3386,3386,CHECK,0,"['4s', '7s']","['8s', '6s']","['9s', '2h', 'Ad', '5h', '6h']",,5s,100,100
678,Pre-Flop,0,-3486,3486,RAISE,98,"['7s', '5s']","['6d', '4s']","['3h', '2d']",,,1,1
678,Pre-Flop,1,-3486,3486,CALL,0,"['7s', '5s']","['6d', '4s']","['3h', '2d']",,,2,2
678,Flop,0,-3486,3486,CHECK,0,"['7s', '5s']","['6d', '4s']","['3h', '2d', '8d']",,,100,100
678,Flop,1,-3486,3486,DISCARD,0,"['7s', '5s']","['6d', '4s']","['3h', '2d', '8d']",,,100,100
678,Flop,1,-3486,3486,CHECK,0,"['7s', '5s']","['6d', '7d']","['3h', '2d', '8d']",,4s,100,100
678,Turn,0,-3486,3486,CHECK,0,"['7s', '5s']","['6d', '7d']","['3h', '2d', '8d', 'As']",,4s,100,100
678,Turn,1,-3486,3486,CHECK,0,"['7s', '5s']","['6d', '7d']","['3h', '2d', '8d', 'As']",,4s,100,100
678,River,0,-3486,3486,CHECK,0,"['7s', '5s']","['6d', '7d']","['3h', '2d', '8d', 'As', '3d']",,4s,100,100
678,River,1,-3486,3486,CHECK,0,"['7s', '5s']","['6d', '7d']","['3h', '2d', '8d', 'As', '3d']",,4s,100,100
679,Pre-Flop,1,-3586,3586,CALL,0,"['6s', '2h']","['4d', '9d']","['3s', '2d']",,,1,1
679,Pre-Flop,0,-3586,3586,RAISE,98,"['6s', '2h']","['4d', '9d']","['3s', '2d']",,,2,2
679,Pre-Flop,1,-3586,3586,CALL,0,"['6s', '2h']","['4d', '9d']","['3s', '2d']",,,2,2
679,Pre-Flop,0,-3586,3586,CHECK,0,"['6s', '2h']","['4d', '9d']","['3s', '2d']",,,100,100
679,Flop,1,-3586,3586,DISCARD,0,"['6s', '2h']","['4d', '9d']","['3s', '2d', '6d']",,,100,100
679,Flop,1,-3586,3586,CHECK,0,"['6s', '2h']","['4d', '7h']","['3s', '2d', '6d']",,9d,100,100
679,Flop,0,-3586,3586,CHECK,0,"['6s', '2h']","['4d', '7h']","['3s', '2d', '6d']",,9d,100,100
679,Turn,1,-3586,3586,CHECK,0,"['6s', '2h']","['4d', '7h']","['3s', '2d', '6d', 'Ah']",,9d,100,100
679,Turn,0,-3586,3586,CHECK,0,"['6s', '2h']","['4d', '7h']","['3s', '2d', '6d', 'Ah']",,9d,100,100
679,River,1,-3586,3586,CHECK,0,"['6s', '2h']","['4d', '7h']","['3s', '2d', '6d', 'Ah', '9h']",,9d,100,100
679,River,0,-3586,3586,CHECK,0,"['6s', '2h']","['4d', '7h']","['3s', '2d', '6d', 'Ah', '9h']",,9d,100,100
680,Pre-Flop,0,-3486,3486,RAISE,98,"['8d', 'Ah']","['9h', '3s']","['6d', '7h']",,,1,1
680,Pre-Flop,1,-3486,3486,CALL,0,"['8d', 'Ah']","['9h', '3s']","['6d', '7h']",,,2,2
680,Flop,0,-3486,3486,CHECK,0,"['8d', 'Ah']","['9h', '3s']","['6d', '7h', '9s']",,,100,100
680,Flop,1,-3486,3486,DISCARD,0,"['8d', 'Ah']","['9h', '3s']","['6d', '7h', '9s']",,,100,100
680,Flop,1,-3486,3486,CHECK,0,"['8d', 'Ah']","['2s', '3s']","['6d', '7h', '9s']",,9h,100,100
680,Turn,0,-3486,3486,CHECK,0,"['8d', 'Ah']","['2s', '3s']","['6d', '7h', '9s', '5s']",,9h,100,100
680,Turn,1,-3486,3486,CHECK,0,"['8d', 'Ah']","['2s', '3s']","['6d', '7h', '9s', '5s']",,9h,100,100
680,River,0,-3486,3486,CHECK,0,"['8d', 'Ah']","['2s', '3s']","['6d', '7h', '9s', '5s', '4d']",,9h,100,100
680,River,1,-3486,3486,CHECK,0,"['8d', 'Ah']","['2s', '3s']","['6d', '7h', '9s', '5s', '4d']",,9h,100,100
681,Pre-Flop,1,-3386,3386,RAISE,2,"['7h', '3s']","['7s', '4h']","['9s', '8h']",,,1,1
681,Pre-Flop,0,-3386,3386,RAISE,96,"['7h', '3s']","['7s', '4h']","['9s', '8h']",,,2,2
681,Pre-Flop,1,-3386,3386,CALL,0,"['7h', '3s']","['7s', '4h']","['9s', '8h']",,,4,4
681,Pre-Flop,0,-3386,3386,CHECK,0,"['7h', '3s']","['7s', '4h']","['9s', '8h']",,,100,100
681,Flop,1,-3386,3386,DISCARD,0,"['7h', '3s']","['7s', '4h']","['9s', '8h', '6d']",,,100,100
681,Flop,1,-3386,3386,CHECK,0,"['7h', '3s']","['7s', '2d']","['9s', '8h', '6d']",,4h,100,100
681,Flop,0,-3386,3386,CHECK,0,"['7h', '3s']","['7s', '2d']","['9s', '8h', '6d']",,4h,100,100
681,Turn,1,-3386,3386,CHECK,0,"['7h', '3s']","['7s', '2d']","['9s', '8h', '6d', '7d']",,4h,100,100
681,Turn,0,-3386,3386,CHECK,0,"['7h', '3s']","['7s', '2d']","['9s', '8h', '6d', '7d']",,4h,100,100
681,River,1,-3386,3386,CHECK,0,"['7h', '3s']","['7s', '2d']","['9s', '8h', '6d', '7d', 'As']",,4h,100,100
681,River,0,-3386,3386,CHECK,0,"['7h', '3s']","['7s', '2d']","['9s', '8h', '6d', '7d', 'As']",,4h,100,100
682,Pre-Flop,0,-3386,3386,RAISE,98,"['7h', '5h']","['3h', '5s']","['6d', '8s']",,,1,1
682,Pre-Flop,1,-3386,3386,CALL,0,"['7h', '5h']","['3h', '5s']","['6d', '8s']",,,2,2
682,Flop,0,-3386,3386,CHECK,0,"['7h', '5h']","['3h', '5s']","['6d', '8s', '3s']",,,100,100
682,Flop,1,-3386,3386,DISCARD,0,"['7h', '5h']","['3h', '5s']","['6d', '8s', '3s']",,,100,100
682,Flop,1,-3386,3386,CHECK,0,"['7h', '5h']","['3d', '5s']","['6d', '8s', '3s']",,3h,100,100
682,Turn,0,-3386,3386,CHECK,0,"['7h', '5h']","['3d', '5s']","['6d', '8s', '3s', '4s']",,3h,100,100
682,Turn,1,-3386,3386,CHECK,0,"['7h', '5h']","['3d', '5s']","['6d', '8s', '3s', '4s']",,3h,100,100
682,River,0,-3386,3386,CHECK,0,"['7h', '5h']","['3d', '5s']","['6d', '8s', '3s', '4s', '4d']",,3h,100,100
682,River,1,-3386,3386,CHECK,0,"['7h', '5h']","['3d', '5s']","['6d', '8s', '3s', '4s', '4d']",,3h,100,100
683,Pre-Flop,1,-3286,3286,RAISE,2,"['8h', '7h']","['6d', '9d']","['2s', '4h']",,,1,1
683,Pre-Flop,0,-3286,3286,RAISE,96,"['8h', '7h']","['6d', '9d']","['2s', '4h']",,,2,2
683,Pre-Flop,1,-3286,3286,DISCARD,0,"['8h', '7h']","['6d', '9d']","['2s', '4h']",,,4,4
683,Pre-Flop,1,-3286,3286,CALL,0,"['8h', '7h']","['9h', '9d']","['2s', '4h']",,6d,4,4
683,Pre-Flop,0,-3286,3286,CHECK,0,"['8h', '7h']","['9h', '9d']","['2s', '4h']",,6d,100,100
683,Flop,1,-3286,3286,CHECK,0,"['8h', '7h']","['9h', '9d']","['2s', '4h', '3s']",,6d,100,100
683,Flop,0,-3286,3286,CHECK,0,"['8h', '7h']","['9h', '9d']","['2s', '4h', '3s']",,6d,100,100
683,Turn,1,-3286,3286,CHECK,0,"['8h', '7h']","['9h', '9d']","['2s', '4h', '3s', '5d']",,6d,100,100
683,Turn,0,-3286,3286,CHECK,0,"['8h', '7h']","['9h', '9d']","['2s', '4h', '3s', '5d']",,6d,100,100
683,River,1,-3286,3286,CHECK,0,"['8h', '7h']","['9h', '9d']","['2s', '4h', '3s', '5d', '2d']",,6d,100,100
683,River,0,-3286,3286,CHECK,0,"['8h', '7h']","['9h', '9d']","['2s', '4h', '3s', '5d', '2d']",,6d,100,100
684,Pre-Flop,0,-3386,3386,RAISE,98,"['8h', '5d']","['4h', '7s']","['4s', '2d']",,,1,1
684,Pre-Flop,1,-3386,3386,CALL,0,"['8h', '5d']","['4h', '7s']","['4s', '2d']",,,2,2
684,Flop,0,-3386,3386,CHECK,0,"['8h', '5d']","['4h', '7s']","['4s', '2d', '4d']",,,100,100
684,Flop,1,-3386,3386,DISCARD,0,"['8h', '5d']","['4h', '7s']","['4s', '2d', '4d']",,,100,100
684,Flop,1,-3386,3386,CHECK,0,"['8h', '5d']","['2s', '7s']","['4s', '2d', '4d']",,4h,100,100
684,Turn,0,-3386,3386,CHECK,0,"['8h', '5d']","['2s', '7s']","['4s', '2d', '4d', '7h']",,4h,100,100
684,Turn,1,-3386,3386,CHECK,0,"['8h', '5d']","['2s', '7s']","['4s', '2d', '4d', '7h']",,4h,100,100
684,River,0,-3386,3386,CHECK,0,"['8h', '5d']","['2s', '7s']","['4s', '2d', '4d', '7h', '3s']",,4h,100,100
684,River,1,-3386,3386,CHECK,0,"['8h', '5d']","['2s', '7s']","['4s', '2d', '4d', '7h', '3s']",,4h,100,100
685,Pre-Flop,1,-3486,3486,RAISE,2,"['8d', '8s']","['As', '8h']","['7h', '3h']",,,1,1
685,Pre-Flop,0,-3486,3486,RAISE,96,"['8d', '8s']","['As', '8h']","['7h', '3h']",,,2,2
685,Pre-Flop,1,-3486,3486,CALL,0,"['8d', '8s']","['As', '8h']","['7h', '3h']",,,4,4
685,Pre-Flop,0,-3486,3486,CHECK,0,"['8d', '8s']","['As', '8h']","['7h', '3h']",,,100,100
685,Flop,1,-3486,3486,DISCARD,0,"['8d', '8s']","['As', '8h']","['7h', '3h', '5d']",,,100,100
685,Flop,1,-3486,3486,CHECK,0,"['8d', '8s']","['9s', '8h']","['7h', '3h', '5d']",,As,100,100
685,Flop,0,-3486,3486,CHECK,0,"['8d', '8s']","['9s', '8h']","['7h', '3h', '5d']",,As,100,100
685,Turn,1,-3486,3486,CHECK,0,"['8d', '8s']","['9s', '8h']","['7h', '3h', '5d', '9h']",,As,100,100
685,Turn,0,-3486,3486,CHECK,0,"['8d', '8s']","['9s', '8h']","['7h', '3h', '5d', '9h']",,As,100,100
685,River,1,-3486,3486,CHECK,0,"['8d', '8s']","['9s', '8h']","['7h', '3h', '5d', '9h', '3d']",,As,100,100
685,River,0,-3486,3486,CHECK,0,"['8d', '8s']","['9s', '8h']","['7h', '3h', '5d', '9h', '3d']",,As,100,100
686,Pre-Flop,0,-3586,3586,RAISE,98,"['7d', '7h']","['6d', '9d']","['5h', '3s']",,,1,1
686,Pre-Flop,1,-3586,3586,CALL,0,"['7d', '7h']","['6d', '9d']","['5h', '3s']",,,2,2
686,Flop,0,-3586,3586,CHECK,0,"['7d', '7h']","['6d', '9d']","['5h', '3s', '9h']",,,100,100
686,Flop,1,-3586,3586,DISCARD,0,"['7d', '7h']","['6d', '9d']","['5h', '3s', '9h']",,,100,100
686,Flop,1,-3586,3586,CHECK,0,"['7d', '7h']","['6s', '9d']","['5h', '3s', '9h']",,6d,100,100
686,Turn,0,-3586,3586,CHECK,0,"['7d', '7h']","['6s', '9d']","['5h', '3s', '9h', '8s']",,6d,100,100
686,Turn,1,-3586,3586,CHECK,0,"['7d', '7h']","['6s', '9d']","['5h', '3s', '9h', '8s']",,6d,100,100
686,River,0,-3586,3586,CHECK,0,"['7d', '7h']","['6s', '9d']","['5h', '3s', '9h', '8s', 'Ad']",,6d,100,100
686,River,1,-3586,3586,CHECK,0,"['7d', '7h']","['6s', '9d']","['5h', '3s', '9h', '8s', 'Ad']",,6d,100,100
687,Pre-Flop,1,-3686,3686,RAISE,2,"['7h', '4s']","['Ah', '3h']","['4d', '5s']",,,1,1
687,Pre-Flop,0,-3686,3686,RAISE,96,"['7h', '4s']","['Ah', '3h']","['4d', '5s']",,,2,2
687,Pre-Flop,1,-3686,3686,CALL,0,"['7h', '4s']","['Ah', '3h']","['4d', '5s']",,,4,4
687,Pre-Flop,0,-3686,3686,CHECK,0,"['7h', '4s']","['Ah', '3h']","['4d', '5s']",,,100,100
687,Flop,1,-3686,3686,DISCARD,0,"['7h', '4s']","['Ah', '3h']","['4d', '5s', '9d']",,,100,100
687,Flop,1,-3686,3686,CHECK,0,"['7h', '4s']","['Ah', '3d']","['4d', '5s', '9d']",,3h,100,100
687,Flop,0,-3686,3686,CHECK,0,"['7h', '4s']","['Ah', '3d']","['4d', '5s', '9d']",,3h,100,100
687,Turn,1,-3686,3686,CHECK,0,"['7h', '4s']","['Ah', '3d']","['4d', '5s', '9d', '9s']",,3h,100,100
687,Turn,0,-3686,3686,CHECK,0,"['7h', '4s']","['Ah', '3d']","['4d', '5s', '9d', '9s']",,3h,100,100
687,River,1,-3686,3686,CHECK,0,"['7h', '4s']","['Ah', '3d']","['4d', '5s', '9d', '9s', '9h']",,3h,100,100
687,River,0,-3686,3686,CHECK,0,"['7h', '4s']","['Ah', '3d']","['4d', '5s', '9d', '9s', '9h']",,3h,100,100
688,Pre-Flop,0,-3586,3586,RAISE,98,"['9h', '4h']","['3d', 'As']","['Ah', '9d']",,,1,1
688,Pre-Flop,1,-3586,3586,CALL,0,"['9h', '4h']","['3d', 'As']","['Ah', '9d']",,,2,2
688,Flop,0,-3586,3586,CHECK,0,"['9h', '4h']","['3d', 'As']","['Ah', '9d', '7d']",,,100,100
688,Flop,1,-3586,3586,DISCARD,0,"['9h', '4h']","['3d', 'As']","['Ah', '9d', '7d']",,,100,100
688,Flop,1,-3586,3586,CHECK,0,"['9h', '4h']","['5d', 'As']","['Ah', '9d', '7d']",,3d,100,100
688,Turn,0,-3586,3586,CHECK,0,"['9h', '4h']","['5d', 'As']","['Ah', '9d', '7d', '2s']",,3d,100,100
688,Turn,1,-3586,3586,CHECK,0,"['9h', '4h']","['5d', 'As']","['Ah', '9d', '7d', '2s']",,3d,100,100
688,River,0,-3586,3586,CHECK,0,"['9h', '4h']","['5d', 'As']","['Ah', '9d', '7d', '2s', '4d']",,3d,100,100
688,River,1,-3586,3586,CHECK,0,"['9h', '4h']","['5d', 'As']","['Ah', '9d', '7d', '2s', '4d']",,3d,100,100
689,Pre-Flop,1,-3486,3486,RAISE,2,"['7s', '9s']","['5s', '6d']","['5d', '9d']",,,1,1
689,Pre-Flop,0,-3486,3486,RAISE,96,"['7s', '9s']","['5s', '6d']","['5d', '9d']",,,2,2
689,Pre-Flop,1,-3486,3486,CALL,0,"['7s', '9s']","['5s', '6d']","['5d', '9d']",,,4,4
689,Pre-Flop,0,-3486,3486,CHECK,0,"['7s', '9s']","['5s', '6d']","['5d', '9d']",,,100,100
689,Flop,1,-3486,3486,DISCARD,0,"['7s', '9s']","['5s', '6d']","['5d', '9d', '4d']",,,100,100
689,Flop,1,-3486,3486,CHECK,0,"['7s', '9s']","['2d', '6d']","['5d', '9d', '4d']",,5s,100,100
689,Flop,0,-3486,3486,CHECK,0,"['7s', '9s']","['2d', '6d']","['5d', '9d', '4d']",,5s,100,100
689,Turn,1,-3486,3486,CHECK,0,"['7s', '9s']","['2d', '6d']","['5d', '9d', '4d', '9h']",,5s,100,100
689,Turn,0,-3486,3486,CHECK,0,"['7s', '9s']","['2d', '6d']","['5d', '9d', '4d', '9h']",,5s,100,100
689,River,1,-3486,3486,CHECK,0,"['7s', '9s']","['2d', '6d']","['5d', '9d', '4d', '9h', '7h']",,5s,100,100
689,River,0,-3486,3486,CHECK,0,"['7s', '9s']","['2d', '6d']","['5d', '9d', '4d', '9h', '7h']",,5s,100,100
690,Pre-Flop,0,-3386,3386,RAISE,98,"['4d', '3h']","['3s', '9d']","['6d', '2h']",,,1,1
690,Pre-Flop,1,-3386,3386,CALL,0,"['4d', '3h']","['3s', '9d']","['6d', '2h']",,,2,2
690,Flop,0,-3386,3386,CHECK,0,"['4d', '3h']","['3s', '9d']","['6d', '2h', '6s']",,,100,100
690,Flop,1,-3386,3386,DISCARD,0,"['4d', '3h']","['3s', '9d']","['6d', '2h', '6s']",,,100,100
690,Flop,1,-3386,3386,CHECK,0,"['4d', '3h']","['3s', '7h']","['6d', '2h', '6s']",,9d,100,100
690,Turn,0,-3386,3386,CHECK,0,"['4d', '3h']","['3s', '7h']","['6d', '2h', '6s', 'As']",,9d,100,100
690,Turn,1,-3386,3386,CHECK,0,"['4d', '3h']","['3s', '7h']","['6d', '2h', '6s', 'As']",,9d,100,100
690,River,0,-3386,3386,CHECK,0,"['4d', '3h']","['3s', '7h']","['6d', '2h', '6s', 'As', '8h']",,9d,100,100
690,River,1,-3386,3386,CHECK,0,"['4d', '3h']","['3s', '7h']","['6d', '2h', '6s', 'As', '8h']",,9d,100,100
691,Pre-Flop,1,-3486,3486,RAISE,2,"['6d', '6h']","['8d', '5s']","['5d', '2h']",,,1,1
691,Pre-Flop,0,-3486,3486,RAISE,96,"['6d', '6h']","['8d', '5s']","['5d', '2h']",,,2,2
691,Pre-Flop,1,-3486,3486,CALL,0,"['6d', '6h']","['8d', '5s']","['5d', '2h']",,,4,4
691,Pre-Flop,0,-3486,3486,CHECK,0,"['6d', '6h']","['8d', '5s']","['5d', '2h']",,,100,100
691,Flop,1,-3486,3486,DISCARD,0,"['6d', '6h']","['8d', '5s']","['5d', '2h', '6s']",,,100,100
691,Flop,1,-3486,3486,CHECK,0,"['6d', '6h']","['7h', '5s']","['5d', '2h', '6s']",,8d,100,100
691,Flop,0,-3486,3486,CHECK,0,"['6d', '6h']","['7h', '5s']","['5d', '2h', '6s']",,8d,100,100
691,Turn,1,-3486,3486,CHECK,0,"['6d', '6h']","['7h', '5s']","['5d', '2h', '6s', '3h']",,8d,100,100
691,Turn,0,-3486,3486,CHECK,0,"['6d', '6h']","['7h', '5s']","['5d', '2h', '6s', '3h']",,8d,100,100
691,River,1,-3486,3486,CHECK,0,"['6d', '6h']","['7h', '5s']","['5d', '2h', '6s', '3h', '8h']",,8d,100,100
691,River,0,-3486,3486,CHECK,0,"['6d', '6h']","['7h', '5s']","['5d', '2h', '6s', '3h', '8h']",,8d,100,100
692,Pre-Flop,0,-3386,3386,RAISE,98,"['5h', '4h']","['Ah', '8s']","['6h', '6d']",,,1,1
692,Pre-Flop,1,-3386,3386,CALL,0,"['5h', '4h']","['Ah', '8s']","['6h', '6d']",,,2,2
692,Flop,0,-3386,3386,CHECK,0,"['5h', '4h']","['Ah', '8s']","['6h', '6d', '4d']",,,100,100
692,Flop,1,-3386,3386,DISCARD,0,"['5h', '4h']","['Ah', '8s']","['6h', '6d', '4d']",,,100,100
692,Flop,1,-3386,3386,CHECK,0,"['5h', '4h']","['7d', '8s']","['6h', '6d', '4d']",,Ah,100,100
692,Turn,0,-3386,3386,CHECK,0,"['5h', '4h']","['7d', '8s']","['6h', '6d', '4d', '2d']",,Ah,100,100
692,Turn,1,-3386,3386,CHECK,0,"['5h', '4h']","['7d', '8s']","['6h', '6d', '4d', '2d']",,Ah,100,100
692,River,0,-3386,3386,CHECK,0,"['5h', '4h']","['7d', '8s']","['6h', '6d', '4d', '2d', '8d']",,Ah,100,100
692,River,1,-3386,3386,CHECK,0,"['5h', '4h']","['7d', '8s']","['6h', '6d', '4d', '2d', '8d']",,Ah,100,100
693,Pre-Flop,1,-3486,3486,RAISE,2,"['2d', '9s']","['8d', '7h']","['6s', 'As']",,,1,1
693,Pre-Flop,0,-3486,3486,RAISE,96,"['2d', '9s']","['8d', '7h']","['6s', 'As']",,,2,2
693,Pre-Flop,1,-3486,3486,CALL,0,"['2d', '9s']","['8d', '7h']","['6s', 'As']",,,4,4
693,Pre-Flop,0,-3486,3486,CHECK,0,"['2d', '9s']","['8d', '7h']","['6s', 'As']",,,100,100
693,Flop,1,-3486,3486,DISCARD,0,"['2d', '9s']","['8d', '7h']","['6s', 'As', '6h']",,,100,100
693,Flop,1,-3486,3486,CHECK,0,"['2d', '9s']","['4s', '7h']","['6s', 'As', '6h']",,8d,100,100
693,Flop,0,-3486,3486,CHECK,0,"['2d', '9s']","['4s', '7h']","['6s', 'As', '6h']",,8d,100,100
693,Turn,1,-3486,3486,CHECK,0,"['2d', '9s']","['4s', '7h']","['6s', 'As', '6h', '3s']",,8d,100,100
693,Turn,0,-3486,3486,CHECK,0,"['2d', '9s']","['4s', '7h']","['6s', 'As', '6h', '3s']",,8d,100,100
693,River,1,-3486,3486,CHECK,0,"['2d', '9s']","['4s', '7h']","['6s', 'As', '6h', '3s', '2h']",,8d,100,100
693,River,0,-3486,3486,CHECK,0,"['2d', '9s']","['4s', '7h']","['6s', 'As', '6h', '3s', '2h']",,8d,100,100
694,Pre-Flop,0,-3386,3386,RAISE,98,"['3d', '2s']","['4h', '7d']","['6s', '4d']",,,1,1
694,Pre-Flop,1,-3386,3386,CALL,0,"['3d', '2s']","['4h', '7d']","['6s', '4d']",,,2,2
694,Flop,0,-3386,3386,CHECK,0,"['3d', '2s']","['4h', '7d']","['6s', '4d', '9s']",,,100,100
694,Flop,1,-3386,3386,DISCARD,0,"['3d', '2s']","['4h', '7d']","['6s', '4d', '9s']",,,100,100
694,Flop,1,-3386,3386,CHECK,0,"['3d', '2s']","['4h', '8s']","['6s', '4d', '9s']",,7d,100,100
694,Turn,0,-3386,3386,CHECK,0,"['3d', '2s']","['4h', '8s']","['6s', '4d', '9s', '3s']",,7d,100,100
694,Turn,1,-3386,3386,CHECK,0,"['3d', '2s']","['4h', '8s']","['6s', '4d', '9s', '3s']",,7d,100,100
694,River,0,-3386,3386,CHECK,0,"['3d', '2s']","['4h', '8s']","['6s', '4d', '9s', '3s', '6h']",,7d,100,100
694,River,1,-3386,3386,CHECK,0,"['3d', '2s']","['4h', '8s']","['6s', '4d', '9s', '3s', '6h']",,7d,100,100
695,Pre-Flop,1,-3486,3486,CALL,0,"['3h', '3d']","['4h', '6d']","['5s', '4d']",,,1,1
695,Pre-Flop,0,-3486,3486,RAISE,98,"['3h', '3d']","['4h', '6d']","['5s', '4d']",,,2,2
695,Pre-Flop,1,-3486,3486,CALL,0,"['3h', '3d']","['4h', '6d']","['5s', '4d']",,,2,2
695,Pre-Flop,0,-3486,3486,CHECK,0,"['3h', '3d']","['4h', '6d']","['5s', '4d']",,,100,100
695,Flop,1,-3486,3486,DISCARD,0,"['3h', '3d']","['4h', '6d']","['5s', '4d', '9h']",,,100,100
695,Flop,1,-3486,3486,CHECK,0,"['3h', '3d']","['2h', '6d']","['5s', '4d', '9h']",,4h,100,100
695,Flop,0,-3486,3486,CHECK,0,"['3h', '3d']","['2h', '6d']","['5s', '4d', '9h']",,4h,100,100
695,Turn,1,-3486,3486,CHECK,0,"['3h', '3d']","['2h', '6d']","['5s', '4d', '9h', '2s']",,4h,100,100
695,Turn,0,-3486,3486,CHECK,0,"['3h', '3d']","['2h', '6d']","['5s', '4d', '9h', '2s']",,4h,100,100
695,River,1,-3486,3486,CHECK,0,"['3h', '3d']","['2h', '6d']","['5s', '4d', '9h', '2s', 'As']",,4h,100,100
695,River,0,-3486,3486,CHECK,0,"['3h', '3d']","['2h', '6d']","['5s', '4d', '9h', '2s', 'As']",,4h,100,100
696,Pre-Flop,0,-3386,3386,RAISE,98,"['3h', '5s']","['3d', 'Ad']","['4s', '8d']",,,1,1
696,Pre-Flop,1,-3386,3386,CALL,0,"['3h', '5s']","['3d', 'Ad']","['4s', '8d']",,,2,2
696,Flop,0,-3386,3386,CHECK,0,"['3h', '5s']","['3d', 'Ad']","['4s', '8d', '6h']",,,100,100
696,Flop,1,-3386,3386,DISCARD,0,"['3h', '5s']","['3d', 'Ad']","['4s', '8d', '6h']",,,100,100
696,Flop,1,-3386,3386,CHECK,0,"['3h', '5s']","['2h', 'Ad']","['4s', '8d', '6h']",,3d,100,100
696,Turn,0,-3386,3386,CHECK,0,"['3h', '5s']","['2h', 'Ad']","['4s', '8d', '6h', '7s']",,3d,100,100
696,Turn,1,-3386,3386,CHECK,0,"['3h', '5s']","['2h', 'Ad']","['4s', '8d', '6h', '7s']",,3d,100,100
696,River,0,-3386,3386,CHECK,0,"['3h', '5s']","['2h', 'Ad']","['4s', '8d', '6h', '7s', '6s']",,3d,100,100
696,River,1,-3386,3386,CHECK,0,"['3h', '5s']","['2h', 'Ad']","['4s', '8d', '6h', '7s', '6s']",,3d,100,100
697,Pre-Flop,1,-3286,3286,RAISE,2,"['3s', '6s']","['As', '5d']","['8d', '5s']",,,1,1
697,Pre-Flop,0,-3286,3286,RAISE,96,"['3s', '6s']","['As', '5d']","['8d', '5s']",,,2,2
697,Pre-Flop,1,-3286,3286,CALL,0,"['3s', '6s']","['As', '5d']","['8d', '5s']",,,4,4
697,Pre-Flop,0,-3286,3286,CHECK,0,"['3s', '6s']","['As', '5d']","['8d', '5s']",,,100,100
697,Flop,1,-3286,3286,DISCARD,0,"['3s', '6s']","['As', '5d']","['8d', '5s', '4h']",,,100,100
697,Flop,1,-3286,3286,CHECK,0,"['3s', '6s']","['As', '8s']","['8d', '5s', '4h']",,5d,100,100
697,Flop,0,-3286,3286,CHECK,0,"['3s', '6s']","['As', '8s']","['8d', '5s', '4h']",,5d,100,100
697,Turn,1,-3286,3286,CHECK,0,"['3s', '6s']","['As', '8s']","['8d', '5s', '4h', '8h']",,5d,100,100
697,Turn,0,-3286,3286,CHECK,0,"['3s', '6s']","['As', '8s']","['8d', '5s', '4h', '8h']",,5d,100,100
697,River,1,-3286,3286,CHECK,0,"['3s', '6s']","['As', '8s']","['8d', '5s', '4h', '8h', '3h']",,5d,100,100
697,River,0,-3286,3286,CHECK,0,"['3s', '6s']","['As', '8s']","['8d', '5s', '4h', '8h', '3h']",,5d,100,100
698,Pre-Flop,0,-3386,3386,RAISE,98,"['3s', '2s']","['7d', '8s']","['7s', '2d']",,,1,1
698,Pre-Flop,1,-3386,3386,CALL,0,"['3s', '2s']","['7d', '8s']","['7s', '2d']",,,2,2
698,Flop,0,-3386,3386,CHECK,0,"['3s', '2s']","['7d', '8s']","['7s', '2d', '8h']",,,100,100
698,Flop,1,-3386,3386,DISCARD,0,"['3s', '2s']","['7d', '8s']","['7s', '2d', '8h']",,,100,100
698,Flop,1,-3386,3386,CHECK,0,"['3s', '2s']","['6d', '8s']","['7s', '2d', '8h']",,7d,100,100
698,Turn,0,-3386,3386,CHECK,0,"['3s', '2s']","['6d', '8s']","['7s', '2d', '8h', '5d']",,7d,100,100
698,Turn,1,-3386,3386,CHECK,0,"['3s', '2s']","['6d', '8s']","['7s', '2d', '8h', '5d']",,7d,100,100
698,River,0,-3386,3386,CHECK,0,"['3s', '2s']","['6d', '8s']","['7s', '2d', '8h', '5d', '6s']",,7d,100,100
698,River,1,-3386,3386,CHECK,0,"['3s', '2s']","['6d', '8s']","['7s', '2d', '8h', '5d', '6s']",,7d,100,100
699,Pre-Flop,1,-3486,3486,RAISE,2,"['5h', '5s']","['4s', '2d']","['6h', '3s']",,,1,1
699,Pre-Flop,0,-3486,3486,RAISE,96,"['5h', '5s']","['4s', '2d']","['6h', '3s']",,,2,2
699,Pre-Flop,1,-3486,3486,CALL,0,"['5h', '5s']","['4s', '2d']","['6h', '3s']",,,4,4
699,Pre-Flop,0,-3486,3486,CHECK,0,"['5h', '5s']","['4s', '2d']","['6h', '3s']",,,100,100
699,Flop,1,-3486,3486,DISCARD,0,"['5h', '5s']","['4s', '2d']","['6h', '3s', 'As']",,,100,100
699,Flop,1,-3486,3486,CHECK,0,"['5h', '5s']","['4s', '4h']","['6h', '3s', 'As']",,2d,100,100
699,Flop,0,-3486,3486,CHECK,0,"['5h', '5s']","['4s', '4h']","['6h', '3s', 'As']",,2d,100,100
699,Turn,1,-3486,3486,CHECK,0,"['5h', '5s']","['4s', '4h']","['6h', '3s', 'As', '2h']",,2d,100,100
699,Turn,0,-3486,3486,CHECK,0,"['5h', '5s']","['4s', '4h']","['6h', '3s', 'As', '2h']",,2d,100,100
699,River,1,-3486,3486,CHECK,0,"['5h', '5s']","['4s', '4h']","['6h', '3s', 'As', '2h', '4d']",,2d,100,100
699,River,0,-3486,3486,CHECK,0,"['5h', '5s']","['4s', '4h']","['6h', '3s', 'As', '2h', '4d']",,2d,100,100
700,Pre-Flop,0,-3386,3386,RAISE,98,"['5h', '2d']","['Ad', 'As']","['Ah', '8s']",,,1,1
700,Pre-Flop,1,-3386,3386,CALL,0,"['5h', '2d']","['Ad', 'As']","['Ah', '8s']",,,2,2
700,Flop,0,-3386,3386,CHECK,0,"['5h', '2d']","['Ad', 'As']","['Ah', '8s', '9h']",,,100,100
700,Flop,1,-3386,3386,DISCARD,0,"['5h', '2d']","['Ad', 'As']","['Ah', '8s', '9h']",,,100,100
700,Flop,1,-3386,3386,CHECK,0,"['5h', '2d']","['4d', 'As']","['Ah', '8s', '9h']",,Ad,100,100
700,Turn,0,-3386,3386,CHECK,0,"['5h', '2d']","['4d', 'As']","['Ah', '8s', '9h', '5s']",,Ad,100,100
700,Turn,1,-3386,3386,CHECK,0,"['5h', '2d']","['4d', 'As']","['Ah', '8s', '9h', '5s']",,Ad,100,100
700,River,0,-3386,3386,CHECK,0,"['5h', '2d']","['4d', 'As']","['Ah', '8s', '9h', '5s', '7d']",,Ad,100,100
700,River,1,-3386,3386,CHECK,0,"['5h', '2d']","['4d', 'As']","['Ah', '8s', '9h', '5s', '7d']",,Ad,100,100
701,Pre-Flop,1,-3486,3486,RAISE,3,"['8d', '7h']","['3s', '2s']","['3d', '8s']",,,1,1
701,Pre-Flop,0,-3486,3486,RAISE,95,"['8d', '7h']","['3s', '2s']","['3d', '8s']",,,2,2
701,Pre-Flop,1,-3486,3486,CALL,0,"['8d', '7h']","['3s', '2s']","['3d', '8s']",,,5,5
701,Pre-Flop,0,-3486,3486,CHECK,0,"['8d', '7h']","['3s', '2s']","['3d', '8s']",,,100,100
701,Flop,1,-3486,3486,CHECK,0,"['8d', '7h']","['3s', '2s']","['3d', '8s', '3h']",,,100,100
701,Flop,0,-3486,3486,CHECK,0,"['8d', '7h']","['3s', '2s']","['3d', '8s', '3h']",,,100,100
701,Turn,1,-3486,3486,CHECK,0,"['8d', '7h']","['3s', '2s']","['3d', '8s', '3h', '4h']",,,100,100
701,Turn,0,-3486,3486,CHECK,0,"['8d', '7h']","['3s', '2s']","['3d', '8s', '3h', '4h']",,,100,100
701,River,1,-3486,3486,CHECK,0,"['8d', '7h']","['3s', '2s']","['3d', '8s', '3h', '4h', 'Ah']",,,100,100
701,River,0,-3486,3486,CHECK,0,"['8d', '7h']","['3s', '2s']","['3d', '8s', '3h', '4h', 'Ah']",,,100,100
702,Pre-Flop,0,-3586,3586,RAISE,98,"['6d', '2h']","['3h', '9s']","['7d', '8s']",,,1,1
702,Pre-Flop,1,-3586,3586,CALL,0,"['6d', '2h']","['3h', '9s']","['7d', '8s']",,,2,2
702,Flop,0,-3586,3586,CHECK,0,"['6d', '2h']","['3h', '9s']","['7d', '8s', 'Ah']",,,100,100
702,Flop,1,-3586,3586,DISCARD,0,"['6d', '2h']","['3h', '9s']","['7d', '8s', 'Ah']",,,100,100
702,Flop,1,-3586,3586,CHECK,0,"['6d', '2h']","['9d', '9s']","['7d', '8s', 'Ah']",,3h,100,100
702,Turn,0,-3586,3586,CHECK,0,"['6d', '2h']","['9d', '9s']","['7d', '8s', 'Ah', 'As']",,3h,100,100
702,Turn,1,-3586,3586,CHECK,0,"['6d', '2h']","['9d', '9s']","['7d', '8s', 'Ah', 'As']",,3h,100,100
702,River,0,-3586,3586,CHECK,0,"['6d', '2h']","['9d', '9s']","['7d', '8s', 'Ah', 'As', '5h']",,3h,100,100
702,River,1,-3586,3586,CHECK,0,"['6d', '2h']","['9d', '9s']","['7d', '8s', 'Ah', 'As', '5h']",,3h,100,100
703,Pre-Flop,1,-3686,3686,CALL,0,"['7h', '4d']","['5d', '3h']","['4s', '8h']",,,1,1
703,Pre-Flop,0,-3686,3686,RAISE,98,"['7h', '4d']","['5d', '3h']","['4s', '8h']",,,2,2
703,Pre-Flop,1,-3686,3686,CALL,0,"['7h', '4d']","['5d', '3h']","['4s', '8h']",,,2,2
703,Pre-Flop,0,-3686,3686,CHECK,0,"['7h', '4d']","['5d', '3h']","['4s', '8h']",,,100,100
703,Flop,1,-3686,3686,DISCARD,0,"['7h', '4d']","['5d', '3h']","['4s', '8h', '5h']",,,100,100
703,Flop,1,-3686,3686,CHECK,0,"['7h', '4d']","['3d', '3h']","['4s', '8h', '5h']",,5d,100,100
703,Flop,0,-3686,3686,CHECK,0,"['7h', '4d']","['3d', '3h']","['4s', '8h', '5h']",,5d,100,100
703,Turn,1,-3686,3686,CHECK,0,"['7h', '4d']","['3d', '3h']","['4s', '8h', '5h', '6s']",,5d,100,100
703,Turn,0,-3686,3686,CHECK,0,"['7h', '4d']","['3d', '3h']","['4s', '8h', '5h', '6s']",,5d,100,100
703,River,1,-3686,3686,CHECK,0,"['7h', '4d']","['3d', '3h']","['4s', '8h', '5h', '6s', '9d']",,5d,100,100
703,River,0,-3686,3686,CHECK,0,"['7h', '4d']","['3d', '3h']","['4s', '8h', '5h', '6s', '9d']",,5d,100,100
704,Pre-Flop,0,-3586,3586,RAISE,98,"['9s', '8s']","['2h', '9h']","['2s', 'Ad']",,,1,1
704,Pre-Flop,1,-3586,3586,DISCARD,0,"['9s', '8s']","['2h', '9h']","['2s', 'Ad']",,,2,2
704,Pre-Flop,1,-3586,3586,CALL,0,"['9s', '8s']","['5s', '9h']","['2s', 'Ad']",,2h,2,2
704,Flop,0,-3586,3586,CHECK,0,"['9s', '8s']","['5s', '9h']","['2s', 'Ad', '6d']",,2h,100,100
704,Flop,1,-3586,3586,CHECK,0,"['9s', '8s']","['5s', '9h']","['2s', 'Ad', '6d']",,2h,100,100
704,Turn,0,-3586,3586,CHECK,0,"['9s', '8s']","['5s', '9h']","['2s', 'Ad', '6d', '6s']",,2h,100,100
704,Turn,1,-3586,3586,CHECK,0,"['9s', '8s']","['5s', '9h']","['2s', 'Ad', '6d', '6s']",,2h,100,100
704,River,0,-3586,3586,CHECK,0,"['9s', '8s']","['5s', '9h']","['2s', 'Ad', '6d', '6s', '9d']",,2h,100,100
704,River,1,-3586,3586,CHECK,0,"['9s', '8s']","['5s', '9h']","['2s', 'Ad', '6d', '6s', '9d']",,2h,100,100
705,Pre-Flop,1,-3586,3586,RAISE,2,"['3d', '2d']","['4d', '6s']","['4s', '7s']",,,1,1
705,Pre-Flop,0,-3586,3586,RAISE,96,"['3d', '2d']","['4d', '6s']","['4s', '7s']",,,2,2
705,Pre-Flop,1,-3586,3586,CALL,0,"['3d', '2d']","['4d', '6s']","['4s', '7s']",,,4,4
705,Pre-Flop,0,-3586,3586,CHECK,0,"['3d', '2d']","['4d', '6s']","['4s', '7s']",,,100,100
705,Flop,1,-3586,3586,DISCARD,0,"['3d', '2d']","['4d', '6s']","['4s', '7s', '9h']",,,100,100
705,Flop,1,-3586,3586,CHECK,0,"['3d', '2d']","['4h', '6s']","['4s', '7s', '9h']",,4d,100,100
705,Flop,0,-3586,3586,CHECK,0,"['3d', '2d']","['4h', '6s']","['4s', '7s', '9h']",,4d,100,100
705,Turn,1,-3586,3586,CHECK,0,"['3d', '2d']","['4h', '6s']","['4s', '7s', '9h', '2s']",,4d,100,100
705,Turn,0,-3586,3586,CHECK,0,"['3d', '2d']","['4h', '6s']","['4s', '7s', '9h', '2s']",,4d,100,100
705,River,1,-3586,3586,CHECK,0,"['3d', '2d']","['4h', '6s']","['4s', '7s', '9h', '2s', 'Ad']",,4d,100,100
705,River,0,-3586,3586,CHECK,0,"['3d', '2d']","['4h', '6s']","['4s', '7s', '9h', '2s', 'Ad']",,4d,100,100
706,Pre-Flop,0,-3686,3686,RAISE,98,"['6h', '8h']","['6s', '9s']","['2s', '7h']",,,1,1
706,Pre-Flop,1,-3686,3686,CALL,0,"['6h', '8h']","['6s', '9s']","['2s', '7h']",,,2,2
706,Flop,0,-3686,3686,CHECK,0,"['6h', '8h']","['6s', '9s']","['2s', '7h', '5d']",,,100,100
706,Flop,1,-3686,3686,DISCARD,0,"['6h', '8h']","['6s', '9s']","['2s', '7h', '5d']",,,100,100
706,Flop,1,-3686,3686,CHECK,0,"['6h', '8h']","['6s', '5h']","['2s', '7h', '5d']",,9s,100,100
706,Turn,0,-3686,3686,CHECK,0,"['6h', '8h']","['6s', '5h']","['2s', '7h', '5d', 'Ah']",,9s,100,100
706,Turn,1,-3686,3686,CHECK,0,"['6h', '8h']","['6s', '5h']","['2s', '7h', '5d', 'Ah']",,9s,100,100
706,River,0,-3686,3686,CHECK,0,"['6h', '8h']","['6s', '5h']","['2s', '7h', '5d', 'Ah', '6d']",,9s,100,100
706,River,1,-3686,3686,CHECK,0,"['6h', '8h']","['6s', '5h']","['2s', '7h', '5d', 'Ah', '6d']",,9s,100,100
707,Pre-Flop,1,-3786,3786,CALL,0,"['As', 'Ah']","['6d', '8h']","['3s', '8d']",,,1,1
707,Pre-Flop,0,-3786,3786,RAISE,98,"['As', 'Ah']","['6d', '8h']","['3s', '8d']",,,2,2
707,Pre-Flop,1,-3786,3786,CALL,0,"['As', 'Ah']","['6d', '8h']","['3s', '8d']",,,2,2
707,Pre-Flop,0,-3786,3786,CHECK,0,"['As', 'Ah']","['6d', '8h']","['3s', '8d']",,,100,100
707,Flop,1,-3786,3786,DISCARD,0,"['As', 'Ah']","['6d', '8h']","['3s', '8d', '2h']",,,100,100
707,Flop,1,-3786,3786,CHECK,0,"['As', 'Ah']","['5s', '8h']","['3s', '8d', '2h']",,6d,100,100
707,Flop,0,-3786,3786,CHECK,0,"['As', 'Ah']","['5s', '8h']","['3s', '8d', '2h']",,6d,100,100
707,Turn,1,-3786,3786,CHECK,0,"['As', 'Ah']","['5s', '8h']","['3s', '8d', '2h', '9d']",,6d,100,100
707,Turn,0,-3786,3786,CHECK,0,"['As', 'Ah']","['5s', '8h']","['3s', '8d', '2h', '9d']",,6d,100,100
707,River,1,-3786,3786,CHECK,0,"['As', 'Ah']","['5s', '8h']","['3s', '8d', '2h', '9d', '8s']",,6d,100,100
707,River,0,-3786,3786,CHECK,0,"['As', 'Ah']","['5s', '8h']","['3s', '8d', '2h', '9d', '8s']",,6d,100,100
708,Pre-Flop,0,-3886,3886,RAISE,98,"['5s', '8s']","['7d', '4d']","['8h', '7s']",,,1,1
708,Pre-Flop,1,-3886,3886,CALL,0,"['5s', '8s']","['7d', '4d']","['8h', '7s']",,,2,2
708,Flop,0,-3886,3886,CHECK,0,"['5s', '8s']","['7d', '4d']","['8h', '7s', 'Ah']",,,100,100
708,Flop,1,-3886,3886,DISCARD,0,"['5s', '8s']","['7d', '4d']","['8h', '7s', 'Ah']",,,100,100
708,Flop,1,-3886,3886,CHECK,0,"['5s', '8s']","['7d', '9h']","['8h', '7s', 'Ah']",,4d,100,100
708,Turn,0,-3886,3886,CHECK,0,"['5s', '8s']","['7d', '9h']","['8h', '7s', 'Ah', '8d']",,4d,100,100
708,Turn,1,-3886,3886,CHECK,0,"['5s', '8s']","['7d', '9h']","['8h', '7s', 'Ah', '8d']",,4d,100,100
708,River,0,-3886,3886,CHECK,0,"['5s', '8s']","['7d', '9h']","['8h', '7s', 'Ah', '8d', '2h']",,4d,100,100
708,River,1,-3886,3886,CHECK,0,"['5s', '8s']","['7d', '9h']","['8h', '7s', 'Ah', '8d', '2h']",,4d,100,100
709,Pre-Flop,1,-3786,3786,CALL,0,"['4d', 'Ah']","['8h', '3d']","['2s', 'As']",,,1,1
709,Pre-Flop,0,-3786,3786,RAISE,98,"['4d', 'Ah']","['8h', '3d']","['2s', 'As']",,,2,2
709,Pre-Flop,1,-3786,3786,CALL,0,"['4d', 'Ah']","['8h', '3d']","['2s', 'As']",,,2,2
709,Pre-Flop,0,-3786,3786,CHECK,0,"['4d', 'Ah']","['8h', '3d']","['2s', 'As']",,,100,100
709,Flop,1,-3786,3786,DISCARD,0,"['4d', 'Ah']","['8h', '3d']","['2s', 'As', '6d']",,,100,100
709,Flop,1,-3786,3786,CHECK,0,"['4d', 'Ah']","['8h', '4h']","['2s', 'As', '6d']",,3d,100,100
709,Flop,0,-3786,3786,CHECK,0,"['4d', 'Ah']","['8h', '4h']","['2s', 'As', '6d']",,3d,100,100
709,Turn,1,-3786,3786,CHECK,0,"['4d', 'Ah']","['8h', '4h']","['2s', 'As', '6d', '8d']",,3d,100,100
709,Turn,0,-3786,3786,CHECK,0,"['4d', 'Ah']","['8h', '4h']","['2s', 'As', '6d', '8d']",,3d,100,100
709,River,1,-3786,3786,CHECK,0,"['4d', 'Ah']","['8h', '4h']","['2s', 'As', '6d', '8d', '6h']",,3d,100,100
709,River,0,-3786,3786,CHECK,0,"['4d', 'Ah']","['8h', '4h']","['2s', 'As', '6d', '8d', '6h']",,3d,100,100
710,Pre-Flop,0,-3686,3686,RAISE,98,"['6s', '3d']","['5d', '3s']","['3h', '6d']",,,1,1
710,Pre-Flop,1,-3686,3686,DISCARD,0,"['6s', '3d']","['5d', '3s']","['3h', '6d']",,,2,2
710,Pre-Flop,1,-3686,3686,CALL,0,"['6s', '3d']","['4h', '3s']","['3h', '6d']",,5d,2,2
710,Flop,0,-3686,3686,CHECK,0,"['6s', '3d']","['4h', '3s']","['3h', '6d', '8h']",,5d,100,100
710,Flop,1,-3686,3686,CHECK,0,"['6s', '3d']","['4h', '3s']","['3h', '6d', '8h']",,5d,100,100
710,Turn,0,-3686,3686,CHECK,0,"['6s', '3d']","['4h', '3s']","['3h', '6d', '8h', '2d']",,5d,100,100
710,Turn,1,-3686,3686,CHECK,0,"['6s', '3d']","['4h', '3s']","['3h', '6d', '8h', '2d']",,5d,100,100
710,River,0,-3686,3686,CHECK,0,"['6s', '3d']","['4h', '3s']","['3h', '6d', '8h', '2d', '2s']",,5d,100,100
710,River,1,-3686,3686,CHECK,0,"['6s', '3d']","['4h', '3s']","['3h', '6d', '8h', '2d', '2s']",,5d,100,100
711,Pre-Flop,1,-3586,3586,RAISE,2,"['2h', '2d']","['6d', '3h']","['4d', '8h']",,,1,1
711,Pre-Flop,0,-3586,3586,RAISE,96,"['2h', '2d']","['6d', '3h']","['4d', '8h']",,,2,2
711,Pre-Flop,1,-3586,3586,CALL,0,"['2h', '2d']","['6d', '3h']","['4d', '8h']",,,4,4
711,Pre-Flop,0,-3586,3586,CHECK,0,"['2h', '2d']","['6d', '3h']","['4d', '8h']",,,100,100
711,Flop,1,-3586,3586,DISCARD,0,"['2h', '2d']","['6d', '3h']","['4d', '8h', '8d']",,,100,100
711,Flop,1,-3586,3586,CHECK,0,"['2h', '2d']","['6d', '4h']","['4d', '8h', '8d']",,3h,100,100
711,Flop,0,-3586,3586,CHECK,0,"['2h', '2d']","['6d', '4h']","['4d', '8h', '8d']",,3h,100,100
711,Turn,1,-3586,3586,CHECK,0,"['2h', '2d']","['6d', '4h']","['4d', '8h', '8d', '9d']",,3h,100,100
711,Turn,0,-3586,3586,CHECK,0,"['2h', '2d']","['6d', '4h']","['4d', '8h', '8d', '9d']",,3h,100,100
711,River,1,-3586,3586,CHECK,0,"['2h', '2d']","['6d', '4h']","['4d', '8h', '8d', '9d', 'Ad']",,3h,100,100
711,River,0,-3586,3586,CHECK,0,"['2h', '2d']","['6d', '4h']","['4d', '8h', '8d', '9d', 'Ad']",,3h,100,100
712,Pre-Flop,0,-3686,3686,RAISE,98,"['4s', '8h']","['6d', '4h']","['As', '5s']",,,1,1
712,Pre-Flop,1,-3686,3686,CALL,0,"['4s', '8h']","['6d', '4h']","['As', '5s']",,,2,2
712,Flop,0,-3686,3686,CHECK,0,"['4s', '8h']","['6d', '4h']","['As', '5s', '2s']",,,100,100
712,Flop,1,-3686,3686,DISCARD,0,"['4s', '8h']","['6d', '4h']","['As', '5s', '2s']",,,100,100
712,Flop,1,-3686,3686,CHECK,0,"['4s', '8h']","['6d', '3d']","['As', '5s', '2s']",,4h,100,100
712,Turn,0,-3686,3686,CHECK,0,"['4s', '8h']","['6d', '3d']","['As', '5s', '2s', '6h']",,4h,100,100
712,Turn,1,-3686,3686,CHECK,0,"['4s', '8h']","['6d', '3d']","['As', '5s', '2s', '6h']",,4h,100,100
712,River,0,-3686,3686,CHECK,0,"['4s', '8h']","['6d', '3d']","['As', '5s', '2s', '6h', '3h']",,4h,100,100
712,River,1,-3686,3686,CHECK,0,"['4s', '8h']","['6d', '3d']","['As', '5s', '2s', '6h', '3h']",,4h,100,100
713,Pre-Flop,1,-3586,3586,RAISE,2,"['9h', '2d']","['5s', '8d']","['7h', '9s']",,,1,1
713,Pre-Flop,0,-3586,3586,RAISE,96,"['9h', '2d']","['5s', '8d']","['7h', '9s']",,,2,2
713,Pre-Flop,1,-3586,3586,CALL,0,"['9h', '2d']","['5s', '8d']","['7h', '9s']",,,4,4
713,Pre-Flop,0,-3586,3586,CHECK,0,"['9h', '2d']","['5s', '8d']","['7h', '9s']",,,100,100
713,Flop,1,-3586,3586,DISCARD,0,"['9h', '2d']","['5s', '8d']","['7h', '9s', '6s']",,,100,100
713,Flop,1,-3586,3586,CHECK,0,"['9h', '2d']","['5s', '5h']","['7h', '9s', '6s']",,8d,100,100
713,Flop,0,-3586,3586,CHECK,0,"['9h', '2d']","['5s', '5h']","['7h', '9s', '6s']",,8d,100,100
713,Turn,1,-3586,3586,CHECK,0,"['9h', '2d']","['5s', '5h']","['7h', '9s', '6s', '8h']",,8d,100,100
713,Turn,0,-3586,3586,CHECK,0,"['9h', '2d']","['5s', '5h']","['7h', '9s', '6s', '8h']",,8d,100,100
713,River,1,-3586,3586,CHECK,0,"['9h', '2d']","['5s', '5h']","['7h', '9s', '6s', '8h', '6h']",,8d,100,100
713,River,0,-3586,3586,CHECK,0,"['9h', '2d']","['5s', '5h']","['7h', '9s', '6s', '8h', '6h']",,8d,100,100
714,Pre-Flop,0,-3686,3686,RAISE,98,"['5d', '8s']","['Ah', '3d']","['9d', 'As']",,,1,1
714,Pre-Flop,1,-3686,3686,CALL,0,"['5d', '8s']","['Ah', '3d']","['9d', 'As']",,,2,2
714,Flop,0,-3686,3686,CHECK,0,"['5d', '8s']","['Ah', '3d']","['9d', 'As', '6s']",,,100,100
714,Flop,1,-3686,3686,DISCARD,0,"['5d', '8s']","['Ah', '3d']","['9d', 'As', '6s']",,,100,100
714,Flop,1,-3686,3686,CHECK,0,"['5d', '8s']","['Ah', '3h']","['9d', 'As', '6s']",,3d,100,100
714,Turn,0,-3686,3686,CHECK,0,"['5d', '8s']","['Ah', '3h']","['9d', 'As', '6s', '2h']",,3d,100,100
714,Turn,1,-3686,3686,CHECK,0,"['5d', '8s']","['Ah', '3h']","['9d', 'As', '6s', '2h']",,3d,100,100
714,River,0,-3686,3686,CHECK,0,"['5d', '8s']","['Ah', '3h']","['9d', 'As', '6s', '2h', '4s']",,3d,100,100
714,River,1,-3686,3686,CHECK,0,"['5d', '8s']","['Ah', '3h']","['9d', 'As', '6s', '2h', '4s']",,3d,100,100
715,Pre-Flop,1,-3786,3786,RAISE,2,"['2d', '3d']","['4d', '7d']","['Ah', '7h']",,,1,1
715,Pre-Flop,0,-3786,3786,RAISE,96,"['2d', '3d']","['4d', '7d']","['Ah', '7h']",,,2,2
715,Pre-Flop,1,-3786,3786,CALL,0,"['2d', '3d']","['4d', '7d']","['Ah', '7h']",,,4,4
715,Pre-Flop,0,-3786,3786,CHECK,0,"['2d', '3d']","['4d', '7d']","['Ah', '7h']",,,100,100
715,Flop,1,-3786,3786,DISCARD,0,"['2d', '3d']","['4d', '7d']","['Ah', '7h', '9h']",,,100,100
715,Flop,1,-3786,3786,CHECK,0,"['2d', '3d']","['4d', '5s']","['Ah', '7h', '9h']",,7d,100,100
715,Flop,0,-3786,3786,CHECK,0,"['2d', '3d']","['4d', '5s']","['Ah', '7h', '9h']",,7d,100,100
715,Turn,1,-3786,3786,CHECK,0,"['2d', '3d']","['4d', '5s']","['Ah', '7h', '9h', '2s']",,7d,100,100
715,Turn,0,-3786,3786,CHECK,0,"['2d', '3d']","['4d', '5s']","['Ah', '7h', '9h', '2s']",,7d,100,100
715,River,1,-3786,3786,CHECK,0,"['2d', '3d']","['4d', '5s']","['Ah', '7h', '9h', '2s', '3s']",,7d,100,100
715,River,0,-3786,3786,CHECK,0,"['2d', '3d']","['4d', '5s']","['Ah', '7h', '9h', '2s', '3s']",,7d,100,100
716,Pre-Flop,0,-3886,3886,RAISE,98,"['4d', '9s']","['8d', '4s']","['6h', '4h']",,,1,1
716,Pre-Flop,1,-3886,3886,CALL,0,"['4d', '9s']","['8d', '4s']","['6h', '4h']",,,2,2
716,Flop,0,-3886,3886,CHECK,0,"['4d', '9s']","['8d', '4s']","['6h', '4h', '8h']",,,100,100
716,Flop,1,-3886,3886,CHECK,0,"['4d', '9s']","['8d', '4s']","['6h', '4h', '8h']",,,100,100
716,Turn,0,-3886,3886,CHECK,0,"['4d', '9s']","['8d', '4s']","['6h', '4h', '8h', '7s']",,,100,100
716,Turn,1,-3886,3886,CHECK,0,"['4d', '9s']","['8d', '4s']","['6h', '4h', '8h', '7s']",,,100,100
716,River,0,-3886,3886,CHECK,0,"['4d', '9s']","['8d', '4s']","['6h', '4h', '8h', '7s', '2s']",,,100,100
716,River,1,-3886,3886,CHECK,0,"['4d', '9s']","['8d', '4s']","['6h', '4h', '8h', '7s', '2s']",,,100,100
717,Pre-Flop,1,-3986,3986,RAISE,3,"['3h', 'Ah']","['As', '3s']","['6d', '7h']",,,1,1
717,Pre-Flop,0,-3986,3986,RAISE,95,"['3h', 'Ah']","['As', '3s']","['6d', '7h']",,,2,2
717,Pre-Flop,1,-3986,3986,CALL,0,"['3h', 'Ah']","['As', '3s']","['6d', '7h']",,,5,5
717,Pre-Flop,0,-3986,3986,CHECK,0,"['3h', 'Ah']","['As', '3s']","['6d', '7h']",,,100,100
717,Flop,1,-3986,3986,DISCARD,0,"['3h', 'Ah']","['As', '3s']","['6d', '7h', '6s']",,,100,100
717,Flop,1,-3986,3986,CHECK,0,"['3h', 'Ah']","['As', '8d']","['6d', '7h', '6s']",,3s,100,100
717,Flop,0,-3986,3986,CHECK,0,"['3h', 'Ah']","['As', '8d']","['6d', '7h', '6s']",,3s,100,100
717,Turn,1,-3986,3986,CHECK,0,"['3h', 'Ah']","['As', '8d']","['6d', '7h', '6s', '5d']",,3s,100,100
717,Turn,0,-3986,3986,CHECK,0,"['3h', 'Ah']","['As', '8d']","['6d', '7h', '6s', '5d']",,3s,100,100
717,River,1,-3986,3986,CHECK,0,"['3h', 'Ah']","['As', '8d']","['6d', '7h', '6s', '5d', '4h']",,3s,100,100
717,River,0,-3986,3986,CHECK,0,"['3h', 'Ah']","['As', '8d']","['6d', '7h', '6s', '5d', '4h']",,3s,100,100
718,Pre-Flop,0,-4086,4086,RAISE,98,"['2d', 'Ad']","['3d', '6h']","['6d', 'As']",,,1,1
718,Pre-Flop,1,-4086,4086,CALL,0,"['2d', 'Ad']","['3d', '6h']","['6d', 'As']",,,2,2
718,Flop,0,-4086,4086,CHECK,0,"['2d', 'Ad']","['3d', '6h']","['6d', 'As', '7h']",,,100,100
718,Flop,1,-4086,4086,DISCARD,0,"['2d', 'Ad']","['3d', '6h']","['6d', 'As', '7h']",,,100,100
718,Flop,1,-4086,4086,CHECK,0,"['2d', 'Ad']","['Ah', '6h']","['6d', 'As', '7h']",,3d,100,100
718,Turn,0,-4086,4086,CHECK,0,"['2d', 'Ad']","['Ah', '6h']","['6d', 'As', '7h', '5h']",,3d,100,100
718,Turn,1,-4086,4086,CHECK,0,"['2d', 'Ad']","['Ah', '6h']","['6d', 'As', '7h', '5h']",,3d,100,100
718,River,0,-4086,4086,CHECK,0,"['2d', 'Ad']","['Ah', '6h']","['6d', 'As', '7h', '5h', '6s']",,3d,100,100
718,River,1,-4086,4086,CHECK,0,"['2d', 'Ad']","['Ah', '6h']","['6d', 'As', '7h', '5h', '6s']",,3d,100,100
719,Pre-Flop,1,-4186,4186,RAISE,2,"['As', '9h']","['Ah', '8d']","['4d', '2h']",,,1,1
719,Pre-Flop,0,-4186,4186,RAISE,96,"['As', '9h']","['Ah', '8d']","['4d', '2h']",,,2,2
719,Pre-Flop,1,-4186,4186,CALL,0,"['As', '9h']","['Ah', '8d']","['4d', '2h']",,,4,4
719,Pre-Flop,0,-4186,4186,CHECK,0,"['As', '9h']","['Ah', '8d']","['4d', '2h']",,,100,100
719,Flop,1,-4186,4186,DISCARD,0,"['As', '9h']","['Ah', '8d']","['4d', '2h', '5h']",,,100,100
719,Flop,1,-4186,4186,CHECK,0,"['As', '9h']","['7s', '8d']","['4d', '2h', '5h']",,Ah,100,100
719,Flop,0,-4186,4186,CHECK,0,"['As', '9h']","['7s', '8d']","['4d', '2h', '5h']",,Ah,100,100
719,Turn,1,-4186,4186,CHECK,0,"['As', '9h']","['7s', '8d']","['4d', '2h', '5h', '3d']",,Ah,100,100
719,Turn,0,-4186,4186,CHECK,0,"['As', '9h']","['7s', '8d']","['4d', '2h', '5h', '3d']",,Ah,100,100
719,River,1,-4186,4186,CHECK,0,"['As', '9h']","['7s', '8d']","['4d', '2h', '5h', '3d', '6h']",,Ah,100,100
719,River,0,-4186,4186,CHECK,0,"['As', '9h']","['7s', '8d']","['4d', '2h', '5h', '3d', '6h']",,Ah,100,100
720,Pre-Flop,0,-4286,4286,RAISE,98,"['9d', '8d']","['7h', '4d']","['5d', 'As']",,,1,1
720,Pre-Flop,1,-4286,4286,CALL,0,"['9d', '8d']","['7h', '4d']","['5d', 'As']",,,2,2
720,Flop,0,-4286,4286,CHECK,0,"['9d', '8d']","['7h', '4d']","['5d', 'As', '2s']",,,100,100
720,Flop,1,-4286,4286,DISCARD,0,"['9d', '8d']","['7h', '4d']","['5d', 'As', '2s']",,,100,100
720,Flop,1,-4286,4286,CHECK,0,"['9d', '8d']","['7h', '5h']","['5d', 'As', '2s']",,4d,100,100
720,Turn,0,-4286,4286,CHECK,0,"['9d', '8d']","['7h', '5h']","['5d', 'As', '2s', '8s']",,4d,100,100
720,Turn,1,-4286,4286,CHECK,0,"['9d', '8d']","['7h', '5h']","['5d', 'As', '2s', '8s']",,4d,100,100
720,River,0,-4286,4286,CHECK,0,"['9d', '8d']","['7h', '5h']","['5d', 'As', '2s', '8s', '4s']",,4d,100,100
720,River,1,-4286,4286,CHECK,0,"['9d', '8d']","['7h', '5h']","['5d', 'As', '2s', '8s', '4s']",,4d,100,100
721,Pre-Flop,1,-4186,4186,DISCARD,0,"['5h', '5s']","['2s', '6h']","['3d', '7d']",,,1,1
721,Pre-Flop,1,-4186,4186,RAISE,2,"['5h', '5s']","['2s', 'Ah']","['3d', '7d']",,6h,1,1
721,Pre-Flop,0,-4186,4186,RAISE,96,"['5h', '5s']","['2s', 'Ah']","['3d', '7d']",,6h,2,2
721,Pre-Flop,1,-4186,4186,CALL,0,"['5h', '5s']","['2s', 'Ah']","['3d', '7d']",,6h,4,4
721,Pre-Flop,0,-4186,4186,CHECK,0,"['5h', '5s']","['2s', 'Ah']","['3d', '7d']",,6h,100,100
721,Flop,1,-4186,4186,CHECK,0,"['5h', '5s']","['2s', 'Ah']","['3d', '7d', '9d']",,6h,100,100
721,Flop,0,-4186,4186,CHECK,0,"['5h', '5s']","['2s', 'Ah']","['3d', '7d', '9d']",,6h,100,100
721,Turn,1,-4186,4186,CHECK,0,"['5h', '5s']","['2s', 'Ah']","['3d', '7d', '9d', 'As']",,6h,100,100
721,Turn,0,-4186,4186,CHECK,0,"['5h', '5s']","['2s', 'Ah']","['3d', '7d', '9d', 'As']",,6h,100,100
721,River,1,-4186,4186,CHECK,0,"['5h', '5s']","['2s', 'Ah']","['3d', '7d', '9d', 'As', '8d']",,6h,100,100
721,River,0,-4186,4186,CHECK,0,"['5h', '5s']","['2s', 'Ah']","['3d', '7d', '9d', 'As', '8d']",,6h,100,100
722,Pre-Flop,0,-4286,4286,RAISE,98,"['9h', '5s']","['8d', '4d']","['6h', '7d']",,,1,1
722,Pre-Flop,1,-4286,4286,CALL,0,"['9h', '5s']","['8d', '4d']","['6h', '7d']",,,2,2
722,Flop,0,-4286,4286,CHECK,0,"['9h', '5s']","['8d', '4d']","['6h', '7d', '8h']",,,100,100
722,Flop,1,-4286,4286,DISCARD,0,"['9h', '5s']","['8d', '4d']","['6h', '7d', '8h']",,,100,100
722,Flop,1,-4286,4286,CHECK,0,"['9h', '5s']","['8d', '2d']","['6h', '7d', '8h']",,4d,100,100
722,Turn,0,-4286,4286,CHECK,0,"['9h', '5s']","['8d', '2d']","['6h', '7d', '8h', '6d']",,4d,100,100
722,Turn,1,-4286,4286,CHECK,0,"['9h', '5s']","['8d', '2d']","['6h', '7d', '8h', '6d']",,4d,100,100
722,River,0,-4286,4286,CHECK,0,"['9h', '5s']","['8d', '2d']","['6h', '7d', '8h', '6d', '3h']",,4d,100,100
722,River,1,-4286,4286,CHECK,0,"['9h', '5s']","['8d', '2d']","['6h', '7d', '8h', '6d', '3h']",,4d,100,100
723,Pre-Flop,1,-4186,4186,RAISE,2,"['8h', '6h']","['Ah', '7d']","['6s', '4d']",,,1,1
723,Pre-Flop,0,-4186,4186,RAISE,96,"['8h', '6h']","['Ah', '7d']","['6s', '4d']",,,2,2
723,Pre-Flop,1,-4186,4186,CALL,0,"['8h', '6h']","['Ah', '7d']","['6s', '4d']",,,4,4
723,Pre-Flop,0,-4186,4186,CHECK,0,"['8h', '6h']","['Ah', '7d']","['6s', '4d']",,,100,100
723,Flop,1,-4186,4186,DISCARD,0,"['8h', '6h']","['Ah', '7d']","['6s', '4d', '9s']",,,100,100
723,Flop,1,-4186,4186,CHECK,0,"['8h', '6h']","['Ah', '3d']","['6s', '4d', '9s']",,7d,100,100
723,Flop,0,-4186,4186,CHECK,0,"['8h', '6h']","['Ah', '3d']","['6s', '4d', '9s']",,7d,100,100
723,Turn,1,-4186,4186,CHECK,0,"['8h', '6h']","['Ah', '3d']","['6s', '4d', '9s', '6d']",,7d,100,100
723,Turn,0,-4186,4186,CHECK,0,"['8h', '6h']","['Ah', '3d']","['6s', '4d', '9s', '6d']",,7d,100,100
723,River,1,-4186,4186,CHECK,0,"['8h', '6h']","['Ah', '3d']","['6s', '4d', '9s', '6d', '5s']",,7d,100,100
723,River,0,-4186,4186,CHECK,0,"['8h', '6h']","['Ah', '3d']","['6s', '4d', '9s', '6d', '5s']",,7d,100,100
724,Pre-Flop,0,-4086,4086,RAISE,98,"['7s', '7d']","['2h', '9s']","['Ah', '2d']",,,1,1
724,Pre-Flop,1,-4086,4086,CALL,0,"['7s', '7d']","['2h', '9s']","['Ah', '2d']",,,2,2
724,Flop,0,-4086,4086,CHECK,0,"['7s', '7d']","['2h', '9s']","['Ah', '2d', '3s']",,,100,100
724,Flop,1,-4086,4086,DISCARD,0,"['7s', '7d']","['2h', '9s']","['Ah', '2d', '3s']",,,100,100
724,Flop,1,-4086,4086,CHECK,0,"['7s', '7d']","['8d', '9s']","['Ah', '2d', '3s']",,2h,100,100
724,Turn,0,-4086,4086,CHECK,0,"['7s', '7d']","['8d', '9s']","['Ah', '2d', '3s', 'Ad']",,2h,100,100
724,Turn,1,-4086,4086,CHECK,0,"['7s', '7d']","['8d', '9s']","['Ah', '2d', '3s', 'Ad']",,2h,100,100
724,River,0,-4086,4086,CHECK,0,"['7s', '7d']","['8d', '9s']","['Ah', '2d', '3s', 'Ad', '9h']",,2h,100,100
724,River,1,-4086,4086,CHECK,0,"['7s', '7d']","['8d', '9s']","['Ah', '2d', '3s', 'Ad', '9h']",,2h,100,100
725,Pre-Flop,1,-4186,4186,RAISE,2,"['5h', '2s']","['5d', 'As']","['3d', 'Ad']",,,1,1
725,Pre-Flop,0,-4186,4186,RAISE,96,"['5h', '2s']","['5d', 'As']","['3d', 'Ad']",,,2,2
725,Pre-Flop,1,-4186,4186,CALL,0,"['5h', '2s']","['5d', 'As']","['3d', 'Ad']",,,4,4
725,Pre-Flop,0,-4186,4186,CHECK,0,"['5h', '2s']","['5d', 'As']","['3d', 'Ad']",,,100,100
725,Flop,1,-4186,4186,CHECK,0,"['5h', '2s']","['5d', 'As']","['3d', 'Ad', '4h']",,,100,100
725,Flop,0,-4186,4186,CHECK,0,"['5h', '2s']","['5d', 'As']","['3d', 'Ad', '4h']",,,100,100
725,Turn,1,-4186,4186,CHECK,0,"['5h', '2s']","['5d', 'As']","['3d', 'Ad', '4h', '7s']",,,100,100
725,Turn,0,-4186,4186,CHECK,0,"['5h', '2s']","['5d', 'As']","['3d', 'Ad', '4h', '7s']",,,100,100
725,River,1,-4186,4186,CHECK,0,"['5h', '2s']","['5d', 'As']","['3d', 'Ad', '4h', '7s', '7d']",,,100,100
725,River,0,-4186,4186,CHECK,0,"['5h', '2s']","['5d', 'As']","['3d', 'Ad', '4h', '7s', '7d']",,,100,100
726,Pre-Flop,0,-4086,4086,RAISE,98,"['4h', '7d']","['9s', '6s']","['3s', '8d']",,,1,1
726,Pre-Flop,1,-4086,4086,CALL,0,"['4h', '7d']","['9s', '6s']","['3s', '8d']",,,2,2
726,Flop,0,-4086,4086,CHECK,0,"['4h', '7d']","['9s', '6s']","['3s', '8d', '5s']",,,100,100
726,Flop,1,-4086,4086,DISCARD,0,"['4h', '7d']","['9s', '6s']","['3s', '8d', '5s']",,,100,100
726,Flop,1,-4086,4086,CHECK,0,"['4h', '7d']","['3d', '6s']","['3s', '8d', '5s']",,9s,100,100
726,Turn,0,-4086,4086,CHECK,0,"['4h', '7d']","['3d', '6s']","['3s', '8d', '5s', '2s']",,9s,100,100
726,Turn,1,-4086,4086,CHECK,0,"['4h', '7d']","['3d', '6s']","['3s', '8d', '5s', '2s']",,9s,100,100
726,River,0,-4086,4086,CHECK,0,"['4h', '7d']","['3d', '6s']","['3s', '8d', '5s', '2s', '4s']",,9s,100,100
726,River,1,-4086,4086,CHECK,0,"['4h', '7d']","['3d', '6s']","['3s', '8d', '5s', '2s', '4s']",,9s,100,100
727,Pre-Flop,1,-4186,4186,RAISE,2,"['4d', '8h']","['8d', '5d']","['Ad', '2d']",,,1,1
727,Pre-Flop,0,-4186,4186,RAISE,96,"['4d', '8h']","['8d', '5d']","['Ad', '2d']",,,2,2
727,Pre-Flop,1,-4186,4186,CALL,0,"['4d', '8h']","['8d', '5d']","['Ad', '2d']",,,4,4
727,Pre-Flop,0,-4186,4186,CHECK,0,"['4d', '8h']","['8d', '5d']","['Ad', '2d']",,,100,100
727,Flop,1,-4186,4186,DISCARD,0,"['4d', '8h']","['8d', '5d']","['Ad', '2d', '9s']",,,100,100
727,Flop,1,-4186,4186,CHECK,0,"['4d', '8h']","['7s', '5d']","['Ad', '2d', '9s']",,8d,100,100
727,Flop,0,-4186,4186,CHECK,0,"['4d', '8h']","['7s', '5d']","['Ad', '2d', '9s']",,8d,100,100
727,Turn,1,-4186,4186,CHECK,0,"['4d', '8h']","['7s', '5d']","['Ad', '2d', '9s', '3d']",,8d,100,100
727,Turn,0,-4186,4186,CHECK,0,"['4d', '8h']","['7s', '5d']","['Ad', '2d', '9s', '3d']",,8d,100,100
727,River,1,-4186,4186,CHECK,0,"['4d', '8h']","['7s', '5d']","['Ad', '2d', '9s', '3d', '5s']",,8d,100,100
727,River,0,-4186,4186,CHECK,0,"['4d', '8h']","['7s', '5d']","['Ad', '2d', '9s', '3d', '5s']",,8d,100,100
728,Pre-Flop,0,-4086,4086,RAISE,98,"['7s', '3h']","['Ah', '9h']","['2d', '5d']",,,1,1
728,Pre-Flop,1,-4086,4086,CALL,0,"['7s', '3h']","['Ah', '9h']","['2d', '5d']",,,2,2
728,Flop,0,-4086,4086,CHECK,0,"['7s', '3h']","['Ah', '9h']","['2d', '5d', '3s']",,,100,100
728,Flop,1,-4086,4086,CHECK,0,"['7s', '3h']","['Ah', '9h']","['2d', '5d', '3s']",,,100,100
728,Turn,0,-4086,4086,CHECK,0,"['7s', '3h']","['Ah', '9h']","['2d', '5d', '3s', '9d']",,,100,100
728,Turn,1,-4086,4086,CHECK,0,"['7s', '3h']","['Ah', '9h']","['2d', '5d', '3s', '9d']",,,100,100
728,River,0,-4086,4086,CHECK,0,"['7s', '3h']","['Ah', '9h']","['2d', '5d', '3s', '9d', 'As']",,,100,100
728,River,1,-4086,4086,CHECK,0,"['7s', '3h']","['Ah', '9h']","['2d', '5d', '3s', '9d', 'As']",,,100,100
729,Pre-Flop,1,-4186,4186,RAISE,2,"['7s', 'Ad']","['7h', '2h']","['5s', 'As']",,,1,1
729,Pre-Flop,0,-4186,4186,RAISE,96,"['7s', 'Ad']","['7h', '2h']","['5s', 'As']",,,2,2
729,Pre-Flop,1,-4186,4186,DISCARD,0,"['7s', 'Ad']","['7h', '2h']","['5s', 'As']",,,4,4
729,Pre-Flop,1,-4186,4186,CALL,0,"['7s', 'Ad']","['7h', 'Ah']","['5s', 'As']",,2h,4,4
729,Pre-Flop,0,-4186,4186,CHECK,0,"['7s', 'Ad']","['7h', 'Ah']","['5s', 'As']",,2h,100,100
729,Flop,1,-4186,4186,CHECK,0,"['7s', 'Ad']","['7h', 'Ah']","['5s', 'As', '8h']",,2h,100,100
729,Flop,0,-4186,4186,CHECK,0,"['7s', 'Ad']","['7h', 'Ah']","['5s', 'As', '8h']",,2h,100,100
729,Turn,1,-4186,4186,CHECK,0,"['7s', 'Ad']","['7h', 'Ah']","['5s', 'As', '8h', '3s']",,2h,100,100
729,Turn,0,-4186,4186,CHECK,0,"['7s', 'Ad']","['7h', 'Ah']","['5s', 'As', '8h', '3s']",,2h,100,100
729,River,1,-4186,4186,CHECK,0,"['7s', 'Ad']","['7h', 'Ah']","['5s', 'As', '8h', '3s', '8d']",,2h,100,100
729,River,0,-4186,4186,CHECK,0,"['7s', 'Ad']","['7h', 'Ah']","['5s', 'As', '8h', '3s', '8d']",,2h,100,100
730,Pre-Flop,0,-4186,4186,RAISE,98,"['8d', '7h']","['2d', '8h']","['7d', '4d']",,,1,1
730,Pre-Flop,1,-4186,4186,CALL,0,"['8d', '7h']","['2d', '8h']","['7d', '4d']",,,2,2
730,Flop,0,-4186,4186,CHECK,0,"['8d', '7h']","['2d', '8h']","['7d', '4d', '7s']",,,100,100
730,Flop,1,-4186,4186,DISCARD,0,"['8d', '7h']","['2d', '8h']","['7d', '4d', '7s']",,,100,100
730,Flop,1,-4186,4186,CHECK,0,"['8d', '7h']","['2d', '5s']","['7d', '4d', '7s']",,8h,100,100
730,Turn,0,-4186,4186,CHECK,0,"['8d', '7h']","['2d', '5s']","['7d', '4d', '7s', '3d']",,8h,100,100
730,Turn,1,-4186,4186,CHECK,0,"['8d', '7h']","['2d', '5s']","['7d', '4d', '7s', '3d']",,8h,100,100
730,River,0,-4186,4186,CHECK,0,"['8d', '7h']","['2d', '5s']","['7d', '4d', '7s', '3d', '6d']",,8h,100,100
730,River,1,-4186,4186,CHECK,0,"['8d', '7h']","['2d', '5s']","['7d', '4d', '7s', '3d', '6d']",,8h,100,100
731,Pre-Flop,1,-4086,4086,RAISE,2,"['Ah', '8h']","['9d', '4h']","['4d', '6s']",,,1,1
731,Pre-Flop,0,-4086,4086,RAISE,96,"['Ah', '8h']","['9d', '4h']","['4d', '6s']",,,2,2
731,Pre-Flop,1,-4086,4086,DISCARD,0,"['Ah', '8h']","['9d', '4h']","['4d', '6s']",,,4,4
731,Pre-Flop,1,-4086,4086,CALL,0,"['Ah', '8h']","['6d', '4h']","['4d', '6s']",,9d,4,4
731,Pre-Flop,0,-4086,4086,CHECK,0,"['Ah', '8h']","['6d', '4h']","['4d', '6s']",,9d,100,100
731,Flop,1,-4086,4086,CHECK,0,"['Ah', '8h']","['6d', '4h']","['4d', '6s', '2s']",,9d,100,100
731,Flop,0,-4086,4086,CHECK,0,"['Ah', '8h']","['6d', '4h']","['4d', '6s', '2s']",,9d,100,100
731,Turn,1,-4086,4086,CHECK,0,"['Ah', '8h']","['6d', '4h']","['4d', '6s', '2s', '4s']",,9d,100,100
731,Turn,0,-4086,4086,CHECK,0,"['Ah', '8h']","['6d', '4h']","['4d', '6s', '2s', '4s']",,9d,100,100
731,River,1,-4086,4086,CHECK,0,"['Ah', '8h']","['6d', '4h']","['4d', '6s', '2s', '4s', '7s']",,9d,100,100
731,River,0,-4086,4086,CHECK,0,"['Ah', '8h']","['6d', '4h']","['4d', '6s', '2s', '4s', '7s']",,9d,100,100
732,Pre-Flop,0,-4186,4186,RAISE,98,"['4d', 'Ad']","['9s', 'Ah']","['6h', '4h']",,,1,1
732,Pre-Flop,1,-4186,4186,CALL,0,"['4d', 'Ad']","['9s', 'Ah']","['6h', '4h']",,,2,2
732,Flop,0,-4186,4186,CHECK,0,"['4d', 'Ad']","['9s', 'Ah']","['6h', '4h', '7d']",,,100,100
732,Flop,1,-4186,4186,DISCARD,0,"['4d', 'Ad']","['9s', 'Ah']","['6h', '4h', '7d']",,,100,100
732,Flop,1,-4186,4186,CHECK,0,"['4d', 'Ad']","['5h', 'Ah']","['6h', '4h', '7d']",,9s,100,100
732,Turn,0,-4186,4186,CHECK,0,"['4d', 'Ad']","['5h', 'Ah']","['6h', '4h', '7d', '8d']",,9s,100,100
732,Turn,1,-4186,4186,CHECK,0,"['4d', 'Ad']","['5h', 'Ah']","['6h', '4h', '7d', '8d']",,9s,100,100
732,River,0,-4186,4186,CHECK,0,"['4d', 'Ad']","['5h', 'Ah']","['6h', '4h', '7d', '8d', '9d']",,9s,100,100
732,River,1,-4186,4186,CHECK,0,"['4d', 'Ad']","['5h', 'Ah']","['6h', '4h', '7d', '8d', '9d']",,9s,100,100
733,Pre-Flop,1,-4086,4086,RAISE,2,"['4s', '6d']","['5h', '5d']","['7s', '7d']",,,1,1
733,Pre-Flop,0,-4086,4086,RAISE,96,"['4s', '6d']","['5h', '5d']","['7s', '7d']",,,2,2
733,Pre-Flop,1,-4086,4086,CALL,0,"['4s', '6d']","['5h', '5d']","['7s', '7d']",,,4,4
733,Pre-Flop,0,-4086,4086,CHECK,0,"['4s', '6d']","['5h', '5d']","['7s', '7d']",,,100,100
733,Flop,1,-4086,4086,DISCARD,0,"['4s', '6d']","['5h', '5d']","['7s', '7d', '8d']",,,100,100
733,Flop,1,-4086,4086,CHECK,0,"['4s', '6d']","['6h', '5d']","['7s', '7d', '8d']",,5h,100,100
733,Flop,0,-4086,4086,CHECK,0,"['4s', '6d']","['6h', '5d']","['7s', '7d', '8d']",,5h,100,100
733,Turn,1,-4086,4086,CHECK,0,"['4s', '6d']","['6h', '5d']","['7s', '7d', '8d', '7h']",,5h,100,100
733,Turn,0,-4086,4086,CHECK,0,"['4s', '6d']","['6h', '5d']","['7s', '7d', '8d', '7h']",,5h,100,100
733,River,1,-4086,4086,CHECK,0,"['4s', '6d']","['6h', '5d']","['7s', '7d', '8d', '7h', '9d']",,5h,100,100
733,River,0,-4086,4086,CHECK,0,"['4s', '6d']","['6h', '5d']","['7s', '7d', '8d', '7h', '9d']",,5h,100,100
734,Pre-Flop,0,-4186,4186,RAISE,98,"['7d', '6s']","['4s', '2d']","['2s', '2h']",,,1,1
734,Pre-Flop,1,-4186,4186,DISCARD,0,"['7d', '6s']","['4s', '2d']","['2s', '2h']",,,2,2
734,Pre-Flop,1,-4186,4186,CALL,0,"['7d', '6s']","['4s', '5h']","['2s', '2h']",,2d,2,2
734,Flop,0,-4186,4186,CHECK,0,"['7d', '6s']","['4s', '5h']","['2s', '2h', '8d']",,2d,100,100
734,Flop,1,-4186,4186,CHECK,0,"['7d', '6s']","['4s', '5h']","['2s', '2h', '8d']",,2d,100,100
734,Turn,0,-4186,4186,CHECK,0,"['7d', '6s']","['4s', '5h']","['2s', '2h', '8d', '8h']",,2d,100,100
734,Turn,1,-4186,4186,CHECK,0,"['7d', '6s']","['4s', '5h']","['2s', '2h', '8d', '8h']",,2d,100,100
734,River,0,-4186,4186,CHECK,0,"['7d', '6s']","['4s', '5h']","['2s', '2h', '8d', '8h', '3s']",,2d,100,100
734,River,1,-4186,4186,CHECK,0,"['7d', '6s']","['4s', '5h']","['2s', '2h', '8d', '8h', '3s']",,2d,100,100
735,Pre-Flop,1,-4086,4086,DISCARD,0,"['2h', '5d']","['6d', '3d']","['9d', '7s']",,,1,1
735,Pre-Flop,1,-4086,4086,RAISE,2,"['2h', '5d']","['6d', '9h']","['9d', '7s']",,3d,1,1
735,Pre-Flop,0,-4086,4086,RAISE,96,"['2h', '5d']","['6d', '9h']","['9d', '7s']",,3d,2,2
735,Pre-Flop,1,-4086,4086,CALL,0,"['2h', '5d']","['6d', '9h']","['9d', '7s']",,3d,4,4
735,Pre-Flop,0,-4086,4086,CHECK,0,"['2h', '5d']","['6d', '9h']","['9d', '7s']",,3d,100,100
735,Flop,1,-4086,4086,CHECK,0,"['2h', '5d']","['6d', '9h']","['9d', '7s', '8d']",,3d,100,100
735,Flop,0,-4086,4086,CHECK,0,"['2h', '5d']","['6d', '9h']","['9d', '7s', '8d']",,3d,100,100
735,Turn,1,-4086,4086,CHECK,0,"['2h', '5d']","['6d', '9h']","['9d', '7s', '8d', '6h']",,3d,100,100
735,Turn,0,-4086,4086,CHECK,0,"['2h', '5d']","['6d', '9h']","['9d', '7s', '8d', '6h']",,3d,100,100
735,River,1,-4086,4086,CHECK,0,"['2h', '5d']","['6d', '9h']","['9d', '7s', '8d', '6h', '7d']",,3d,100,100
735,River,0,-4086,4086,CHECK,0,"['2h', '5d']","['6d', '9h']","['9d', '7s', '8d', '6h', '7d']",,3d,100,100
736,Pre-Flop,0,-3986,3986,RAISE,98,"['2h', '8d']","['4d', '3s']","['3h', '7d']",,,1,1
736,Pre-Flop,1,-3986,3986,CALL,0,"['2h', '8d']","['4d', '3s']","['3h', '7d']",,,2,2
736,Flop,0,-3986,3986,CHECK,0,"['2h', '8d']","['4d', '3s']","['3h', '7d', '6d']",,,100,100
736,Flop,1,-3986,3986,DISCARD,0,"['2h', '8d']","['4d', '3s']","['3h', '7d', '6d']",,,100,100
736,Flop,1,-3986,3986,CHECK,0,"['2h', '8d']","['4d', '8h']","['3h', '7d', '6d']",,3s,100,100
736,Turn,0,-3986,3986,CHECK,0,"['2h', '8d']","['4d', '8h']","['3h', '7d', '6d', '6h']",,3s,100,100
736,Turn,1,-3986,3986,CHECK,0,"['2h', '8d']","['4d', '8h']","['3h', '7d', '6d', '6h']",,3s,100,100
736,River,0,-3986,3986,CHECK,0,"['2h', '8d']","['4d', '8h']","['3h', '7d', '6d', '6h', '2d']",,3s,100,100
736,River,1,-3986,3986,CHECK,0,"['2h', '8d']","['4d', '8h']","['3h', '7d', '6d', '6h', '2d']",,3s,100,100
737,Pre-Flop,1,-3886,3886,RAISE,3,"['3h', '9h']","['2s', '3s']","['Ah', '8h']",,,1,1
737,Pre-Flop,0,-3886,3886,RAISE,95,"['3h', '9h']","['2s', '3s']","['Ah', '8h']",,,2,2
737,Pre-Flop,1,-3886,3886,CALL,0,"['3h', '9h']","['2s', '3s']","['Ah', '8h']",,,5,5
737,Pre-Flop,0,-3886,3886,CHECK,0,"['3h', '9h']","['2s', '3s']","['Ah', '8h']",,,100,100
737,Flop,1,-3886,3886,CHECK,0,"['3h', '9h']","['2s', '3s']","['Ah', '8h', '6h']",,,100,100
737,Flop,0,-3886,3886,CHECK,0,"['3h', '9h']","['2s', '3s']","['Ah', '8h', '6h']",,,100,100
737,Turn,1,-3886,3886,CHECK,0,"['3h', '9h']","['2s', '3s']","['Ah', '8h', '6h', '5h']",,,100,100
737,Turn,0,-3886,3886,CHECK,0,"['3h', '9h']","['2s', '3s']","['Ah', '8h', '6h', '5h']",,,100,100
737,River,1,-3886,3886,CHECK,0,"['3h', '9h']","['2s', '3s']","['Ah', '8h', '6h', '5h', '5d']",,,100,100
737,River,0,-3886,3886,CHECK,0,"['3h', '9h']","['2s', '3s']","['Ah', '8h', '6h', '5h', '5d']",,,100,100
738,Pre-Flop,0,-3786,3786,RAISE,98,"['5h', '8d']","['9d', '6h']","['7s', '2h']",,,1,1
738,Pre-Flop,1,-3786,3786,DISCARD,0,"['5h', '8d']","['9d', '6h']","['7s', '2h']",,,2,2
738,Pre-Flop,1,-3786,3786,CALL,0,"['5h', '8d']","['2d', '6h']","['7s', '2h']",,9d,2,2
738,Flop,0,-3786,3786,CHECK,0,"['5h', '8d']","['2d', '6h']","['7s', '2h', '8s']",,9d,100,100
738,Flop,1,-3786,3786,CHECK,0,"['5h', '8d']","['2d', '6h']","['7s', '2h', '8s']",,9d,100,100
738,Turn,0,-3786,3786,CHECK,0,"['5h', '8d']","['2d', '6h']","['7s', '2h', '8s', 'As']",,9d,100,100
738,Turn,1,-3786,3786,CHECK,0,"['5h', '8d']","['2d', '6h']","['7s', '2h', '8s', 'As']",,9d,100,100
738,River,0,-3786,3786,CHECK,0,"['5h', '8d']","['2d', '6h']","['7s', '2h', '8s', 'As', '5s']",,9d,100,100
738,River,1,-3786,3786,CHECK,0,"['5h', '8d']","['2d', '6h']","['7s', '2h', '8s', 'As', '5s']",,9d,100,100
739,Pre-Flop,1,-3686,3686,RAISE,2,"['Ad', '3s']","['5h', '6s']","['7d', '5d']",,,1,1
739,Pre-Flop,0,-3686,3686,RAISE,96,"['Ad', '3s']","['5h', '6s']","['7d', '5d']",,,2,2
739,Pre-Flop,1,-3686,3686,CALL,0,"['Ad', '3s']","['5h', '6s']","['7d', '5d']",,,4,4
739,Pre-Flop,0,-3686,3686,CHECK,0,"['Ad', '3s']","['5h', '6s']","['7d', '5d']",,,100,100
739,Flop,1,-3686,3686,DISCARD,0,"['Ad', '3s']","['5h', '6s']","['7d', '5d', '9s']",,,100,100
739,Flop,1,-3686,3686,CHECK,0,"['Ad', '3s']","['8d', '6s']","['7d', '5d', '9s']",,5h,100,100
739,Flop,0,-3686,3686,CHECK,0,"['Ad', '3s']","['8d', '6s']","['7d', '5d', '9s']",,5h,100,100
739,Turn,1,-3686,3686,CHECK,0,"['Ad', '3s']","['8d', '6s']","['7d', '5d', '9s', '2h']",,5h,100,100
739,Turn,0,-3686,3686,CHECK,0,"['Ad', '3s']","['8d', '6s']","['7d', '5d', '9s', '2h']",,5h,100,100
739,River,1,-3686,3686,CHECK,0,"['Ad', '3s']","['8d', '6s']","['7d', '5d', '9s', '2h', '8h']",,5h,100,100
739,River,0,-3686,3686,CHECK,0,"['Ad', '3s']","['8d', '6s']","['7d', '5d', '9s', '2h', '8h']",,5h,100,100
740,Pre-Flop,0,-3786,3786,RAISE,98,"['5s', '7d']","['8s', '2s']","['9s', '5h']",,,1,1
740,Pre-Flop,1,-3786,3786,CALL,0,"['5s', '7d']","['8s', '2s']","['9s', '5h']",,,2,2
740,Flop,0,-3786,3786,CHECK,0,"['5s', '7d']","['8s', '2s']","['9s', '5h', '4d']",,,100,100
740,Flop,1,-3786,3786,DISCARD,0,"['5s', '7d']","['8s', '2s']","['9s', '5h', '4d']",,,100,100
740,Flop,1,-3786,3786,CHECK,0,"['5s', '7d']","['8s', '6h']","['9s', '5h', '4d']",,2s,100,100
740,Turn,0,-3786,3786,CHECK,0,"['5s', '7d']","['8s', '6h']","['9s', '5h', '4d', '2d']",,2s,100,100
740,Turn,1,-3786,3786,CHECK,0,"['5s', '7d']","['8s', '6h']","['9s', '5h', '4d', '2d']",,2s,100,100
740,River,0,-3786,3786,CHECK,0,"['5s', '7d']","['8s', '6h']","['9s', '5h', '4d', '2d', '9d']",,2s,100,100
740,River,1,-3786,3786,CHECK,0,"['5s', '7d']","['8s', '6h']","['9s', '5h', '4d', '2d', '9d']",,2s,100,100
741,Pre-Flop,1,-3686,3686,RAISE,3,"['7s', '8s']","['9s', '3h']","['8d', '5s']",,,1,1
741,Pre-Flop,0,-3686,3686,RAISE,95,"['7s', '8s']","['9s', '3h']","['8d', '5s']",,,2,2
741,Pre-Flop,1,-3686,3686,DISCARD,0,"['7s', '8s']","['9s', '3h']","['8d', '5s']",,,5,5
741,Pre-Flop,1,-3686,3686,CALL,0,"['7s', '8s']","['9s', 'Ah']","['8d', '5s']",,3h,5,5
741,Pre-Flop,0,-3686,3686,CHECK,0,"['7s', '8s']","['9s', 'Ah']","['8d', '5s']",,3h,100,100
741,Flop,1,-3686,3686,CHECK,0,"['7s', '8s']","['9s', 'Ah']","['8d', '5s', '7d']",,3h,100,100
741,Flop,0,-3686,3686,CHECK,0,"['7s', '8s']","['9s', 'Ah']","['8d', '5s', '7d']",,3h,100,100
741,Turn,1,-3686,3686,CHECK,0,"['7s', '8s']","['9s', 'Ah']","['8d', '5s', '7d', '6s']",,3h,100,100
741,Turn,0,-3686,3686,CHECK,0,"['7s', '8s']","['9s', 'Ah']","['8d', '5s', '7d', '6s']",,3h,100,100
741,River,1,-3686,3686,CHECK,0,"['7s', '8s']","['9s', 'Ah']","['8d', '5s', '7d', '6s', '8h']",,3h,100,100
741,River,0,-3686,3686,CHECK,0,"['7s', '8s']","['9s', 'Ah']","['8d', '5s', '7d', '6s', '8h']",,3h,100,100
742,Pre-Flop,0,-3586,3586,RAISE,98,"['5h', 'As']","['3h', '2d']","['2s', '9s']",,,1,1
742,Pre-Flop,1,-3586,3586,DISCARD,0,"['5h', 'As']","['3h', '2d']","['2s', '9s']",,,2,2
742,Pre-Flop,1,-3586,3586,FOLD,0,"['5h', 'As']","['3h', '7d']","['2s', '9s']",,2d,2,2
743,Pre-Flop,1,-3584,3584,RAISE,2,"['2h', '7d']","['8d', '5s']","['9s', '7h']",,,1,1
743,Pre-Flop,0,-3584,3584,RAISE,96,"['2h', '7d']","['8d', '5s']","['9s', '7h']",,,2,2
743,Pre-Flop,1,-3584,3584,DISCARD,0,"['2h', '7d']","['8d', '5s']","['9s', '7h']",,,4,4
743,Pre-Flop,1,-3584,3584,CALL,0,"['2h', '7d']","['3d', '5s']","['9s', '7h']",,8d,4,4
743,Pre-Flop,0,-3584,3584,CHECK,0,"['2h', '7d']","['3d', '5s']","['9s', '7h']",,8d,100,100
743,Flop,1,-3584,3584,CHECK,0,"['2h', '7d']","['3d', '5s']","['9s', '7h', '6h']",,8d,100,100
743,Flop,0,-3584,3584,CHECK,0,"['2h', '7d']","['3d', '5s']","['9s', '7h', '6h']",,8d,100,100
743,Turn,1,-3584,3584,CHECK,0,"['2h', '7d']","['3d', '5s']","['9s', '7h', '6h', 'As']",,8d,100,100
743,Turn,0,-3584,3584,CHECK,0,"['2h', '7d']","['3d', '5s']","['9s', '7h', '6h', 'As']",,8d,100,100
743,River,1,-3584,3584,CHECK,0,"['2h', '7d']","['3d', '5s']","['9s', '7h', '6h', 'As', 'Ah']",,8d,100,100
743,River,0,-3584,3584,CHECK,0,"['2h', '7d']","['3d', '5s']","['9s', '7h', '6h', 'As', 'Ah']",,8d,100,100
744,Pre-Flop,0,-3484,3484,RAISE,98,"['As', '6d']","['2d', '8s']","['3s', '4d']",,,1,1
744,Pre-Flop,1,-3484,3484,CALL,0,"['As', '6d']","['2d', '8s']","['3s', '4d']",,,2,2
744,Flop,0,-3484,3484,CHECK,0,"['As', '6d']","['2d', '8s']","['3s', '4d', '9s']",,,100,100
744,Flop,1,-3484,3484,CHECK,0,"['As', '6d']","['2d', '8s']","['3s', '4d', '9s']",,,100,100
744,Turn,0,-3484,3484,CHECK,0,"['As', '6d']","['2d', '8s']","['3s', '4d', '9s', 'Ad']",,,100,100
744,Turn,1,-3484,3484,CHECK,0,"['As', '6d']","['2d', '8s']","['3s', '4d', '9s', 'Ad']",,,100,100
744,River,0,-3484,3484,CHECK,0,"['As', '6d']","['2d', '8s']","['3s', '4d', '9s', 'Ad', '7s']",,,100,100
744,River,1,-3484,3484,CHECK,0,"['As', '6d']","['2d', '8s']","['3s', '4d', '9s', 'Ad', '7s']",,,100,100
745,Pre-Flop,1,-3384,3384,RAISE,2,"['3h', '9s']","['5d', '8h']","['As', '9h']",,,1,1
745,Pre-Flop,0,-3384,3384,RAISE,96,"['3h', '9s']","['5d', '8h']","['As', '9h']",,,2,2
745,Pre-Flop,1,-3384,3384,CALL,0,"['3h', '9s']","['5d', '8h']","['As', '9h']",,,4,4
745,Pre-Flop,0,-3384,3384,CHECK,0,"['3h', '9s']","['5d', '8h']","['As', '9h']",,,100,100
745,Flop,1,-3384,3384,DISCARD,0,"['3h', '9s']","['5d', '8h']","['As', '9h', '6h']",,,100,100
745,Flop,1,-3384,3384,CHECK,0,"['3h', '9s']","['4d', '8h']","['As', '9h', '6h']",,5d,100,100
745,Flop,0,-3384,3384,CHECK,0,"['3h', '9s']","['4d', '8h']","['As', '9h', '6h']",,5d,100,100
745,Turn,1,-3384,3384,CHECK,0,"['3h', '9s']","['4d', '8h']","['As', '9h', '6h', '7h']",,5d,100,100
745,Turn,0,-3384,3384,CHECK,0,"['3h', '9s']","['4d', '8h']","['As', '9h', '6h', '7h']",,5d,100,100
745,River,1,-3384,3384,CHECK,0,"['3h', '9s']","['4d', '8h']","['As', '9h', '6h', '7h', '6s']",,5d,100,100
745,River,0,-3384,3384,CHECK,0,"['3h', '9s']","['4d', '8h']","['As', '9h', '6h', '7h', '6s']",,5d,100,100
746,Pre-Flop,0,-3484,3484,RAISE,98,"['Ah', '7s']","['2h', '7d']","['9h', '5h']",,,1,1
746,Pre-Flop,1,-3484,3484,CALL,0,"['Ah', '7s']","['2h', '7d']","['9h', '5h']",,,2,2
746,Flop,0,-3484,3484,CHECK,0,"['Ah', '7s']","['2h', '7d']","['9h', '5h', '2s']",,,100,100
746,Flop,1,-3484,3484,DISCARD,0,"['Ah', '7s']","['2h', '7d']","['9h', '5h', '2s']",,,100,100
746,Flop,1,-3484,3484,CHECK,0,"['Ah', '7s']","['2h', '2d']","['9h', '5h', '2s']",,7d,100,100
746,Turn,0,-3484,3484,CHECK,0,"['Ah', '7s']","['2h', '2d']","['9h', '5h', '2s', '4h']",,7d,100,100
746,Turn,1,-3484,3484,CHECK,0,"['Ah', '7s']","['2h', '2d']","['9h', '5h', '2s', '4h']",,7d,100,100
746,River,0,-3484,3484,CHECK,0,"['Ah', '7s']","['2h', '2d']","['9h', '5h', '2s', '4h', 'As']",,7d,100,100
746,River,1,-3484,3484,CHECK,0,"['Ah', '7s']","['2h', '2d']","['9h', '5h', '2s', '4h', 'As']",,7d,100,100
747,Pre-Flop,1,-3584,3584,DISCARD,0,"['7s', '8s']","['9d', '5h']","['4h', 'Ah']",,,1,1
747,Pre-Flop,1,-3584,3584,RAISE,2,"['7s', '8s']","['5d', '5h']","['4h', 'Ah']",,9d,1,1
747,Pre-Flop,0,-3584,3584,RAISE,96,"['7s', '8s']","['5d', '5h']","['4h', 'Ah']",,9d,2,2
747,Pre-Flop,1,-3584,3584,CALL,0,"['7s', '8s']","['5d', '5h']","['4h', 'Ah']",,9d,4,4
747,Pre-Flop,0,-3584,3584,CHECK,0,"['7s', '8s']","['5d', '5h']","['4h', 'Ah']",,9d,100,100
747,Flop,1,-3584,3584,CHECK,0,"['7s', '8s']","['5d', '5h']","['4h', 'Ah', '9h']",,9d,100,100
747,Flop,0,-3584,3584,CHECK,0,"['7s', '8s']","['5d', '5h']","['4h', 'Ah', '9h']",,9d,100,100
747,Turn,1,-3584,3584,CHECK,0,"['7s', '8s']","['5d', '5h']","['4h', 'Ah', '9h', '3s']",,9d,100,100
747,Turn,0,-3584,3584,CHECK,0,"['7s', '8s']","['5d', '5h']","['4h', 'Ah', '9h', '3s']",,9d,100,100
747,River,1,-3584,3584,CHECK,0,"['7s', '8s']","['5d', '5h']","['4h', 'Ah', '9h', '3s', '5s']",,9d,100,100
747,River,0,-3584,3584,CHECK,0,"['7s', '8s']","['5d', '5h']","['4h', 'Ah', '9h', '3s', '5s']",,9d,100,100
748,Pre-Flop,0,-3684,3684,RAISE,98,"['7h', '8h']","['As', '8d']","['6s', '5s']",,,1,1
748,Pre-Flop,1,-3684,3684,DISCARD,0,"['7h', '8h']","['As', '8d']","['6s', '5s']",,,2,2
748,Pre-Flop,1,-3684,3684,CALL,0,"['7h', '8h']","['As', 'Ah']","['6s', '5s']",,8d,2,2
748,Flop,0,-3684,3684,CHECK,0,"['7h', '8h']","['As', 'Ah']","['6s', '5s', '4s']",,8d,100,100
748,Flop,1,-3684,3684,CHECK,0,"['7h', '8h']","['As', 'Ah']","['6s', '5s', '4s']",,8d,100,100
748,Turn,0,-3684,3684,CHECK,0,"['7h', '8h']","['As', 'Ah']","['6s', '5s', '4s', '3s']",,8d,100,100
748,Turn,1,-3684,3684,CHECK,0,"['7h', '8h']","['As', 'Ah']","['6s', '5s', '4s', '3s']",,8d,100,100
748,River,0,-3684,3684,CHECK,0,"['7h', '8h']","['As', 'Ah']","['6s', '5s', '4s', '3s', '7s']",,8d,100,100
748,River,1,-3684,3684,CHECK,0,"['7h', '8h']","['As', 'Ah']","['6s', '5s', '4s', '3s', '7s']",,8d,100,100
749,Pre-Flop,1,-3684,3684,RAISE,2,"['7s', '4h']","['6s', '8d']","['2h', '9h']",,,1,1
749,Pre-Flop,0,-3684,3684,RAISE,96,"['7s', '4h']","['6s', '8d']","['2h', '9h']",,,2,2
749,Pre-Flop,1,-3684,3684,CALL,0,"['7s', '4h']","['6s', '8d']","['2h', '9h']",,,4,4
749,Pre-Flop,0,-3684,3684,CHECK,0,"['7s', '4h']","['6s', '8d']","['2h', '9h']",,,100,100
749,Flop,1,-3684,3684,DISCARD,0,"['7s', '4h']","['6s', '8d']","['2h', '9h', '7d']",,,100,100
749,Flop,1,-3684,3684,CHECK,0,"['7s', '4h']","['5d', '8d']","['2h', '9h', '7d']",,6s,100,100
749,Flop,0,-3684,3684,CHECK,0,"['7s', '4h']","['5d', '8d']","['2h', '9h', '7d']",,6s,100,100
749,Turn,1,-3684,3684,CHECK,0,"['7s', '4h']","['5d', '8d']","['2h', '9h', '7d', 'As']",,6s,100,100
749,Turn,0,-3684,3684,CHECK,0,"['7s', '4h']","['5d', '8d']","['2h', '9h', '7d', 'As']",,6s,100,100
749,River,1,-3684,3684,CHECK,0,"['7s', '4h']","['5d', '8d']","['2h', '9h', '7d', 'As', '3d']",,6s,100,100
749,River,0,-3684,3684,CHECK,0,"['7s', '4h']","['5d', '8d']","['2h', '9h', '7d', 'As', '3d']",,6s,100,100
750,Pre-Flop,0,-3584,3584,RAISE,98,"['2s', '3s']","['3d', '8s']","['4h', '7h']",,,1,1
750,Pre-Flop,1,-3584,3584,CALL,0,"['2s', '3s']","['3d', '8s']","['4h', '7h']",,,2,2
750,Flop,0,-3584,3584,CHECK,0,"['2s', '3s']","['3d', '8s']","['4h', '7h', '2h']",,,100,100
750,Flop,1,-3584,3584,DISCARD,0,"['2s', '3s']","['3d', '8s']","['4h', '7h', '2h']",,,100,100
750,Flop,1,-3584,3584,CHECK,0,"['2s', '3s']","['6d', '8s']","['4h', '7h', '2h']",,3d,100,100
750,Turn,0,-3584,3584,CHECK,0,"['2s', '3s']","['6d', '8s']","['4h', '7h', '2h', '6s']",,3d,100,100
750,Turn,1,-3584,3584,CHECK,0,"['2s', '3s']","['6d', '8s']","['4h', '7h', '2h', '6s']",,3d,100,100
750,River,0,-3584,3584,CHECK,0,"['2s', '3s']","['6d', '8s']","['4h', '7h', '2h', '6s', '4d']",,3d,100,100
750,River,1,-3584,3584,CHECK,0,"['2s', '3s']","['6d', '8s']","['4h', '7h', '2h', '6s', '4d']",,3d,100,100
751,Pre-Flop,1,-3684,3684,RAISE,3,"['3d', 'Ad']","['6s', 'As']","['9h', '9s']",,,1,1
751,Pre-Flop,0,-3684,3684,RAISE,95,"['3d', 'Ad']","['6s', 'As']","['9h', '9s']",,,2,2
751,Pre-Flop,1,-3684,3684,CALL,0,"['3d', 'Ad']","['6s', 'As']","['9h', '9s']",,,5,5
751,Pre-Flop,0,-3684,3684,CHECK,0,"['3d', 'Ad']","['6s', 'As']","['9h', '9s']",,,100,100
751,Flop,1,-3684,3684,DISCARD,0,"['3d', 'Ad']","['6s', 'As']","['9h', '9s', '2h']",,,100,100
751,Flop,1,-3684,3684,CHECK,0,"['3d', 'Ad']","['4s', 'As']","['9h', '9s', '2h']",,6s,100,100
751,Flop,0,-3684,3684,CHECK,0,"['3d', 'Ad']","['4s', 'As']","['9h', '9s', '2h']",,6s,100,100
751,Turn,1,-3684,3684,CHECK,0,"['3d', 'Ad']","['4s', 'As']","['9h', '9s', '2h', '7d']",,6s,100,100
751,Turn,0,-3684,3684,CHECK,0,"['3d', 'Ad']","['4s', 'As']","['9h', '9s', '2h', '7d']",,6s,100,100
751,River,1,-3684,3684,CHECK,0,"['3d', 'Ad']","['4s', 'As']","['9h', '9s', '2h', '7d', '7h']",,6s,100,100
751,River,0,-3684,3684,CHECK,0,"['3d', 'Ad']","['4s', 'As']","['9h', '9s', '2h', '7d', '7h']",,6s,100,100
752,Pre-Flop,0,-3684,3684,RAISE,98,"['6h', '8h']","['4d', '3d']","['7d', 'Ah']",,,1,1
752,Pre-Flop,1,-3684,3684,CALL,0,"['6h', '8h']","['4d', '3d']","['7d', 'Ah']",,,2,2
752,Flop,0,-3684,3684,CHECK,0,"['6h', '8h']","['4d', '3d']","['7d', 'Ah', '2h']",,,100,100
752,Flop,1,-3684,3684,CHECK,0,"['6h', '8h']","['4d', '3d']","['7d', 'Ah', '2h']",,,100,100
752,Turn,0,-3684,3684,CHECK,0,"['6h', '8h']","['4d', '3d']","['7d', 'Ah', '2h', '6s']",,,100,100
752,Turn,1,-3684,3684,CHECK,0,"['6h', '8h']","['4d', '3d']","['7d', 'Ah', '2h', '6s']",,,100,100
752,River,0,-3684,3684,CHECK,0,"['6h', '8h']","['4d', '3d']","['7d', 'Ah', '2h', '6s', '9s']",,,100,100
752,River,1,-3684,3684,CHECK,0,"['6h', '8h']","['4d', '3d']","['7d', 'Ah', '2h', '6s', '9s']",,,100,100
753,Pre-Flop,1,-3584,3584,RAISE,2,"['As', '6s']","['4d', '7s']","['2d', 'Ah']",,,1,1
753,Pre-Flop,0,-3584,3584,RAISE,96,"['As', '6s']","['4d', '7s']","['2d', 'Ah']",,,2,2
753,Pre-Flop,1,-3584,3584,CALL,0,"['As', '6s']","['4d', '7s']","['2d', 'Ah']",,,4,4
753,Pre-Flop,0,-3584,3584,CHECK,0,"['As', '6s']","['4d', '7s']","['2d', 'Ah']",,,100,100
753,Flop,1,-3584,3584,DISCARD,0,"['As', '6s']","['4d', '7s']","['2d', 'Ah', 'Ad']",,,100,100
753,Flop,1,-3584,3584,CHECK,0,"['As', '6s']","['4d', '5d']","['2d', 'Ah', 'Ad']",,7s,100,100
753,Flop,0,-3584,3584,CHECK,0,"['As', '6s']","['4d', '5d']","['2d', 'Ah', 'Ad']",,7s,100,100
753,Turn,1,-3584,3584,CHECK,0,"['As', '6s']","['4d', '5d']","['2d', 'Ah', 'Ad', '4s']",,7s,100,100
753,Turn,0,-3584,3584,CHECK,0,"['As', '6s']","['4d', '5d']","['2d', 'Ah', 'Ad', '4s']",,7s,100,100
753,River,1,-3584,3584,CHECK,0,"['As', '6s']","['4d', '5d']","['2d', 'Ah', 'Ad', '4s', '8s']",,7s,100,100
753,River,0,-3584,3584,CHECK,0,"['As', '6s']","['4d', '5d']","['2d', 'Ah', 'Ad', '4s', '8s']",,7s,100,100
754,Pre-Flop,0,-3484,3484,RAISE,98,"['5h', '4s']","['9s', 'As']","['9h', '2h']",,,1,1
754,Pre-Flop,1,-3484,3484,CALL,0,"['5h', '4s']","['9s', 'As']","['9h', '2h']",,,2,2
754,Flop,0,-3484,3484,CHECK,0,"['5h', '4s']","['9s', 'As']","['9h', '2h', '3s']",,,100,100
754,Flop,1,-3484,3484,CHECK,0,"['5h', '4s']","['9s', 'As']","['9h', '2h', '3s']",,,100,100
754,Turn,0,-3484,3484,CHECK,0,"['5h', '4s']","['9s', 'As']","['9h', '2h', '3s', 'Ah']",,,100,100
754,Turn,1,-3484,3484,CHECK,0,"['5h', '4s']","['9s', 'As']","['9h', '2h', '3s', 'Ah']",,,100,100
754,River,0,-3484,3484,CHECK,0,"['5h', '4s']","['9s', 'As']","['9h', '2h', '3s', 'Ah', '2s']",,,100,100
754,River,1,-3484,3484,CHECK,0,"['5h', '4s']","['9s', 'As']","['9h', '2h', '3s', 'Ah', '2s']",,,100,100
755,Pre-Flop,1,-3384,3384,RAISE,2,"['8h', '2h']","['7h', '9d']","['7d', '2s']",,,1,1
755,Pre-Flop,0,-3384,3384,RAISE,96,"['8h', '2h']","['7h', '9d']","['7d', '2s']",,,2,2
755,Pre-Flop,1,-3384,3384,CALL,0,"['8h', '2h']","['7h', '9d']","['7d', '2s']",,,4,4
755,Pre-Flop,0,-3384,3384,CHECK,0,"['8h', '2h']","['7h', '9d']","['7d', '2s']",,,100,100
755,Flop,1,-3384,3384,DISCARD,0,"['8h', '2h']","['7h', '9d']","['7d', '2s', '8s']",,,100,100
755,Flop,1,-3384,3384,CHECK,0,"['8h', '2h']","['7h', '5d']","['7d', '2s', '8s']",,9d,100,100
755,Flop,0,-3384,3384,CHECK,0,"['8h', '2h']","['7h', '5d']","['7d', '2s', '8s']",,9d,100,100
755,Turn,1,-3384,3384,CHECK,0,"['8h', '2h']","['7h', '5d']","['7d', '2s', '8s', '3d']",,9d,100,100
755,Turn,0,-3384,3384,CHECK,0,"['8h', '2h']","['7h', '5d']","['7d', '2s', '8s', '3d']",,9d,100,100
755,River,1,-3384,3384,CHECK,0,"['8h', '2h']","['7h', '5d']","['7d', '2s', '8s', '3d', 'Ad']",,9d,100,100
755,River,0,-3384,3384,CHECK,0,"['8h', '2h']","['7h', '5d']","['7d', '2s', '8s', '3d', 'Ad']",,9d,100,100
756,Pre-Flop,0,-3284,3284,RAISE,98,"['8h', '9h']","['6s', '2h']","['3d', '2s']",,,1,1
756,Pre-Flop,1,-3284,3284,CALL,0,"['8h', '9h']","['6s', '2h']","['3d', '2s']",,,2,2
756,Flop,0,-3284,3284,CHECK,0,"['8h', '9h']","['6s', '2h']","['3d', '2s', '9s']",,,100,100
756,Flop,1,-3284,3284,DISCARD,0,"['8h', '9h']","['6s', '2h']","['3d', '2s', '9s']",,,100,100
756,Flop,1,-3284,3284,CHECK,0,"['8h', '9h']","['6s', 'Ad']","['3d', '2s', '9s']",,2h,100,100
756,Turn,0,-3284,3284,CHECK,0,"['8h', '9h']","['6s', 'Ad']","['3d', '2s', '9s', '9d']",,2h,100,100
756,Turn,1,-3284,3284,CHECK,0,"['8h', '9h']","['6s', 'Ad']","['3d', '2s', '9s', '9d']",,2h,100,100
756,River,0,-3284,3284,CHECK,0,"['8h', '9h']","['6s', 'Ad']","['3d', '2s', '9s', '9d', '5s']",,2h,100,100
756,River,1,-3284,3284,CHECK,0,"['8h', '9h']","['6s', 'Ad']","['3d', '2s', '9s', '9d', '5s']",,2h,100,100
757,Pre-Flop,1,-3184,3184,RAISE,2,"['8d', '4s']","['3s', '6h']","['5d', '4d']",,,1,1
757,Pre-Flop,0,-3184,3184,RAISE,96,"['8d', '4s']","['3s', '6h']","['5d', '4d']",,,2,2
757,Pre-Flop,1,-3184,3184,CALL,0,"['8d', '4s']","['3s', '6h']","['5d', '4d']",,,4,4
757,Pre-Flop,0,-3184,3184,CHECK,0,"['8d', '4s']","['3s', '6h']","['5d', '4d']",,,100,100
757,Flop,1,-3184,3184,DISCARD,0,"['8d', '4s']","['3s', '6h']","['5d', '4d', '7h']",,,100,100
757,Flop,1,-3184,3184,CHECK,0,"['8d', '4s']","['2d', '6h']","['5d', '4d', '7h']",,3s,100,100
757,Flop,0,-3184,3184,CHECK,0,"['8d', '4s']","['2d', '6h']","['5d', '4d', '7h']",,3s,100,100
757,Turn,1,-3184,3184,CHECK,0,"['8d', '4s']","['2d', '6h']","['5d', '4d', '7h', '7s']",,3s,100,100
757,Turn,0,-3184,3184,CHECK,0,"['8d', '4s']","['2d', '6h']","['5d', '4d', '7h', '7s']",,3s,100,100
757,River,1,-3184,3184,CHECK,0,"['8d', '4s']","['2d', '6h']","['5d', '4d', '7h', '7s', 'Ad']",,3s,100,100
757,River,0,-3184,3184,CHECK,0,"['8d', '4s']","['2d', '6h']","['5d', '4d', '7h', '7s', 'Ad']",,3s,100,100
758,Pre-Flop,0,-3084,3084,RAISE,98,"['9d', '4d']","['5h', 'As']","['6s', '4s']",,,1,1
758,Pre-Flop,1,-3084,3084,CALL,0,"['9d', '4d']","['5h', 'As']","['6s', '4s']",,,2,2
758,Flop,0,-3084,3084,CHECK,0,"['9d', '4d']","['5h', 'As']","['6s', '4s', '5d']",,,100,100
758,Flop,1,-3084,3084,DISCARD,0,"['9d', '4d']","['5h', 'As']","['6s', '4s', '5d']",,,100,100
758,Flop,1,-3084,3084,CHECK,0,"['9d', '4d']","['3h', 'As']","['6s', '4s', '5d']",,5h,100,100
758,Turn,0,-3084,3084,CHECK,0,"['9d', '4d']","['3h', 'As']","['6s', '4s', '5d', '8h']",,5h,100,100
758,Turn,1,-3084,3084,CHECK,0,"['9d', '4d']","['3h', 'As']","['6s', '4s', '5d', '8h']",,5h,100,100
758,River,0,-3084,3084,CHECK,0,"['9d', '4d']","['3h', 'As']","['6s', '4s', '5d', '8h', '9h']",,5h,100,100
758,River,1,-3084,3084,CHECK,0,"['9d', '4d']","['3h', 'As']","['6s', '4s', '5d', '8h', '9h']",,5h,100,100
759,Pre-Flop,1,-2984,2984,DISCARD,0,"['2h', '3d']","['7s', '6h']","['9s', '7h']",,,1,1
759,Pre-Flop,1,-2984,2984,RAISE,2,"['2h', '3d']","['7s', '2s']","['9s', '7h']",,6h,1,1
759,Pre-Flop,0,-2984,2984,RAISE,96,"['2h', '3d']","['7s', '2s']","['9s', '7h']",,6h,2,2
759,Pre-Flop,1,-2984,2984,CALL,0,"['2h', '3d']","['7s', '2s']","['9s', '7h']",,6h,4,4
759,Pre-Flop,0,-2984,2984,CHECK,0,"['2h', '3d']","['7s', '2s']","['9s', '7h']",,6h,100,100
759,Flop,1,-2984,2984,CHECK,0,"['2h', '3d']","['7s', '2s']","['9s', '7h', '2d']",,6h,100,100
759,Flop,0,-2984,2984,CHECK,0,"['2h', '3d']","['7s', '2s']","['9s', '7h', '2d']",,6h,100,100
759,Turn,1,-2984,2984,CHECK,0,"['2h', '3d']","['7s', '2s']","['9s', '7h', '2d', 'Ad']",,6h,100,100
759,Turn,0,-2984,2984,CHECK,0,"['2h', '3d']","['7s', '2s']","['9s', '7h', '2d', 'Ad']",,6h,100,100
759,River,1,-2984,2984,CHECK,0,"['2h', '3d']","['7s', '2s']","['9s', '7h', '2d', 'Ad', '7d']",,6h,100,100
759,River,0,-2984,2984,CHECK,0,"['2h', '3d']","['7s', '2s']","['9s', '7h', '2d', 'Ad', '7d']",,6h,100,100
760,Pre-Flop,0,-3084,3084,RAISE,98,"['3h', '9d']","['3d', '7d']","['5s', '5d']",,,1,1
760,Pre-Flop,1,-3084,3084,DISCARD,0,"['3h', '9d']","['3d', '7d']","['5s', '5d']",,,2,2
760,Pre-Flop,1,-3084,3084,CALL,0,"['3h', '9d']","['9h', '7d']","['5s', '5d']",,3d,2,2
760,Flop,0,-3084,3084,CHECK,0,"['3h', '9d']","['9h', '7d']","['5s', '5d', '6d']",,3d,100,100
760,Flop,1,-3084,3084,CHECK,0,"['3h', '9d']","['9h', '7d']","['5s', '5d', '6d']",,3d,100,100
760,Turn,0,-3084,3084,CHECK,0,"['3h', '9d']","['9h', '7d']","['5s', '5d', '6d', '9s']",,3d,100,100
760,Turn,1,-3084,3084,CHECK,0,"['3h', '9d']","['9h', '7d']","['5s', '5d', '6d', '9s']",,3d,100,100
760,River,0,-3084,3084,CHECK,0,"['3h', '9d']","['9h', '7d']","['5s', '5d', '6d', '9s', '6s']",,3d,100,100
760,River,1,-3084,3084,CHECK,0,"['3h', '9d']","['9h', '7d']","['5s', '5d', '6d', '9s', '6s']",,3d,100,100
761,Pre-Flop,1,-3184,3184,RAISE,3,"['6d', '5h']","['9s', '4s']","['3d', '7s']",,,1,1
761,Pre-Flop,0,-3184,3184,RAISE,95,"['6d', '5h']","['9s', '4s']","['3d', '7s']",,,2,2
761,Pre-Flop,1,-3184,3184,CALL,0,"['6d', '5h']","['9s', '4s']","['3d', '7s']",,,5,5
761,Pre-Flop,0,-3184,3184,CHECK,0,"['6d', '5h']","['9s', '4s']","['3d', '7s']",,,100,100
761,Flop,1,-3184,3184,DISCARD,0,"['6d', '5h']","['9s', '4s']","['3d', '7s', '5s']",,,100,100
761,Flop,1,-3184,3184,CHECK,0,"['6d', '5h']","['9s', 'Ah']","['3d', '7s', '5s']",,4s,100,100
761,Flop,0,-3184,3184,CHECK,0,"['6d', '5h']","['9s', 'Ah']","['3d', '7s', '5s']",,4s,100,100
761,Turn,1,-3184,3184,CHECK,0,"['6d', '5h']","['9s', 'Ah']","['3d', '7s', '5s', '2h']",,4s,100,100
761,Turn,0,-3184,3184,CHECK,0,"['6d', '5h']","['9s', 'Ah']","['3d', '7s', '5s', '2h']",,4s,100,100
761,River,1,-3184,3184,CHECK,0,"['6d', '5h']","['9s', 'Ah']","['3d', '7s', '5s', '2h', '8h']",,4s,100,100
761,River,0,-3184,3184,CHECK,0,"['6d', '5h']","['9s', 'Ah']","['3d', '7s', '5s', '2h', '8h']",,4s,100,100
762,Pre-Flop,0,-3084,3084,RAISE,98,"['9d', '3d']","['5s', '6h']","['6d', '2h']",,,1,1
762,Pre-Flop,1,-3084,3084,CALL,0,"['9d', '3d']","['5s', '6h']","['6d', '2h']",,,2,2
762,Flop,0,-3084,3084,CHECK,0,"['9d', '3d']","['5s', '6h']","['6d', '2h', '4h']",,,100,100
762,Flop,1,-3084,3084,DISCARD,0,"['9d', '3d']","['5s', '6h']","['6d', '2h', '4h']",,,100,100
762,Flop,1,-3084,3084,CHECK,0,"['9d', '3d']","['5s', '7s']","['6d', '2h', '4h']",,6h,100,100
762,Turn,0,-3084,3084,CHECK,0,"['9d', '3d']","['5s', '7s']","['6d', '2h', '4h', '8d']",,6h,100,100
762,Turn,1,-3084,3084,CHECK,0,"['9d', '3d']","['5s', '7s']","['6d', '2h', '4h', '8d']",,6h,100,100
762,River,0,-3084,3084,CHECK,0,"['9d', '3d']","['5s', '7s']","['6d', '2h', '4h', '8d', '9s']",,6h,100,100
762,River,1,-3084,3084,CHECK,0,"['9d', '3d']","['5s', '7s']","['6d', '2h', '4h', '8d', '9s']",,6h,100,100
763,Pre-Flop,1,-3184,3184,RAISE,2,"['7d', '5d']","['3h', '8h']","['8s', '6s']",,,1,1
763,Pre-Flop,0,-3184,3184,RAISE,96,"['7d', '5d']","['3h', '8h']","['8s', '6s']",,,2,2
763,Pre-Flop,1,-3184,3184,CALL,0,"['7d', '5d']","['3h', '8h']","['8s', '6s']",,,4,4
763,Pre-Flop,0,-3184,3184,CHECK,0,"['7d', '5d']","['3h', '8h']","['8s', '6s']",,,100,100
763,Flop,1,-3184,3184,DISCARD,0,"['7d', '5d']","['3h', '8h']","['8s', '6s', '2s']",,,100,100
763,Flop,1,-3184,3184,CHECK,0,"['7d', '5d']","['3s', '8h']","['8s', '6s', '2s']",,3h,100,100
763,Flop,0,-3184,3184,CHECK,0,"['7d', '5d']","['3s', '8h']","['8s', '6s', '2s']",,3h,100,100
763,Turn,1,-3184,3184,CHECK,0,"['7d', '5d']","['3s', '8h']","['8s', '6s', '2s', '3d']",,3h,100,100
763,Turn,0,-3184,3184,CHECK,0,"['7d', '5d']","['3s', '8h']","['8s', '6s', '2s', '3d']",,3h,100,100
763,River,1,-3184,3184,CHECK,0,"['7d', '5d']","['3s', '8h']","['8s', '6s', '2s', '3d', '2h']",,3h,100,100
763,River,0,-3184,3184,CHECK,0,"['7d', '5d']","['3s', '8h']","['8s', '6s', '2s', '3d', '2h']",,3h,100,100
764,Pre-Flop,0,-3284,3284,RAISE,98,"['As', '2h']","['4d', '9h']","['3h', '8s']",,,1,1
764,Pre-Flop,1,-3284,3284,CALL,0,"['As', '2h']","['4d', '9h']","['3h', '8s']",,,2,2
764,Flop,0,-3284,3284,CHECK,0,"['As', '2h']","['4d', '9h']","['3h', '8s', '9d']",,,100,100
764,Flop,1,-3284,3284,DISCARD,0,"['As', '2h']","['4d', '9h']","['3h', '8s', '9d']",,,100,100
764,Flop,1,-3284,3284,CHECK,0,"['As', '2h']","['3s', '9h']","['3h', '8s', '9d']",,4d,100,100
764,Turn,0,-3284,3284,CHECK,0,"['As', '2h']","['3s', '9h']","['3h', '8s', '9d', '7s']",,4d,100,100
764,Turn,1,-3284,3284,CHECK,0,"['As', '2h']","['3s', '9h']","['3h', '8s', '9d', '7s']",,4d,100,100
764,River,0,-3284,3284,CHECK,0,"['As', '2h']","['3s', '9h']","['3h', '8s', '9d', '7s', '3d']",,4d,100,100
764,River,1,-3284,3284,CHECK,0,"['As', '2h']","['3s', '9h']","['3h', '8s', '9d', '7s', '3d']",,4d,100,100
765,Pre-Flop,1,-3384,3384,DISCARD,0,"['2h', '8h']","['5h', '5s']","['4d', '3s']",,,1,1
765,Pre-Flop,1,-3384,3384,RAISE,2,"['2h', '8h']","['6h', '5s']","['4d', '3s']",,5h,1,1
765,Pre-Flop,0,-3384,3384,RAISE,96,"['2h', '8h']","['6h', '5s']","['4d', '3s']",,5h,2,2
765,Pre-Flop,1,-3384,3384,CALL,0,"['2h', '8h']","['6h', '5s']","['4d', '3s']",,5h,4,4
765,Pre-Flop,0,-3384,3384,CHECK,0,"['2h', '8h']","['6h', '5s']","['4d', '3s']",,5h,100,100
765,Flop,1,-3384,3384,CHECK,0,"['2h', '8h']","['6h', '5s']","['4d', '3s', '7h']",,5h,100,100
765,Flop,0,-3384,3384,CHECK,0,"['2h', '8h']","['6h', '5s']","['4d', '3s', '7h']",,5h,100,100
765,Turn,1,-3384,3384,CHECK,0,"['2h', '8h']","['6h', '5s']","['4d', '3s', '7h', '3h']",,5h,100,100
765,Turn,0,-3384,3384,CHECK,0,"['2h', '8h']","['6h', '5s']","['4d', '3s', '7h', '3h']",,5h,100,100
765,River,1,-3384,3384,CHECK,0,"['2h', '8h']","['6h', '5s']","['4d', '3s', '7h', '3h', '2d']",,5h,100,100
765,River,0,-3384,3384,CHECK,0,"['2h', '8h']","['6h', '5s']","['4d', '3s', '7h', '3h', '2d']",,5h,100,100
766,Pre-Flop,0,-3484,3484,RAISE,98,"['7h', '2s']","['9d', '6s']","['3d', 'Ah']",,,1,1
766,Pre-Flop,1,-3484,3484,CALL,0,"['7h', '2s']","['9d', '6s']","['3d', 'Ah']",,,2,2
766,Flop,0,-3484,3484,CHECK,0,"['7h', '2s']","['9d', '6s']","['3d', 'Ah', '4h']",,,100,100
766,Flop,1,-3484,3484,DISCARD,0,"['7h', '2s']","['9d', '6s']","['3d', 'Ah', '4h']",,,100,100
766,Flop,1,-3484,3484,CHECK,0,"['7h', '2s']","['8h', '6s']","['3d', 'Ah', '4h']",,9d,100,100
766,Turn,0,-3484,3484,CHECK,0,"['7h', '2s']","['8h', '6s']","['3d', 'Ah', '4h', '6h']",,9d,100,100
766,Turn,1,-3484,3484,CHECK,0,"['7h', '2s']","['8h', '6s']","['3d', 'Ah', '4h', '6h']",,9d,100,100
766,River,0,-3484,3484,CHECK,0,"['7h', '2s']","['8h', '6s']","['3d', 'Ah', '4h', '6h', '5s']",,9d,100,100
766,River,1,-3484,3484,CHECK,0,"['7h', '2s']","['8h', '6s']","['3d', 'Ah', '4h', '6h', '5s']",,9d,100,100
767,Pre-Flop,1,-3384,3384,RAISE,2,"['9h', 'Ah']","['3h', '3d']","['7d', '5s']",,,1,1
767,Pre-Flop,0,-3384,3384,RAISE,96,"['9h', 'Ah']","['3h', '3d']","['7d', '5s']",,,2,2
767,Pre-Flop,1,-3384,3384,CALL,0,"['9h', 'Ah']","['3h', '3d']","['7d', '5s']",,,4,4
767,Pre-Flop,0,-3384,3384,CHECK,0,"['9h', 'Ah']","['3h', '3d']","['7d', '5s']",,,100,100
767,Flop,1,-3384,3384,DISCARD,0,"['9h', 'Ah']","['3h', '3d']","['7d', '5s', '8d']",,,100,100
767,Flop,1,-3384,3384,CHECK,0,"['9h', 'Ah']","['9s', '3d']","['7d', '5s', '8d']",,3h,100,100
767,Flop,0,-3384,3384,CHECK,0,"['9h', 'Ah']","['9s', '3d']","['7d', '5s', '8d']",,3h,100,100
767,Turn,1,-3384,3384,CHECK,0,"['9h', 'Ah']","['9s', '3d']","['7d', '5s', '8d', '6h']",,3h,100,100
767,Turn,0,-3384,3384,CHECK,0,"['9h', 'Ah']","['9s', '3d']","['7d', '5s', '8d', '6h']",,3h,100,100
767,River,1,-3384,3384,CHECK,0,"['9h', 'Ah']","['9s', '3d']","['7d', '5s', '8d', '6h', '2s']",,3h,100,100
767,River,0,-3384,3384,CHECK,0,"['9h', 'Ah']","['9s', '3d']","['7d', '5s', '8d', '6h', '2s']",,3h,100,100
768,Pre-Flop,0,-3284,3284,RAISE,98,"['6s', '3d']","['9s', '6h']","['5d', 'Ah']",,,1,1
768,Pre-Flop,1,-3284,3284,CALL,0,"['6s', '3d']","['9s', '6h']","['5d', 'Ah']",,,2,2
768,Flop,0,-3284,3284,CHECK,0,"['6s', '3d']","['9s', '6h']","['5d', 'Ah', '7h']",,,100,100
768,Flop,1,-3284,3284,DISCARD,0,"['6s', '3d']","['9s', '6h']","['5d', 'Ah', '7h']",,,100,100
768,Flop,1,-3284,3284,CHECK,0,"['6s', '3d']","['4d', '6h']","['5d', 'Ah', '7h']",,9s,100,100
768,Turn,0,-3284,3284,CHECK,0,"['6s', '3d']","['4d', '6h']","['5d', 'Ah', '7h', '8h']",,9s,100,100
768,Turn,1,-3284,3284,CHECK,0,"['6s', '3d']","['4d', '6h']","['5d', 'Ah', '7h', '8h']",,9s,100,100
768,River,0,-3284,3284,CHECK,0,"['6s', '3d']","['4d', '6h']","['5d', 'Ah', '7h', '8h', '4h']",,9s,100,100
768,River,1,-3284,3284,CHECK,0,"['6s', '3d']","['4d', '6h']","['5d', 'Ah', '7h', '8h', '4h']",,9s,100,100
769,Pre-Flop,1,-3384,3384,RAISE,3,"['4d', 'As']","['5s', '8d']","['6d', '4h']",,,1,1
769,Pre-Flop,0,-3384,3384,RAISE,95,"['4d', 'As']","['5s', '8d']","['6d', '4h']",,,2,2
769,Pre-Flop,1,-3384,3384,CALL,0,"['4d', 'As']","['5s', '8d']","['6d', '4h']",,,5,5
769,Pre-Flop,0,-3384,3384,CHECK,0,"['4d', 'As']","['5s', '8d']","['6d', '4h']",,,100,100
769,Flop,1,-3384,3384,DISCARD,0,"['4d', 'As']","['5s', '8d']","['6d', '4h', '9h']",,,100,100
769,Flop,1,-3384,3384,CHECK,0,"['4d', 'As']","['6h', '8d']","['6d', '4h', '9h']",,5s,100,100
769,Flop,0,-3384,3384,CHECK,0,"['4d', 'As']","['6h', '8d']","['6d', '4h', '9h']",,5s,100,100
769,Turn,1,-3384,3384,CHECK,0,"['4d', 'As']","['6h', '8d']","['6d', '4h', '9h', '4s']",,5s,100,100
769,Turn,0,-3384,3384,CHECK,0,"['4d', 'As']","['6h', '8d']","['6d', '4h', '9h', '4s']",,5s,100,100
769,River,1,-3384,3384,CHECK,0,"['4d', 'As']","['6h', '8d']","['6d', '4h', '9h', '4s', '7d']",,5s,100,100
769,River,0,-3384,3384,CHECK,0,"['4d', 'As']","['6h', '8d']","['6d', '4h', '9h', '4s', '7d']",,5s,100,100
770,Pre-Flop,0,-3284,3284,RAISE,98,"['6d', '3h']","['5d', '6h']","['8d', 'Ad']",,,1,1
770,Pre-Flop,1,-3284,3284,CALL,0,"['6d', '3h']","['5d', '6h']","['8d', 'Ad']",,,2,2
770,Flop,0,-3284,3284,CHECK,0,"['6d', '3h']","['5d', '6h']","['8d', 'Ad', '8s']",,,100,100
770,Flop,1,-3284,3284,DISCARD,0,"['6d', '3h']","['5d', '6h']","['8d', 'Ad', '8s']",,,100,100
770,Flop,1,-3284,3284,CHECK,0,"['6d', '3h']","['6s', '6h']","['8d', 'Ad', '8s']",,5d,100,100
770,Turn,0,-3284,3284,CHECK,0,"['6d', '3h']","['6s', '6h']","['8d', 'Ad', '8s', '5s']",,5d,100,100
770,Turn,1,-3284,3284,CHECK,0,"['6d', '3h']","['6s', '6h']","['8d', 'Ad', '8s', '5s']",,5d,100,100
770,River,0,-3284,3284,CHECK,0,"['6d', '3h']","['6s', '6h']","['8d', 'Ad', '8s', '5s', '4h']",,5d,100,100
770,River,1,-3284,3284,CHECK,0,"['6d', '3h']","['6s', '6h']","['8d', 'Ad', '8s', '5s', '4h']",,5d,100,100
771,Pre-Flop,1,-3384,3384,RAISE,3,"['Ad', '2s']","['4s', 'As']","['6d', '8h']",,,1,1
771,Pre-Flop,0,-3384,3384,RAISE,95,"['Ad', '2s']","['4s', 'As']","['6d', '8h']",,,2,2
771,Pre-Flop,1,-3384,3384,CALL,0,"['Ad', '2s']","['4s', 'As']","['6d', '8h']",,,5,5
771,Pre-Flop,0,-3384,3384,CHECK,0,"['Ad', '2s']","['4s', 'As']","['6d', '8h']",,,100,100
771,Flop,1,-3384,3384,DISCARD,0,"['Ad', '2s']","['4s', 'As']","['6d', '8h', '6h']",,,100,100
771,Flop,1,-3384,3384,CHECK,0,"['Ad', '2s']","['2d', 'As']","['6d', '8h', '6h']",,4s,100,100
771,Flop,0,-3384,3384,CHECK,0,"['Ad', '2s']","['2d', 'As']","['6d', '8h', '6h']",,4s,100,100
771,Turn,1,-3384,3384,CHECK,0,"['Ad', '2s']","['2d', 'As']","['6d', '8h', '6h', '5d']",,4s,100,100
771,Turn,0,-3384,3384,CHECK,0,"['Ad', '2s']","['2d', 'As']","['6d', '8h', '6h', '5d']",,4s,100,100
771,River,1,-3384,3384,CHECK,0,"['Ad', '2s']","['2d', 'As']","['6d', '8h', '6h', '5d', '4d']",,4s,100,100
771,River,0,-3384,3384,CHECK,0,"['Ad', '2s']","['2d', 'As']","['6d', '8h', '6h', '5d', '4d']",,4s,100,100
772,Pre-Flop,0,-3384,3384,RAISE,98,"['Ah', '5h']","['As', '3d']","['9h', '7s']",,,1,1
772,Pre-Flop,1,-3384,3384,CALL,0,"['Ah', '5h']","['As', '3d']","['9h', '7s']",,,2,2
772,Flop,0,-3384,3384,CHECK,0,"['Ah', '5h']","['As', '3d']","['9h', '7s', 'Ad']",,,100,100
772,Flop,1,-3384,3384,DISCARD,0,"['Ah', '5h']","['As', '3d']","['9h', '7s', 'Ad']",,,100,100
772,Flop,1,-3384,3384,CHECK,0,"['Ah', '5h']","['As', '3h']","['9h', '7s', 'Ad']",,3d,100,100
772,Turn,0,-3384,3384,CHECK,0,"['Ah', '5h']","['As', '3h']","['9h', '7s', 'Ad', '5d']",,3d,100,100
772,Turn,1,-3384,3384,CHECK,0,"['Ah', '5h']","['As', '3h']","['9h', '7s', 'Ad', '5d']",,3d,100,100
772,River,0,-3384,3384,CHECK,0,"['Ah', '5h']","['As', '3h']","['9h', '7s', 'Ad', '5d', '6d']",,3d,100,100
772,River,1,-3384,3384,CHECK,0,"['Ah', '5h']","['As', '3h']","['9h', '7s', 'Ad', '5d', '6d']",,3d,100,100
773,Pre-Flop,1,-3284,3284,CALL,0,"['5d', '3d']","['8h', '4d']","['8s', '4s']",,,1,1
773,Pre-Flop,0,-3284,3284,RAISE,98,"['5d', '3d']","['8h', '4d']","['8s', '4s']",,,2,2
773,Pre-Flop,1,-3284,3284,CALL,0,"['5d', '3d']","['8h', '4d']","['8s', '4s']",,,2,2
773,Pre-Flop,0,-3284,3284,CHECK,0,"['5d', '3d']","['8h', '4d']","['8s', '4s']",,,100,100
773,Flop,1,-3284,3284,DISCARD,0,"['5d', '3d']","['8h', '4d']","['8s', '4s', 'Ad']",,,100,100
773,Flop,1,-3284,3284,CHECK,0,"['5d', '3d']","['8h', '8d']","['8s', '4s', 'Ad']",,4d,100,100
773,Flop,0,-3284,3284,CHECK,0,"['5d', '3d']","['8h', '8d']","['8s', '4s', 'Ad']",,4d,100,100
773,Turn,1,-3284,3284,CHECK,0,"['5d', '3d']","['8h', '8d']","['8s', '4s', 'Ad', 'Ah']",,4d,100,100
773,Turn,0,-3284,3284,CHECK,0,"['5d', '3d']","['8h', '8d']","['8s', '4s', 'Ad', 'Ah']",,4d,100,100
773,River,1,-3284,3284,CHECK,0,"['5d', '3d']","['8h', '8d']","['8s', '4s', 'Ad', 'Ah', '6s']",,4d,100,100
773,River,0,-3284,3284,CHECK,0,"['5d', '3d']","['8h', '8d']","['8s', '4s', 'Ad', 'Ah', '6s']",,4d,100,100
774,Pre-Flop,0,-3384,3384,RAISE,98,"['7d', '3h']","['8d', '8h']","['7s', '9s']",,,1,1
774,Pre-Flop,1,-3384,3384,CALL,0,"['7d', '3h']","['8d', '8h']","['7s', '9s']",,,2,2
774,Flop,0,-3384,3384,CHECK,0,"['7d', '3h']","['8d', '8h']","['7s', '9s', '4h']",,,100,100
774,Flop,1,-3384,3384,DISCARD,0,"['7d', '3h']","['8d', '8h']","['7s', '9s', '4h']",,,100,100
774,Flop,1,-3384,3384,CHECK,0,"['7d', '3h']","['6s', '8h']","['7s', '9s', '4h']",,8d,100,100
774,Turn,0,-3384,3384,CHECK,0,"['7d', '3h']","['6s', '8h']","['7s', '9s', '4h', '2h']",,8d,100,100
774,Turn,1,-3384,3384,CHECK,0,"['7d', '3h']","['6s', '8h']","['7s', '9s', '4h', '2h']",,8d,100,100
774,River,0,-3384,3384,CHECK,0,"['7d', '3h']","['6s', '8h']","['7s', '9s', '4h', '2h', '4d']",,8d,100,100
774,River,1,-3384,3384,CHECK,0,"['7d', '3h']","['6s', '8h']","['7s', '9s', '4h', '2h', '4d']",,8d,100,100
775,Pre-Flop,1,-3284,3284,RAISE,2,"['5d', '6h']","['7s', '3d']","['4h', '9d']",,,1,1
775,Pre-Flop,0,-3284,3284,RAISE,96,"['5d', '6h']","['7s', '3d']","['4h', '9d']",,,2,2
775,Pre-Flop,1,-3284,3284,CALL,0,"['5d', '6h']","['7s', '3d']","['4h', '9d']",,,4,4
775,Pre-Flop,0,-3284,3284,CHECK,0,"['5d', '6h']","['7s', '3d']","['4h', '9d']",,,100,100
775,Flop,1,-3284,3284,DISCARD,0,"['5d', '6h']","['7s', '3d']","['4h', '9d', '4d']",,,100,100
775,Flop,1,-3284,3284,CHECK,0,"['5d', '6h']","['7h', '3d']","['4h', '9d', '4d']",,7s,100,100
775,Flop,0,-3284,3284,CHECK,0,"['5d', '6h']","['7h', '3d']","['4h', '9d', '4d']",,7s,100,100
775,Turn,1,-3284,3284,CHECK,0,"['5d', '6h']","['7h', '3d']","['4h', '9d', '4d', '2h']",,7s,100,100
775,Turn,0,-3284,3284,CHECK,0,"['5d', '6h']","['7h', '3d']","['4h', '9d', '4d', '2h']",,7s,100,100
775,River,1,-3284,3284,CHECK,0,"['5d', '6h']","['7h', '3d']","['4h', '9d', '4d', '2h', '2d']",,7s,100,100
775,River,0,-3284,3284,CHECK,0,"['5d', '6h']","['7h', '3d']","['4h', '9d', '4d', '2h', '2d']",,7s,100,100
776,Pre-Flop,0,-3284,3284,RAISE,98,"['3d', '2s']","['9s', '6s']","['5h', '5s']",,,1,1
776,Pre-Flop,1,-3284,3284,CALL,0,"['3d', '2s']","['9s', '6s']","['5h', '5s']",,,2,2
776,Flop,0,-3284,3284,CHECK,0,"['3d', '2s']","['9s', '6s']","['5h', '5s', '7s']",,,100,100
776,Flop,1,-3284,3284,DISCARD,0,"['3d', '2s']","['9s', '6s']","['5h', '5s', '7s']",,,100,100
776,Flop,1,-3284,3284,CHECK,0,"['3d', '2s']","['4h', '6s']","['5h', '5s', '7s']",,9s,100,100
776,Turn,0,-3284,3284,CHECK,0,"['3d', '2s']","['4h', '6s']","['5h', '5s', '7s', '8h']",,9s,100,100
776,Turn,1,-3284,3284,CHECK,0,"['3d', '2s']","['4h', '6s']","['5h', '5s', '7s', '8h']",,9s,100,100
776,River,0,-3284,3284,CHECK,0,"['3d', '2s']","['4h', '6s']","['5h', '5s', '7s', '8h', '4d']",,9s,100,100
776,River,1,-3284,3284,CHECK,0,"['3d', '2s']","['4h', '6s']","['5h', '5s', '7s', '8h', '4d']",,9s,100,100
777,Pre-Flop,1,-3384,3384,DISCARD,0,"['4h', 'Ad']","['7s', '9d']","['4s', '8h']",,,1,1
777,Pre-Flop,1,-3384,3384,RAISE,2,"['4h', 'Ad']","['7s', '2s']","['4s', '8h']",,9d,1,1
777,Pre-Flop,0,-3384,3384,RAISE,96,"['4h', 'Ad']","['7s', '2s']","['4s', '8h']",,9d,2,2
777,Pre-Flop,1,-3384,3384,CALL,0,"['4h', 'Ad']","['7s', '2s']","['4s', '8h']",,9d,4,4
777,Pre-Flop,0,-3384,3384,CHECK,0,"['4h', 'Ad']","['7s', '2s']","['4s', '8h']",,9d,100,100
777,Flop,1,-3384,3384,CHECK,0,"['4h', 'Ad']","['7s', '2s']","['4s', '8h', '6h']",,9d,100,100
777,Flop,0,-3384,3384,CHECK,0,"['4h', 'Ad']","['7s', '2s']","['4s', '8h', '6h']",,9d,100,100
777,Turn,1,-3384,3384,CHECK,0,"['4h', 'Ad']","['7s', '2s']","['4s', '8h', '6h', '5s']",,9d,100,100
777,Turn,0,-3384,3384,CHECK,0,"['4h', 'Ad']","['7s', '2s']","['4s', '8h', '6h', '5s']",,9d,100,100
777,River,1,-3384,3384,CHECK,0,"['4h', 'Ad']","['7s', '2s']","['4s', '8h', '6h', '5s', '3d']",,9d,100,100
777,River,0,-3384,3384,CHECK,0,"['4h', 'Ad']","['7s', '2s']","['4s', '8h', '6h', '5s', '3d']",,9d,100,100
778,Pre-Flop,0,-3484,3484,RAISE,98,"['8d', 'Ah']","['4d', '2d']","['7h', '5s']",,,1,1
778,Pre-Flop,1,-3484,3484,CALL,0,"['8d', 'Ah']","['4d', '2d']","['7h', '5s']",,,2,2
778,Flop,0,-3484,3484,CHECK,0,"['8d', 'Ah']","['4d', '2d']","['7h', '5s', '9h']",,,100,100
778,Flop,1,-3484,3484,CHECK,0,"['8d', 'Ah']","['4d', '2d']","['7h', '5s', '9h']",,,100,100
778,Turn,0,-3484,3484,CHECK,0,"['8d', 'Ah']","['4d', '2d']","['7h', '5s', '9h', '6h']",,,100,100
778,Turn,1,-3484,3484,CHECK,0,"['8d', 'Ah']","['4d', '2d']","['7h', '5s', '9h', '6h']",,,100,100
778,River,0,-3484,3484,CHECK,0,"['8d', 'Ah']","['4d', '2d']","['7h', '5s', '9h', '6h', '5h']",,,100,100
778,River,1,-3484,3484,CHECK,0,"['8d', 'Ah']","['4d', '2d']","['7h', '5s', '9h', '6h', '5h']",,,100,100
779,Pre-Flop,1,-3384,3384,RAISE,3,"['4s', '5d']","['Ah', '6s']","['7d', 'Ad']",,,1,1
779,Pre-Flop,0,-3384,3384,RAISE,95,"['4s', '5d']","['Ah', '6s']","['7d', 'Ad']",,,2,2
779,Pre-Flop,1,-3384,3384,CALL,0,"['4s', '5d']","['Ah', '6s']","['7d', 'Ad']",,,5,5
779,Pre-Flop,0,-3384,3384,CHECK,0,"['4s', '5d']","['Ah', '6s']","['7d', 'Ad']",,,100,100
779,Flop,1,-3384,3384,DISCARD,0,"['4s', '5d']","['Ah', '6s']","['7d', 'Ad', '2s']",,,100,100
779,Flop,1,-3384,3384,CHECK,0,"['4s', '5d']","['3d', '6s']","['7d', 'Ad', '2s']",,Ah,100,100
779,Flop,0,-3384,3384,CHECK,0,"['4s', '5d']","['3d', '6s']","['7d', 'Ad', '2s']",,Ah,100,100
779,Turn,1,-3384,3384,CHECK,0,"['4s', '5d']","['3d', '6s']","['7d', 'Ad', '2s', '5s']",,Ah,100,100
779,Turn,0,-3384,3384,CHECK,0,"['4s', '5d']","['3d', '6s']","['7d', 'Ad', '2s', '5s']",,Ah,100,100
779,River,1,-3384,3384,CHECK,0,"['4s', '5d']","['3d', '6s']","['7d', 'Ad', '2s', '5s', '4d']",,Ah,100,100
779,River,0,-3384,3384,CHECK,0,"['4s', '5d']","['3d', '6s']","['7d', 'Ad', '2s', '5s', '4d']",,Ah,100,100
780,Pre-Flop,0,-3484,3484,RAISE,98,"['8d', '6s']","['5s', '9h']","['7h', '8s']",,,1,1
780,Pre-Flop,1,-3484,3484,CALL,0,"['8d', '6s']","['5s', '9h']","['7h', '8s']",,,2,2
780,Flop,0,-3484,3484,CHECK,0,"['8d', '6s']","['5s', '9h']","['7h', '8s', '9d']",,,100,100
780,Flop,1,-3484,3484,DISCARD,0,"['8d', '6s']","['5s', '9h']","['7h', '8s', '9d']",,,100,100
780,Flop,1,-3484,3484,CHECK,0,"['8d', '6s']","['5s', '8h']","['7h', '8s', '9d']",,9h,100,100
780,Turn,0,-3484,3484,CHECK,0,"['8d', '6s']","['5s', '8h']","['7h', '8s', '9d', '9s']",,9h,100,100
780,Turn,1,-3484,3484,CHECK,0,"['8d', '6s']","['5s', '8h']","['7h', '8s', '9d', '9s']",,9h,100,100
780,River,0,-3484,3484,CHECK,0,"['8d', '6s']","['5s', '8h']","['7h', '8s', '9d', '9s', '5d']",,9h,100,100
780,River,1,-3484,3484,CHECK,0,"['8d', '6s']","['5s', '8h']","['7h', '8s', '9d', '9s', '5d']",,9h,100,100
781,Pre-Flop,1,-3384,3384,RAISE,2,"['6h', '9s']","['4h', '5h']","['4d', '8d']",,,1,1
781,Pre-Flop,0,-3384,3384,RAISE,96,"['6h', '9s']","['4h', '5h']","['4d', '8d']",,,2,2
781,Pre-Flop,1,-3384,3384,CALL,0,"['6h', '9s']","['4h', '5h']","['4d', '8d']",,,4,4
781,Pre-Flop,0,-3384,3384,CHECK,0,"['6h', '9s']","['4h', '5h']","['4d', '8d']",,,100,100
781,Flop,1,-3384,3384,DISCARD,0,"['6h', '9s']","['4h', '5h']","['4d', '8d', '6s']",,,100,100
781,Flop,1,-3384,3384,CHECK,0,"['6h', '9s']","['2s', '5h']","['4d', '8d', '6s']",,4h,100,100
781,Flop,0,-3384,3384,CHECK,0,"['6h', '9s']","['2s', '5h']","['4d', '8d', '6s']",,4h,100,100
781,Turn,1,-3384,3384,CHECK,0,"['6h', '9s']","['2s', '5h']","['4d', '8d', '6s', '6d']",,4h,100,100
781,Turn,0,-3384,3384,CHECK,0,"['6h', '9s']","['2s', '5h']","['4d', '8d', '6s', '6d']",,4h,100,100
781,River,1,-3384,3384,CHECK,0,"['6h', '9s']","['2s', '5h']","['4d', '8d', '6s', '6d', '3h']",,4h,100,100
781,River,0,-3384,3384,CHECK,0,"['6h', '9s']","['2s', '5h']","['4d', '8d', '6s', '6d', '3h']",,4h,100,100
782,Pre-Flop,0,-3484,3484,RAISE,98,"['9s', 'Ad']","['Ah', '6s']","['3s', '9h']",,,1,1
782,Pre-Flop,1,-3484,3484,CALL,0,"['9s', 'Ad']","['Ah', '6s']","['3s', '9h']",,,2,2
782,Flop,0,-3484,3484,CHECK,0,"['9s', 'Ad']","['Ah', '6s']","['3s', '9h', '3d']",,,100,100
782,Flop,1,-3484,3484,DISCARD,0,"['9s', 'Ad']","['Ah', '6s']","['3s', '9h', '3d']",,,100,100
782,Flop,1,-3484,3484,CHECK,0,"['9s', 'Ad']","['6d', '6s']","['3s', '9h', '3d']",,Ah,100,100
782,Turn,0,-3484,3484,CHECK,0,"['9s', 'Ad']","['6d', '6s']","['3s', '9h', '3d', '4h']",,Ah,100,100
782,Turn,1,-3484,3484,CHECK,0,"['9s', 'Ad']","['6d', '6s']","['3s', '9h', '3d', '4h']",,Ah,100,100
782,River,0,-3484,3484,CHECK,0,"['9s', 'Ad']","['6d', '6s']","['3s', '9h', '3d', '4h', '5s']",,Ah,100,100
782,River,1,-3484,3484,CHECK,0,"['9s', 'Ad']","['6d', '6s']","['3s', '9h', '3d', '4h', '5s']",,Ah,100,100
783,Pre-Flop,1,-3384,3384,RAISE,2,"['6s', 'Ah']","['9s', 'Ad']","['4d', 'As']",,,1,1
783,Pre-Flop,0,-3384,3384,RAISE,96,"['6s', 'Ah']","['9s', 'Ad']","['4d', 'As']",,,2,2
783,Pre-Flop,1,-3384,3384,CALL,0,"['6s', 'Ah']","['9s', 'Ad']","['4d', 'As']",,,4,4
783,Pre-Flop,0,-3384,3384,CHECK,0,"['6s', 'Ah']","['9s', 'Ad']","['4d', 'As']",,,100,100
783,Flop,1,-3384,3384,DISCARD,0,"['6s', 'Ah']","['9s', 'Ad']","['4d', 'As', '6h']",,,100,100
783,Flop,1,-3384,3384,CHECK,0,"['6s', 'Ah']","['9s', '5d']","['4d', 'As', '6h']",,Ad,100,100
783,Flop,0,-3384,3384,CHECK,0,"['6s', 'Ah']","['9s', '5d']","['4d', 'As', '6h']",,Ad,100,100
783,Turn,1,-3384,3384,CHECK,0,"['6s', 'Ah']","['9s', '5d']","['4d', 'As', '6h', '2h']",,Ad,100,100
783,Turn,0,-3384,3384,CHECK,0,"['6s', 'Ah']","['9s', '5d']","['4d', 'As', '6h', '2h']",,Ad,100,100
783,River,1,-3384,3384,CHECK,0,"['6s', 'Ah']","['9s', '5d']","['4d', 'As', '6h', '2h', '8h']",,Ad,100,100
783,River,0,-3384,3384,CHECK,0,"['6s', 'Ah']","['9s', '5d']","['4d', 'As', '6h', '2h', '8h']",,Ad,100,100
784,Pre-Flop,0,-3284,3284,RAISE,98,"['5d', '8h']","['Ad', '3s']","['4s', 'As']",,,1,1
784,Pre-Flop,1,-3284,3284,CALL,0,"['5d', '8h']","['Ad', '3s']","['4s', 'As']",,,2,2
784,Flop,0,-3284,3284,CHECK,0,"['5d', '8h']","['Ad', '3s']","['4s', 'As', '7s']",,,100,100
784,Flop,1,-3284,3284,DISCARD,0,"['5d', '8h']","['Ad', '3s']","['4s', 'As', '7s']",,,100,100
784,Flop,1,-3284,3284,CHECK,0,"['5d', '8h']","['5h', '3s']","['4s', 'As', '7s']",,Ad,100,100
784,Turn,0,-3284,3284,CHECK,0,"['5d', '8h']","['5h', '3s']","['4s', 'As', '7s', '3d']",,Ad,100,100
784,Turn,1,-3284,3284,CHECK,0,"['5d', '8h']","['5h', '3s']","['4s', 'As', '7s', '3d']",,Ad,100,100
784,River,0,-3284,3284,CHECK,0,"['5d', '8h']","['5h', '3s']","['4s', 'As', '7s', '3d', '9d']",,Ad,100,100
784,River,1,-3284,3284,CHECK,0,"['5d', '8h']","['5h', '3s']","['4s', 'As', '7s', '3d', '9d']",,Ad,100,100
785,Pre-Flop,1,-3384,3384,RAISE,3,"['6s', '3h']","['9h', '9s']","['5h', '5s']",,,1,1
785,Pre-Flop,0,-3384,3384,RAISE,95,"['6s', '3h']","['9h', '9s']","['5h', '5s']",,,2,2
785,Pre-Flop,1,-3384,3384,CALL,0,"['6s', '3h']","['9h', '9s']","['5h', '5s']",,,5,5
785,Pre-Flop,0,-3384,3384,CHECK,0,"['6s', '3h']","['9h', '9s']","['5h', '5s']",,,100,100
785,Flop,1,-3384,3384,DISCARD,0,"['6s', '3h']","['9h', '9s']","['5h', '5s', '4s']",,,100,100
785,Flop,1,-3384,3384,CHECK,0,"['6s', '3h']","['7d', '9s']","['5h', '5s', '4s']",,9h,100,100
785,Flop,0,-3384,3384,CHECK,0,"['6s', '3h']","['7d', '9s']","['5h', '5s', '4s']",,9h,100,100
785,Turn,1,-3384,3384,CHECK,0,"['6s', '3h']","['7d', '9s']","['5h', '5s', '4s', '6h']",,9h,100,100
785,Turn,0,-3384,3384,CHECK,0,"['6s', '3h']","['7d', '9s']","['5h', '5s', '4s', '6h']",,9h,100,100
785,River,1,-3384,3384,CHECK,0,"['6s', '3h']","['7d', '9s']","['5h', '5s', '4s', '6h', '2h']",,9h,100,100
785,River,0,-3384,3384,CHECK,0,"['6s', '3h']","['7d', '9s']","['5h', '5s', '4s', '6h', '2h']",,9h,100,100
786,Pre-Flop,0,-3284,3284,RAISE,98,"['Ah', '9s']","['5h', '6h']","['8h', '7d']",,,1,1
786,Pre-Flop,1,-3284,3284,CALL,0,"['Ah', '9s']","['5h', '6h']","['8h', '7d']",,,2,2
786,Flop,0,-3284,3284,CHECK,0,"['Ah', '9s']","['5h', '6h']","['8h', '7d', '7h']",,,100,100
786,Flop,1,-3284,3284,CHECK,0,"['Ah', '9s']","['5h', '6h']","['8h', '7d', '7h']",,,100,100
786,Turn,0,-3284,3284,CHECK,0,"['Ah', '9s']","['5h', '6h']","['8h', '7d', '7h', '8d']",,,100,100
786,Turn,1,-3284,3284,CHECK,0,"['Ah', '9s']","['5h', '6h']","['8h', '7d', '7h', '8d']",,,100,100
786,River,0,-3284,3284,CHECK,0,"['Ah', '9s']","['5h', '6h']","['8h', '7d', '7h', '8d', '4d']",,,100,100
786,River,1,-3284,3284,CHECK,0,"['Ah', '9s']","['5h', '6h']","['8h', '7d', '7h', '8d', '4d']",,,100,100
787,Pre-Flop,1,-3384,3384,RAISE,2,"['2s', '6d']","['3h', '5s']","['As', '6h']",,,1,1
787,Pre-Flop,0,-3384,3384,RAISE,96,"['2s', '6d']","['3h', '5s']","['As', '6h']",,,2,2
787,Pre-Flop,1,-3384,3384,CALL,0,"['2s', '6d']","['3h', '5s']","['As', '6h']",,,4,4
787,Pre-Flop,0,-3384,3384,CHECK,0,"['2s', '6d']","['3h', '5s']","['As', '6h']",,,100,100
787,Flop,1,-3384,3384,DISCARD,0,"['2s', '6d']","['3h', '5s']","['As', '6h', '2h']",,,100,100
787,Flop,1,-3384,3384,CHECK,0,"['2s', '6d']","['3h', '4s']","['As', '6h', '2h']",,5s,100,100
787,Flop,0,-3384,3384,CHECK,0,"['2s', '6d']","['3h', '4s']","['As', '6h', '2h']",,5s,100,100
787,Turn,1,-3384,3384,CHECK,0,"['2s', '6d']","['3h', '4s']","['As', '6h', '2h', '4h']",,5s,100,100
787,Turn,0,-3384,3384,CHECK,0,"['2s', '6d']","['3h', '4s']","['As', '6h', '2h', '4h']",,5s,100,100
787,River,1,-3384,3384,CHECK,0,"['2s', '6d']","['3h', '4s']","['As', '6h', '2h', '4h', '7d']",,5s,100,100
787,River,0,-3384,3384,CHECK,0,"['2s', '6d']","['3h', '4s']","['As', '6h', '2h', '4h', '7d']",,5s,100,100
788,Pre-Flop,0,-3284,3284,RAISE,98,"['8d', '5s']","['3h', 'Ad']","['4d', '8s']",,,1,1
788,Pre-Flop,1,-3284,3284,CALL,0,"['8d', '5s']","['3h', 'Ad']","['4d', '8s']",,,2,2
788,Flop,0,-3284,3284,CHECK,0,"['8d', '5s']","['3h', 'Ad']","['4d', '8s', '6h']",,,100,100
788,Flop,1,-3284,3284,DISCARD,0,"['8d', '5s']","['3h', 'Ad']","['4d', '8s', '6h']",,,100,100
788,Flop,1,-3284,3284,CHECK,0,"['8d', '5s']","['3h', '2d']","['4d', '8s', '6h']",,Ad,100,100
788,Turn,0,-3284,3284,CHECK,0,"['8d', '5s']","['3h', '2d']","['4d', '8s', '6h', '3s']",,Ad,100,100
788,Turn,1,-3284,3284,CHECK,0,"['8d', '5s']","['3h', '2d']","['4d', '8s', '6h', '3s']",,Ad,100,100
788,River,0,-3284,3284,CHECK,0,"['8d', '5s']","['3h', '2d']","['4d', '8s', '6h', '3s', 'Ah']",,Ad,100,100
788,River,1,-3284,3284,CHECK,0,"['8d', '5s']","['3h', '2d']","['4d', '8s', '6h', '3s', 'Ah']",,Ad,100,100
789,Pre-Flop,1,-3184,3184,RAISE,2,"['6s', '8h']","['3d', '9d']","['3h', '9h']",,,1,1
789,Pre-Flop,0,-3184,3184,RAISE,96,"['6s', '8h']","['3d', '9d']","['3h', '9h']",,,2,2
789,Pre-Flop,1,-3184,3184,CALL,0,"['6s', '8h']","['3d', '9d']","['3h', '9h']",,,4,4
789,Pre-Flop,0,-3184,3184,CHECK,0,"['6s', '8h']","['3d', '9d']","['3h', '9h']",,,100,100
789,Flop,1,-3184,3184,DISCARD,0,"['6s', '8h']","['3d', '9d']","['3h', '9h', '4h']",,,100,100
789,Flop,1,-3184,3184,CHECK,0,"['6s', '8h']","['3d', 'Ad']","['3h', '9h', '4h']",,9d,100,100
789,Flop,0,-3184,3184,CHECK,0,"['6s', '8h']","['3d', 'Ad']","['3h', '9h', '4h']",,9d,100,100
789,Turn,1,-3184,3184,CHECK,0,"['6s', '8h']","['3d', 'Ad']","['3h', '9h', '4h', 'Ah']",,9d,100,100
789,Turn,0,-3184,3184,CHECK,0,"['6s', '8h']","['3d', 'Ad']","['3h', '9h', '4h', 'Ah']",,9d,100,100
789,River,1,-3184,3184,CHECK,0,"['6s', '8h']","['3d', 'Ad']","['3h', '9h', '4h', 'Ah', '6h']",,9d,100,100
789,River,0,-3184,3184,CHECK,0,"['6s', '8h']","['3d', 'Ad']","['3h', '9h', '4h', 'Ah', '6h']",,9d,100,100
790,Pre-Flop,0,-3084,3084,RAISE,98,"['8d', '3s']","['6d', '4s']","['5h', '4h']",,,1,1
790,Pre-Flop,1,-3084,3084,CALL,0,"['8d', '3s']","['6d', '4s']","['5h', '4h']",,,2,2
790,Flop,0,-3084,3084,CHECK,0,"['8d', '3s']","['6d', '4s']","['5h', '4h', '8s']",,,100,100
790,Flop,1,-3084,3084,DISCARD,0,"['8d', '3s']","['6d', '4s']","['5h', '4h', '8s']",,,100,100
790,Flop,1,-3084,3084,CHECK,0,"['8d', '3s']","['Ad', '4s']","['5h', '4h', '8s']",,6d,100,100
790,Turn,0,-3084,3084,CHECK,0,"['8d', '3s']","['Ad', '4s']","['5h', '4h', '8s', '7h']",,6d,100,100
790,Turn,1,-3084,3084,CHECK,0,"['8d', '3s']","['Ad', '4s']","['5h', '4h', '8s', '7h']",,6d,100,100
790,River,0,-3084,3084,CHECK,0,"['8d', '3s']","['Ad', '4s']","['5h', '4h', '8s', '7h', 'Ah']",,6d,100,100
790,River,1,-3084,3084,CHECK,0,"['8d', '3s']","['Ad', '4s']","['5h', '4h', '8s', '7h', 'Ah']",,6d,100,100
791,Pre-Flop,1,-3184,3184,RAISE,3,"['7d', '8d']","['9s', '3h']","['2s', '9h']",,,1,1
791,Pre-Flop,0,-3184,3184,RAISE,95,"['7d', '8d']","['9s', '3h']","['2s', '9h']",,,2,2
791,Pre-Flop,1,-3184,3184,CALL,0,"['7d', '8d']","['9s', '3h']","['2s', '9h']",,,5,5
791,Pre-Flop,0,-3184,3184,CHECK,0,"['7d', '8d']","['9s', '3h']","['2s', '9h']",,,100,100
791,Flop,1,-3184,3184,DISCARD,0,"['7d', '8d']","['9s', '3h']","['2s', '9h', 'Ah']",,,100,100
791,Flop,1,-3184,3184,CHECK,0,"['7d', '8d']","['9s', '3s']","['2s', '9h', 'Ah']",,3h,100,100
791,Flop,0,-3184,3184,CHECK,0,"['7d', '8d']","['9s', '3s']","['2s', '9h', 'Ah']",,3h,100,100
791,Turn,1,-3184,3184,CHECK,0,"['7d', '8d']","['9s', '3s']","['2s', '9h', 'Ah', '4d']",,3h,100,100
791,Turn,0,-3184,3184,CHECK,0,"['7d', '8d']","['9s', '3s']","['2s', '9h', 'Ah', '4d']",,3h,100,100
791,River,1,-3184,3184,CHECK,0,"['7d', '8d']","['9s', '3s']","['2s', '9h', 'Ah', '4d', '5h']",,3h,100,100
791,River,0,-3184,3184,CHECK,0,"['7d', '8d']","['9s', '3s']","['2s', '9h', 'Ah', '4d', '5h']",,3h,100,100
792,Pre-Flop,0,-3284,3284,RAISE,98,"['9h', '3s']","['2d', '6h']","['2h', '4d']",,,1,1
792,Pre-Flop,1,-3284,3284,CALL,0,"['9h', '3s']","['2d', '6h']","['2h', '4d']",,,2,2
792,Flop,0,-3284,3284,CHECK,0,"['9h', '3s']","['2d', '6h']","['2h', '4d', '4h']",,,100,100
792,Flop,1,-3284,3284,DISCARD,0,"['9h', '3s']","['2d', '6h']","['2h', '4d', '4h']",,,100,100
792,Flop,1,-3284,3284,CHECK,0,"['9h', '3s']","['2d', '7d']","['2h', '4d', '4h']",,6h,100,100
792,Turn,0,-3284,3284,CHECK,0,"['9h', '3s']","['2d', '7d']","['2h', '4d', '4h', '6s']",,6h,100,100
792,Turn,1,-3284,3284,CHECK,0,"['9h', '3s']","['2d', '7d']","['2h', '4d', '4h', '6s']",,6h,100,100
792,River,0,-3284,3284,CHECK,0,"['9h', '3s']","['2d', '7d']","['2h', '4d', '4h', '6s', '2s']",,6h,100,100
792,River,1,-3284,3284,CHECK,0,"['9h', '3s']","['2d', '7d']","['2h', '4d', '4h', '6s', '2s']",,6h,100,100
793,Pre-Flop,1,-3384,3384,RAISE,3,"['2h', '5h']","['7h', '4d']","['As', '9s']",,,1,1
793,Pre-Flop,0,-3384,3384,RAISE,95,"['2h', '5h']","['7h', '4d']","['As', '9s']",,,2,2
793,Pre-Flop,1,-3384,3384,DISCARD,0,"['2h', '5h']","['7h', '4d']","['As', '9s']",,,5,5
793,Pre-Flop,1,-3384,3384,CALL,0,"['2h', '5h']","['7h', '8h']","['As', '9s']",,4d,5,5
793,Pre-Flop,0,-3384,3384,CHECK,0,"['2h', '5h']","['7h', '8h']","['As', '9s']",,4d,100,100
793,Flop,1,-3384,3384,CHECK,0,"['2h', '5h']","['7h', '8h']","['As', '9s', 'Ad']",,4d,100,100
793,Flop,0,-3384,3384,CHECK,0,"['2h', '5h']","['7h', '8h']","['As', '9s', 'Ad']",,4d,100,100
793,Turn,1,-3384,3384,CHECK,0,"['2h', '5h']","['7h', '8h']","['As', '9s', 'Ad', '3s']",,4d,100,100
793,Turn,0,-3384,3384,CHECK,0,"['2h', '5h']","['7h', '8h']","['As', '9s', 'Ad', '3s']",,4d,100,100
793,River,1,-3384,3384,CHECK,0,"['2h', '5h']","['7h', '8h']","['As', '9s', 'Ad', '3s', '9h']",,4d,100,100
793,River,0,-3384,3384,CHECK,0,"['2h', '5h']","['7h', '8h']","['As', '9s', 'Ad', '3s', '9h']",,4d,100,100
794,Pre-Flop,0,-3484,3484,RAISE,98,"['Ad', '3d']","['9d', '3h']","['7d', '6d']",,,1,1
794,Pre-Flop,1,-3484,3484,CALL,0,"['Ad', '3d']","['9d', '3h']","['7d', '6d']",,,2,2
794,Flop,0,-3484,3484,CHECK,0,"['Ad', '3d']","['9d', '3h']","['7d', '6d', '7s']",,,100,100
794,Flop,1,-3484,3484,DISCARD,0,"['Ad', '3d']","['9d', '3h']","['7d', '6d', '7s']",,,100,100
794,Flop,1,-3484,3484,CHECK,0,"['Ad', '3d']","['9d', '3s']","['7d', '6d', '7s']",,3h,100,100
794,Turn,0,-3484,3484,CHECK,0,"['Ad', '3d']","['9d', '3s']","['7d', '6d', '7s', 'Ah']",,3h,100,100
794,Turn,1,-3484,3484,CHECK,0,"['Ad', '3d']","['9d', '3s']","['7d', '6d', '7s', 'Ah']",,3h,100,100
794,River,0,-3484,3484,CHECK,0,"['Ad', '3d']","['9d', '3s']","['7d', '6d', '7s', 'Ah', '8h']",,3h,100,100
794,River,1,-3484,3484,CHECK,0,"['Ad', '3d']","['9d', '3s']","['7d', '6d', '7s', 'Ah', '8h']",,3h,100,100
795,Pre-Flop,1,-3584,3584,CALL,0,"['7s', 'Ah']","['2d', 'Ad']","['8h', '6h']",,,1,1
795,Pre-Flop,0,-3584,3584,RAISE,98,"['7s', 'Ah']","['2d', 'Ad']","['8h', '6h']",,,2,2
795,Pre-Flop,1,-3584,3584,CALL,0,"['7s', 'Ah']","['2d', 'Ad']","['8h', '6h']",,,2,2
795,Pre-Flop,0,-3584,3584,CHECK,0,"['7s', 'Ah']","['2d', 'Ad']","['8h', '6h']",,,100,100
795,Flop,1,-3584,3584,DISCARD,0,"['7s', 'Ah']","['2d', 'Ad']","['8h', '6h', 'As']",,,100,100
795,Flop,1,-3584,3584,CHECK,0,"['7s', 'Ah']","['2d', '2h']","['8h', '6h', 'As']",,Ad,100,100
795,Flop,0,-3584,3584,CHECK,0,"['7s', 'Ah']","['2d', '2h']","['8h', '6h', 'As']",,Ad,100,100
795,Turn,1,-3584,3584,CHECK,0,"['7s', 'Ah']","['2d', '2h']","['8h', '6h', 'As', '3h']",,Ad,100,100
795,Turn,0,-3584,3584,CHECK,0,"['7s', 'Ah']","['2d', '2h']","['8h', '6h', 'As', '3h']",,Ad,100,100
795,River,1,-3584,3584,CHECK,0,"['7s', 'Ah']","['2d', '2h']","['8h', '6h', 'As', '3h', '9d']",,Ad,100,100
795,River,0,-3584,3584,CHECK,0,"['7s', 'Ah']","['2d', '2h']","['8h', '6h', 'As', '3h', '9d']",,Ad,100,100
796,Pre-Flop,0,-3484,3484,RAISE,98,"['4d', '6h']","['Ad', '8d']","['2d', '9h']",,,1,1
796,Pre-Flop,1,-3484,3484,CALL,0,"['4d', '6h']","['Ad', '8d']","['2d', '9h']",,,2,2
796,Flop,0,-3484,3484,CHECK,0,"['4d', '6h']","['Ad', '8d']","['2d', '9h', '4h']",,,100,100
796,Flop,1,-3484,3484,CHECK,0,"['4d', '6h']","['Ad', '8d']","['2d', '9h', '4h']",,,100,100
796,Turn,0,-3484,3484,CHECK,0,"['4d', '6h']","['Ad', '8d']","['2d', '9h', '4h', '2h']",,,100,100
796,Turn,1,-3484,3484,CHECK,0,"['4d', '6h']","['Ad', '8d']","['2d', '9h', '4h', '2h']",,,100,100
796,River,0,-3484,3484,CHECK,0,"['4d', '6h']","['Ad', '8d']","['2d', '9h', '4h', '2h', '5h']",,,100,100
796,River,1,-3484,3484,CHECK,0,"['4d', '6h']","['Ad', '8d']","['2d', '9h', '4h', '2h', '5h']",,,100,100
797,Pre-Flop,1,-3384,3384,RAISE,2,"['3h', '6d']","['4s', '7h']","['6s', '5h']",,,1,1
797,Pre-Flop,0,-3384,3384,RAISE,96,"['3h', '6d']","['4s', '7h']","['6s', '5h']",,,2,2
797,Pre-Flop,1,-3384,3384,CALL,0,"['3h', '6d']","['4s', '7h']","['6s', '5h']",,,4,4
797,Pre-Flop,0,-3384,3384,CHECK,0,"['3h', '6d']","['4s', '7h']","['6s', '5h']",,,100,100
797,Flop,1,-3384,3384,DISCARD,0,"['3h', '6d']","['4s', '7h']","['6s', '5h', '3d']",,,100,100
797,Flop,1,-3384,3384,CHECK,0,"['3h', '6d']","['4d', '7h']","['6s', '5h', '3d']",,4s,100,100
797,Flop,0,-3384,3384,CHECK,0,"['3h', '6d']","['4d', '7h']","['6s', '5h', '3d']",,4s,100,100
797,Turn,1,-3384,3384,CHECK,0,"['3h', '6d']","['4d', '7h']","['6s', '5h', '3d', 'As']",,4s,100,100
797,Turn,0,-3384,3384,CHECK,0,"['3h', '6d']","['4d', '7h']","['6s', '5h', '3d', 'As']",,4s,100,100
797,River,1,-3384,3384,CHECK,0,"['3h', '6d']","['4d', '7h']","['6s', '5h', '3d', 'As', '8h']",,4s,100,100
797,River,0,-3384,3384,CHECK,0,"['3h', '6d']","['4d', '7h']","['6s', '5h', '3d', 'As', '8h']",,4s,100,100
798,Pre-Flop,0,-3484,3484,RAISE,98,"['2h', '4d']","['As', '4h']","['8h', '4s']",,,1,1
798,Pre-Flop,1,-3484,3484,CALL,0,"['2h', '4d']","['As', '4h']","['8h', '4s']",,,2,2
798,Flop,0,-3484,3484,CHECK,0,"['2h', '4d']","['As', '4h']","['8h', '4s', '6d']",,,100,100
798,Flop,1,-3484,3484,DISCARD,0,"['2h', '4d']","['As', '4h']","['8h', '4s', '6d']",,,100,100
798,Flop,1,-3484,3484,CHECK,0,"['2h', '4d']","['As', '2s']","['8h', '4s', '6d']",,4h,100,100
798,Turn,0,-3484,3484,CHECK,0,"['2h', '4d']","['As', '2s']","['8h', '4s', '6d', '7s']",,4h,100,100
798,Turn,1,-3484,3484,CHECK,0,"['2h', '4d']","['As', '2s']","['8h', '4s', '6d', '7s']",,4h,100,100
798,River,0,-3484,3484,CHECK,0,"['2h', '4d']","['As', '2s']","['8h', '4s', '6d', '7s', '7h']",,4h,100,100
798,River,1,-3484,3484,CHECK,0,"['2h', '4d']","['As', '2s']","['8h', '4s', '6d', '7s', '7h']",,4h,100,100
799,Pre-Flop,1,-3384,3384,CALL,0,"['6h', '4s']","['9d', '2d']","['8h', 'As']",,,1,1
799,Pre-Flop,0,-3384,3384,RAISE,98,"['6h', '4s']","['9d', '2d']","['8h', 'As']",,,2,2
799,Pre-Flop,1,-3384,3384,CALL,0,"['6h', '4s']","['9d', '2d']","['8h', 'As']",,,2,2
799,Pre-Flop,0,-3384,3384,CHECK,0,"['6h', '4s']","['9d', '2d']","['8h', 'As']",,,100,100
799,Flop,1,-3384,3384,DISCARD,0,"['6h', '4s']","['9d', '2d']","['8h', 'As', '4d']",,,100,100
799,Flop,1,-3384,3384,CHECK,0,"['6h', '4s']","['7h', '2d']","['8h', 'As', '4d']",,9d,100,100
799,Flop,0,-3384,3384,CHECK,0,"['6h', '4s']","['7h', '2d']","['8h', 'As', '4d']",,9d,100,100
799,Turn,1,-3384,3384,CHECK,0,"['6h', '4s']","['7h', '2d']","['8h', 'As', '4d', '5h']",,9d,100,100
799,Turn,0,-3384,3384,CHECK,0,"['6h', '4s']","['7h', '2d']","['8h', 'As', '4d', '5h']",,9d,100,100
799,River,1,-3384,3384,CHECK,0,"['6h', '4s']","['7h', '2d']","['8h', 'As', '4d', '5h', '2s']",,9d,100,100
799,River,0,-3384,3384,CHECK,0,"['6h', '4s']","['7h', '2d']","['8h', 'As', '4d', '5h', '2s']",,9d,100,100
800,Pre-Flop,0,-3284,3284,RAISE,98,"['9s', '8h']","['4d', '2d']","['7s', '2h']",,,1,1
800,Pre-Flop,1,-3284,3284,DISCARD,0,"['9s', '8h']","['4d', '2d']","['7s', '2h']",,,2,2
800,Pre-Flop,1,-3284,3284,CALL,0,"['9s', '8h']","['4d', '5s']","['7s', '2h']",,2d,2,2
800,Flop,0,-3284,3284,CHECK,0,"['9s', '8h']","['4d', '5s']","['7s', '2h', '6h']",,2d,100,100
800,Flop,1,-3284,3284,CHECK,0,"['9s', '8h']","['4d', '5s']","['7s', '2h', '6h']",,2d,100,100
800,Turn,0,-3284,3284,CHECK,0,"['9s', '8h']","['4d', '5s']","['7s', '2h', '6h', 'Ad']",,2d,100,100
800,Turn,1,-3284,3284,CHECK,0,"['9s', '8h']","['4d', '5s']","['7s', '2h', '6h', 'Ad']",,2d,100,100
800,River,0,-3284,3284,CHECK,0,"['9s', '8h']","['4d', '5s']","['7s', '2h', '6h', 'Ad', '3h']",,2d,100,100
800,River,1,-3284,3284,CHECK,0,"['9s', '8h']","['4d', '5s']","['7s', '2h', '6h', 'Ad', '3h']",,2d,100,100
801,Pre-Flop,1,-3184,3184,RAISE,2,"['8h', '7s']","['3d', 'As']","['5d', '2d']",,,1,1
801,Pre-Flop,0,-3184,3184,RAISE,96,"['8h', '7s']","['3d', 'As']","['5d', '2d']",,,2,2
801,Pre-Flop,1,-3184,3184,CALL,0,"['8h', '7s']","['3d', 'As']","['5d', '2d']",,,4,4
801,Pre-Flop,0,-3184,3184,CHECK,0,"['8h', '7s']","['3d', 'As']","['5d', '2d']",,,100,100
801,Flop,1,-3184,3184,DISCARD,0,"['8h', '7s']","['3d', 'As']","['5d', '2d', '9d']",,,100,100
801,Flop,1,-3184,3184,CHECK,0,"['8h', '7s']","['3d', '9h']","['5d', '2d', '9d']",,As,100,100
801,Flop,0,-3184,3184,CHECK,0,"['8h', '7s']","['3d', '9h']","['5d', '2d', '9d']",,As,100,100
801,Turn,1,-3184,3184,CHECK,0,"['8h', '7s']","['3d', '9h']","['5d', '2d', '9d', 'Ah']",,As,100,100
801,Turn,0,-3184,3184,CHECK,0,"['8h', '7s']","['3d', '9h']","['5d', '2d', '9d', 'Ah']",,As,100,100
801,River,1,-3184,3184,CHECK,0,"['8h', '7s']","['3d', '9h']","['5d', '2d', '9d', 'Ah', '4s']",,As,100,100
801,River,0,-3184,3184,CHECK,0,"['8h', '7s']","['3d', '9h']","['5d', '2d', '9d', 'Ah', '4s']",,As,100,100
802,Pre-Flop,0,-3284,3284,RAISE,98,"['5d', '4s']","['7h', '3d']","['7s', '7d']",,,1,1
802,Pre-Flop,1,-3284,3284,CALL,0,"['5d', '4s']","['7h', '3d']","['7s', '7d']",,,2,2
802,Flop,0,-3284,3284,CHECK,0,"['5d', '4s']","['7h', '3d']","['7s', '7d', '2h']",,,100,100
802,Flop,1,-3284,3284,DISCARD,0,"['5d', '4s']","['7h', '3d']","['7s', '7d', '2h']",,,100,100
802,Flop,1,-3284,3284,CHECK,0,"['5d', '4s']","['8s', '3d']","['7s', '7d', '2h']",,7h,100,100
802,Turn,0,-3284,3284,CHECK,0,"['5d', '4s']","['8s', '3d']","['7s', '7d', '2h', '9h']",,7h,100,100
802,Turn,1,-3284,3284,CHECK,0,"['5d', '4s']","['8s', '3d']","['7s', '7d', '2h', '9h']",,7h,100,100
802,River,0,-3284,3284,CHECK,0,"['5d', '4s']","['8s', '3d']","['7s', '7d', '2h', '9h', '9s']",,7h,100,100
802,River,1,-3284,3284,CHECK,0,"['5d', '4s']","['8s', '3d']","['7s', '7d', '2h', '9h', '9s']",,7h,100,100
803,Pre-Flop,1,-3384,3384,DISCARD,0,"['4s', '2h']","['4d', '7h']","['8s', '6s']",,,1,1
803,Pre-Flop,1,-3384,3384,RAISE,2,"['4s', '2h']","['Ad', '7h']","['8s', '6s']",,4d,1,1
803,Pre-Flop,0,-3384,3384,RAISE,96,"['4s', '2h']","['Ad', '7h']","['8s', '6s']",,4d,2,2
803,Pre-Flop,1,-3384,3384,CALL,0,"['4s', '2h']","['Ad', '7h']","['8s', '6s']",,4d,4,4
803,Pre-Flop,0,-3384,3384,CHECK,0,"['4s', '2h']","['Ad', '7h']","['8s', '6s']",,4d,100,100
803,Flop,1,-3384,3384,CHECK,0,"['4s', '2h']","['Ad', '7h']","['8s', '6s', '5d']",,4d,100,100
803,Flop,0,-3384,3384,CHECK,0,"['4s', '2h']","['Ad', '7h']","['8s', '6s', '5d']",,4d,100,100
803,Turn,1,-3384,3384,CHECK,0,"['4s', '2h']","['Ad', '7h']","['8s', '6s', '5d', '7d']",,4d,100,100
803,Turn,0,-3384,3384,CHECK,0,"['4s', '2h']","['Ad', '7h']","['8s', '6s', '5d', '7d']",,4d,100,100
803,River,1,-3384,3384,CHECK,0,"['4s', '2h']","['Ad', '7h']","['8s', '6s', '5d', '7d', '2d']",,4d,100,100
803,River,0,-3384,3384,CHECK,0,"['4s', '2h']","['Ad', '7h']","['8s', '6s', '5d', '7d', '2d']",,4d,100,100
804,Pre-Flop,0,-3284,3284,RAISE,98,"['6d', '8h']","['5s', '4h']","['Ah', '8s']",,,1,1
804,Pre-Flop,1,-3284,3284,CALL,0,"['6d', '8h']","['5s', '4h']","['Ah', '8s']",,,2,2
804,Flop,0,-3284,3284,CHECK,0,"['6d', '8h']","['5s', '4h']","['Ah', '8s', '2h']",,,100,100
804,Flop,1,-3284,3284,DISCARD,0,"['6d', '8h']","['5s', '4h']","['Ah', '8s', '2h']",,,100,100
804,Flop,1,-3284,3284,CHECK,0,"['6d', '8h']","['7d', '4h']","['Ah', '8s', '2h']",,5s,100,100
804,Turn,0,-3284,3284,CHECK,0,"['6d', '8h']","['7d', '4h']","['Ah', '8s', '2h', '9d']",,5s,100,100
804,Turn,1,-3284,3284,CHECK,0,"['6d', '8h']","['7d', '4h']","['Ah', '8s', '2h', '9d']",,5s,100,100
804,River,0,-3284,3284,CHECK,0,"['6d', '8h']","['7d', '4h']","['Ah', '8s', '2h', '9d', '2d']",,5s,100,100
804,River,1,-3284,3284,CHECK,0,"['6d', '8h']","['7d', '4h']","['Ah', '8s', '2h', '9d', '2d']",,5s,100,100
805,Pre-Flop,1,-3184,3184,RAISE,3,"['7h', '6h']","['3s', '2d']","['8s', '5d']",,,1,1
805,Pre-Flop,0,-3184,3184,RAISE,95,"['7h', '6h']","['3s', '2d']","['8s', '5d']",,,2,2
805,Pre-Flop,1,-3184,3184,CALL,0,"['7h', '6h']","['3s', '2d']","['8s', '5d']",,,5,5
805,Pre-Flop,0,-3184,3184,CHECK,0,"['7h', '6h']","['3s', '2d']","['8s', '5d']",,,100,100
805,Flop,1,-3184,3184,DISCARD,0,"['7h', '6h']","['3s', '2d']","['8s', '5d', '6s']",,,100,100
805,Flop,1,-3184,3184,CHECK,0,"['7h', '6h']","['3s', '6d']","['8s', '5d', '6s']",,2d,100,100
805,Flop,0,-3184,3184,CHECK,0,"['7h', '6h']","['3s', '6d']","['8s', '5d', '6s']",,2d,100,100
805,Turn,1,-3184,3184,CHECK,0,"['7h', '6h']","['3s', '6d']","['8s', '5d', '6s', '9d']",,2d,100,100
805,Turn,0,-3184,3184,CHECK,0,"['7h', '6h']","['3s', '6d']","['8s', '5d', '6s', '9d']",,2d,100,100
805,River,1,-3184,3184,CHECK,0,"['7h', '6h']","['3s', '6d']","['8s', '5d', '6s', '9d', '2h']",,2d,100,100
805,River,0,-3184,3184,CHECK,0,"['7h', '6h']","['3s', '6d']","['8s', '5d', '6s', '9d', '2h']",,2d,100,100
806,Pre-Flop,0,-3084,3084,RAISE,98,"['7s', '4h']","['4d', '8d']","['5s', 'As']",,,1,1
806,Pre-Flop,1,-3084,3084,CALL,0,"['7s', '4h']","['4d', '8d']","['5s', 'As']",,,2,2
806,Flop,0,-3084,3084,CHECK,0,"['7s', '4h']","['4d', '8d']","['5s', 'As', '4s']",,,100,100
806,Flop,1,-3084,3084,DISCARD,0,"['7s', '4h']","['4d', '8d']","['5s', 'As', '4s']",,,100,100
806,Flop,1,-3084,3084,CHECK,0,"['7s', '4h']","['4d', '7h']","['5s', 'As', '4s']",,8d,100,100
806,Turn,0,-3084,3084,CHECK,0,"['7s', '4h']","['4d', '7h']","['5s', 'As', '4s', '2d']",,8d,100,100
806,Turn,1,-3084,3084,CHECK,0,"['7s', '4h']","['4d', '7h']","['5s', 'As', '4s', '2d']",,8d,100,100
806,River,0,-3084,3084,CHECK,0,"['7s', '4h']","['4d', '7h']","['5s', 'As', '4s', '2d', '7d']",,8d,100,100
806,River,1,-3084,3084,CHECK,0,"['7s', '4h']","['4d', '7h']","['5s', 'As', '4s', '2d', '7d']",,8d,100,100
807,Pre-Flop,1,-3084,3084,RAISE,2,"['2s', '8h']","['5s', '2h']","['9h', '8s']",,,1,1
807,Pre-Flop,0,-3084,3084,RAISE,96,"['2s', '8h']","['5s', '2h']","['9h', '8s']",,,2,2
807,Pre-Flop,1,-3084,3084,CALL,0,"['2s', '8h']","['5s', '2h']","['9h', '8s']",,,4,4
807,Pre-Flop,0,-3084,3084,CHECK,0,"['2s', '8h']","['5s', '2h']","['9h', '8s']",,,100,100
807,Flop,1,-3084,3084,DISCARD,0,"['2s', '8h']","['5s', '2h']","['9h', '8s', '7d']",,,100,100
807,Flop,1,-3084,3084,CHECK,0,"['2s', '8h']","['5s', '5h']","['9h', '8s', '7d']",,2h,100,100
807,Flop,0,-3084,3084,CHECK,0,"['2s', '8h']","['5s', '5h']","['9h', '8s', '7d']",,2h,100,100
807,Turn,1,-3084,3084,CHECK,0,"['2s', '8h']","['5s', '5h']","['9h', '8s', '7d', '4s']",,2h,100,100
807,Turn,0,-3084,3084,CHECK,0,"['2s', '8h']","['5s', '5h']","['9h', '8s', '7d', '4s']",,2h,100,100
807,River,1,-3084,3084,CHECK,0,"['2s', '8h']","['5s', '5h']","['9h', '8s', '7d', '4s', '6s']",,2h,100,100
807,River,0,-3084,3084,CHECK,0,"['2s', '8h']","['5s', '5h']","['9h', '8s', '7d', '4s', '6s']",,2h,100,100
808,Pre-Flop,0,-3184,3184,RAISE,98,"['4s', '2s']","['7d', 'Ah']","['8d', 'As']",,,1,1
808,Pre-Flop,1,-3184,3184,CALL,0,"['4s', '2s']","['7d', 'Ah']","['8d', 'As']",,,2,2
808,Flop,0,-3184,3184,CHECK,0,"['4s', '2s']","['7d', 'Ah']","['8d', 'As', '3h']",,,100,100
808,Flop,1,-3184,3184,DISCARD,0,"['4s', '2s']","['7d', 'Ah']","['8d', 'As', '3h']",,,100,100
808,Flop,1,-3184,3184,CHECK,0,"['4s', '2s']","['3s', 'Ah']","['8d', 'As', '3h']",,7d,100,100
808,Turn,0,-3184,3184,CHECK,0,"['4s', '2s']","['3s', 'Ah']","['8d', 'As', '3h', '5d']",,7d,100,100
808,Turn,1,-3184,3184,CHECK,0,"['4s', '2s']","['3s', 'Ah']","['8d', 'As', '3h', '5d']",,7d,100,100
808,River,0,-3184,3184,CHECK,0,"['4s', '2s']","['3s', 'Ah']","['8d', 'As', '3h', '5d', '6d']",,7d,100,100
808,River,1,-3184,3184,CHECK,0,"['4s', '2s']","['3s', 'Ah']","['8d', 'As', '3h', '5d', '6d']",,7d,100,100
809,Pre-Flop,1,-3084,3084,RAISE,3,"['4s', '7h']","['4d', 'As']","['3d', '6s']",,,1,1
809,Pre-Flop,0,-3084,3084,RAISE,95,"['4s', '7h']","['4d', 'As']","['3d', '6s']",,,2,2
809,Pre-Flop,1,-3084,3084,CALL,0,"['4s', '7h']","['4d', 'As']","['3d', '6s']",,,5,5
809,Pre-Flop,0,-3084,3084,CHECK,0,"['4s', '7h']","['4d', 'As']","['3d', '6s']",,,100,100
809,Flop,1,-3084,3084,DISCARD,0,"['4s', '7h']","['4d', 'As']","['3d', '6s', '5s']",,,100,100
809,Flop,1,-3084,3084,CHECK,0,"['4s', '7h']","['4d', '9s']","['3d', '6s', '5s']",,As,100,100
809,Flop,0,-3084,3084,CHECK,0,"['4s', '7h']","['4d', '9s']","['3d', '6s', '5s']",,As,100,100
809,Turn,1,-3084,3084,CHECK,0,"['4s', '7h']","['4d', '9s']","['3d', '6s', '5s', 'Ad']",,As,100,100
809,Turn,0,-3084,3084,CHECK,0,"['4s', '7h']","['4d', '9s']","['3d', '6s', '5s', 'Ad']",,As,100,100
809,River,1,-3084,3084,CHECK,0,"['4s', '7h']","['4d', '9s']","['3d', '6s', '5s', 'Ad', '3s']",,As,100,100
809,River,0,-3084,3084,CHECK,0,"['4s', '7h']","['4d', '9s']","['3d', '6s', '5s', 'Ad', '3s']",,As,100,100
810,Pre-Flop,0,-2984,2984,RAISE,98,"['8h', '9h']","['Ah', '9d']","['4d', '6s']",,,1,1
810,Pre-Flop,1,-2984,2984,CALL,0,"['8h', '9h']","['Ah', '9d']","['4d', '6s']",,,2,2
810,Flop,0,-2984,2984,CHECK,0,"['8h', '9h']","['Ah', '9d']","['4d', '6s', '9s']",,,100,100
810,Flop,1,-2984,2984,DISCARD,0,"['8h', '9h']","['Ah', '9d']","['4d', '6s', '9s']",,,100,100
810,Flop,1,-2984,2984,CHECK,0,"['8h', '9h']","['Ah', '3h']","['4d', '6s', '9s']",,9d,100,100
810,Turn,0,-2984,2984,CHECK,0,"['8h', '9h']","['Ah', '3h']","['4d', '6s', '9s', '6d']",,9d,100,100
810,Turn,1,-2984,2984,CHECK,0,"['8h', '9h']","['Ah', '3h']","['4d', '6s', '9s', '6d']",,9d,100,100
810,River,0,-2984,2984,CHECK,0,"['8h', '9h']","['Ah', '3h']","['4d', '6s', '9s', '6d', '2d']",,9d,100,100
810,River,1,-2984,2984,CHECK,0,"['8h', '9h']","['Ah', '3h']","['4d', '6s', '9s', '6d', '2d']",,9d,100,100
811,Pre-Flop,1,-2884,2884,RAISE,2,"['9s', '2d']","['9h', '3h']","['4s', '7d']",,,1,1
811,Pre-Flop,0,-2884,2884,RAISE,96,"['9s', '2d']","['9h', '3h']","['4s', '7d']",,,2,2
811,Pre-Flop,1,-2884,2884,CALL,0,"['9s', '2d']","['9h', '3h']","['4s', '7d']",,,4,4
811,Pre-Flop,0,-2884,2884,CHECK,0,"['9s', '2d']","['9h', '3h']","['4s', '7d']",,,100,100
811,Flop,1,-2884,2884,DISCARD,0,"['9s', '2d']","['9h', '3h']","['4s', '7d', '3s']",,,100,100
811,Flop,1,-2884,2884,CHECK,0,"['9s', '2d']","['9h', 'Ah']","['4s', '7d', '3s']",,3h,100,100
811,Flop,0,-2884,2884,CHECK,0,"['9s', '2d']","['9h', 'Ah']","['4s', '7d', '3s']",,3h,100,100
811,Turn,1,-2884,2884,CHECK,0,"['9s', '2d']","['9h', 'Ah']","['4s', '7d', '3s', '2s']",,3h,100,100
811,Turn,0,-2884,2884,CHECK,0,"['9s', '2d']","['9h', 'Ah']","['4s', '7d', '3s', '2s']",,3h,100,100
811,River,1,-2884,2884,CHECK,0,"['9s', '2d']","['9h', 'Ah']","['4s', '7d', '3s', '2s', '9d']",,3h,100,100
811,River,0,-2884,2884,CHECK,0,"['9s', '2d']","['9h', 'Ah']","['4s', '7d', '3s', '2s', '9d']",,3h,100,100
812,Pre-Flop,0,-2784,2784,RAISE,98,"['8s', '3s']","['2s', '5h']","['7h', '4d']",,,1,1
812,Pre-Flop,1,-2784,2784,CALL,0,"['8s', '3s']","['2s', '5h']","['7h', '4d']",,,2,2
812,Flop,0,-2784,2784,CHECK,0,"['8s', '3s']","['2s', '5h']","['7h', '4d', '5d']",,,100,100
812,Flop,1,-2784,2784,DISCARD,0,"['8s', '3s']","['2s', '5h']","['7h', '4d', '5d']",,,100,100
812,Flop,1,-2784,2784,CHECK,0,"['8s', '3s']","['8d', '5h']","['7h', '4d', '5d']",,2s,100,100
812,Turn,0,-2784,2784,CHECK,0,"['8s', '3s']","['8d', '5h']","['7h', '4d', '5d', '6s']",,2s,100,100
812,Turn,1,-2784,2784,CHECK,0,"['8s', '3s']","['8d', '5h']","['7h', '4d', '5d', '6s']",,2s,100,100
812,River,0,-2784,2784,CHECK,0,"['8s', '3s']","['8d', '5h']","['7h', '4d', '5d', '6s', 'Ad']",,2s,100,100
812,River,1,-2784,2784,CHECK,0,"['8s', '3s']","['8d', '5h']","['7h', '4d', '5d', '6s', 'Ad']",,2s,100,100
813,Pre-Flop,1,-2784,2784,DISCARD,0,"['6h', 'As']","['7s', '2d']","['9h', '4d']",,,1,1
813,Pre-Flop,1,-2784,2784,RAISE,3,"['6h', 'As']","['7s', '2h']","['9h', '4d']",,2d,1,1
813,Pre-Flop,0,-2784,2784,RAISE,95,"['6h', 'As']","['7s', '2h']","['9h', '4d']",,2d,2,2
813,Pre-Flop,1,-2784,2784,CALL,0,"['6h', 'As']","['7s', '2h']","['9h', '4d']",,2d,5,5
813,Pre-Flop,0,-2784,2784,CHECK,0,"['6h', 'As']","['7s', '2h']","['9h', '4d']",,2d,100,100
813,Flop,1,-2784,2784,CHECK,0,"['6h', 'As']","['7s', '2h']","['9h', '4d', '7d']",,2d,100,100
813,Flop,0,-2784,2784,CHECK,0,"['6h', 'As']","['7s', '2h']","['9h', '4d', '7d']",,2d,100,100
813,Turn,1,-2784,2784,CHECK,0,"['6h', 'As']","['7s', '2h']","['9h', '4d', '7d', '3d']",,2d,100,100
813,Turn,0,-2784,2784,CHECK,0,"['6h', 'As']","['7s', '2h']","['9h', '4d', '7d', '3d']",,2d,100,100
813,River,1,-2784,2784,CHECK,0,"['6h', 'As']","['7s', '2h']","['9h', '4d', '7d', '3d', '8d']",,2d,100,100
813,River,0,-2784,2784,CHECK,0,"['6h', 'As']","['7s', '2h']","['9h', '4d', '7d', '3d', '8d']",,2d,100,100
814,Pre-Flop,0,-2684,2684,RAISE,98,"['Ah', '6h']","['As', '4h']","['3s', '7d']",,,1,1
814,Pre-Flop,1,-2684,2684,DISCARD,0,"['Ah', '6h']","['As', '4h']","['3s', '7d']",,,2,2
814,Pre-Flop,1,-2684,2684,CALL,0,"['Ah', '6h']","['As', '9h']","['3s', '7d']",,4h,2,2
814,Flop,0,-2684,2684,CHECK,0,"['Ah', '6h']","['As', '9h']","['3s', '7d', '5h']",,4h,100,100
814,Flop,1,-2684,2684,CHECK,0,"['Ah', '6h']","['As', '9h']","['3s', '7d', '5h']",,4h,100,100
814,Turn,0,-2684,2684,CHECK,0,"['Ah', '6h']","['As', '9h']","['3s', '7d', '5h', '8s']",,4h,100,100
814,Turn,1,-2684,2684,CHECK,0,"['Ah', '6h']","['As', '9h']","['3s', '7d', '5h', '8s']",,4h,100,100
814,River,0,-2684,2684,CHECK,0,"['Ah', '6h']","['As', '9h']","['3s', '7d', '5h', '8s', '6d']",,4h,100,100
814,River,1,-2684,2684,CHECK,0,"['Ah', '6h']","['As', '9h']","['3s', '7d', '5h', '8s', '6d']",,4h,100,100
815,Pre-Flop,1,-2784,2784,RAISE,3,"['8h', '8s']","['3s', 'As']","['9h', '2h']",,,1,1
815,Pre-Flop,0,-2784,2784,RAISE,95,"['8h', '8s']","['3s', 'As']","['9h', '2h']",,,2,2
815,Pre-Flop,1,-2784,2784,DISCARD,0,"['8h', '8s']","['3s', 'As']","['9h', '2h']",,,5,5
815,Pre-Flop,1,-2784,2784,CALL,0,"['8h', '8s']","['4s', 'As']","['9h', '2h']",,3s,5,5
815,Pre-Flop,0,-2784,2784,CHECK,0,"['8h', '8s']","['4s', 'As']","['9h', '2h']",,3s,100,100
815,Flop,1,-2784,2784,CHECK,0,"['8h', '8s']","['4s', 'As']","['9h', '2h', '8d']",,3s,100,100
815,Flop,0,-2784,2784,CHECK,0,"['8h', '8s']","['4s', 'As']","['9h', '2h', '8d']",,3s,100,100
815,Turn,1,-2784,2784,CHECK,0,"['8h', '8s']","['4s', 'As']","['9h', '2h', '8d', '6d']",,3s,100,100
815,Turn,0,-2784,2784,CHECK,0,"['8h', '8s']","['4s', 'As']","['9h', '2h', '8d', '6d']",,3s,100,100
815,River,1,-2784,2784,CHECK,0,"['8h', '8s']","['4s', 'As']","['9h', '2h', '8d', '6d', 'Ah']",,3s,100,100
815,River,0,-2784,2784,CHECK,0,"['8h', '8s']","['4s', 'As']","['9h', '2h', '8d', '6d', 'Ah']",,3s,100,100
816,Pre-Flop,0,-2684,2684,RAISE,98,"['5d', 'Ad']","['6s', '4d']","['2d', '3h']",,,1,1
816,Pre-Flop,1,-2684,2684,CALL,0,"['5d', 'Ad']","['6s', '4d']","['2d', '3h']",,,2,2
816,Flop,0,-2684,2684,CHECK,0,"['5d', 'Ad']","['6s', '4d']","['2d', '3h', '9d']",,,100,100
816,Flop,1,-2684,2684,DISCARD,0,"['5d', 'Ad']","['6s', '4d']","['2d', '3h', '9d']",,,100,100
816,Flop,1,-2684,2684,CHECK,0,"['5d', 'Ad']","['As', '4d']","['2d', '3h', '9d']",,6s,100,100
816,Turn,0,-2684,2684,CHECK,0,"['5d', 'Ad']","['As', '4d']","['2d', '3h', '9d', '8h']",,6s,100,100
816,Turn,1,-2684,2684,CHECK,0,"['5d', 'Ad']","['As', '4d']","['2d', '3h', '9d', '8h']",,6s,100,100
816,River,0,-2684,2684,CHECK,0,"['5d', 'Ad']","['As', '4d']","['2d', '3h', '9d', '8h', '5s']",,6s,100,100
816,River,1,-2684,2684,CHECK,0,"['5d', 'Ad']","['As', '4d']","['2d', '3h', '9d', '8h', '5s']",,6s,100,100
817,Pre-Flop,1,-2784,2784,RAISE,2,"['4d', '9h']","['7d', '2s']","['8h', '6h']",,,1,1
817,Pre-Flop,0,-2784,2784,RAISE,96,"['4d', '9h']","['7d', '2s']","['8h', '6h']",,,2,2
817,Pre-Flop,1,-2784,2784,CALL,0,"['4d', '9h']","['7d', '2s']","['8h', '6h']",,,4,4
817,Pre-Flop,0,-2784,2784,CHECK,0,"['4d', '9h']","['7d', '2s']","['8h', '6h']",,,100,100
817,Flop,1,-2784,2784,DISCARD,0,"['4d', '9h']","['7d', '2s']","['8h', '6h', 'Ad']",,,100,100
817,Flop,1,-2784,2784,CHECK,0,"['4d', '9h']","['4h', '2s']","['8h', '6h', 'Ad']",,7d,100,100
817,Flop,0,-2784,2784,CHECK,0,"['4d', '9h']","['4h', '2s']","['8h', '6h', 'Ad']",,7d,100,100
817,Turn,1,-2784,2784,CHECK,0,"['4d', '9h']","['4h', '2s']","['8h', '6h', 'Ad', '8d']",,7d,100,100
817,Turn,0,-2784,2784,CHECK,0,"['4d', '9h']","['4h', '2s']","['8h', '6h', 'Ad', '8d']",,7d,100,100
817,River,1,-2784,2784,CHECK,0,"['4d', '9h']","['4h', '2s']","['8h', '6h', 'Ad', '8d', '6d']",,7d,100,100
817,River,0,-2784,2784,CHECK,0,"['4d', '9h']","['4h', '2s']","['8h', '6h', 'Ad', '8d', '6d']",,7d,100,100
818,Pre-Flop,0,-2784,2784,RAISE,98,"['2h', '6h']","['Ad', '5h']","['7s', '3s']",,,1,1
818,Pre-Flop,1,-2784,2784,CALL,0,"['2h', '6h']","['Ad', '5h']","['7s', '3s']",,,2,2
818,Flop,0,-2784,2784,CHECK,0,"['2h', '6h']","['Ad', '5h']","['7s', '3s', '9h']",,,100,100
818,Flop,1,-2784,2784,DISCARD,0,"['2h', '6h']","['Ad', '5h']","['7s', '3s', '9h']",,,100,100
818,Flop,1,-2784,2784,CHECK,0,"['2h', '6h']","['5s', '5h']","['7s', '3s', '9h']",,Ad,100,100
818,Turn,0,-2784,2784,CHECK,0,"['2h', '6h']","['5s', '5h']","['7s', '3s', '9h', '7h']",,Ad,100,100
818,Turn,1,-2784,2784,CHECK,0,"['2h', '6h']","['5s', '5h']","['7s', '3s', '9h', '7h']",,Ad,100,100
818,River,0,-2784,2784,CHECK,0,"['2h', '6h']","['5s', '5h']","['7s', '3s', '9h', '7h', '4s']",,Ad,100,100
818,River,1,-2784,2784,CHECK,0,"['2h', '6h']","['5s', '5h']","['7s', '3s', '9h', '7h', '4s']",,Ad,100,100
819,Pre-Flop,1,-2884,2884,CALL,0,"['3h', '6s']","['Ad', '2s']","['6d', '3d']",,,1,1
819,Pre-Flop,0,-2884,2884,RAISE,98,"['3h', '6s']","['Ad', '2s']","['6d', '3d']",,,2,2
819,Pre-Flop,1,-2884,2884,CALL,0,"['3h', '6s']","['Ad', '2s']","['6d', '3d']",,,2,2
819,Pre-Flop,0,-2884,2884,CHECK,0,"['3h', '6s']","['Ad', '2s']","['6d', '3d']",,,100,100
819,Flop,1,-2884,2884,DISCARD,0,"['3h', '6s']","['Ad', '2s']","['6d', '3d', '5s']",,,100,100
819,Flop,1,-2884,2884,CHECK,0,"['3h', '6s']","['7d', '2s']","['6d', '3d', '5s']",,Ad,100,100
819,Flop,0,-2884,2884,CHECK,0,"['3h', '6s']","['7d', '2s']","['6d', '3d', '5s']",,Ad,100,100
819,Turn,1,-2884,2884,CHECK,0,"['3h', '6s']","['7d', '2s']","['6d', '3d', '5s', '4s']",,Ad,100,100
819,Turn,0,-2884,2884,CHECK,0,"['3h', '6s']","['7d', '2s']","['6d', '3d', '5s', '4s']",,Ad,100,100
819,River,1,-2884,2884,CHECK,0,"['3h', '6s']","['7d', '2s']","['6d', '3d', '5s', '4s', '4d']",,Ad,100,100
819,River,0,-2884,2884,CHECK,0,"['3h', '6s']","['7d', '2s']","['6d', '3d', '5s', '4s', '4d']",,Ad,100,100
820,Pre-Flop,0,-2984,2984,RAISE,98,"['3h', '2h']","['5d', '3d']","['4s', '8s']",,,1,1
820,Pre-Flop,1,-2984,2984,FOLD,0,"['3h', '2h']","['5d', '3d']","['4s', '8s']",,,2,2
821,Pre-Flop,1,-2982,2982,RAISE,2,"['7s', '3h']","['8h', 'As']","['4h', '8s']",,,1,1
821,Pre-Flop,0,-2982,2982,RAISE,96,"['7s', '3h']","['8h', 'As']","['4h', '8s']",,,2,2
821,Pre-Flop,1,-2982,2982,CALL,0,"['7s', '3h']","['8h', 'As']","['4h', '8s']",,,4,4
821,Pre-Flop,0,-2982,2982,CHECK,0,"['7s', '3h']","['8h', 'As']","['4h', '8s']",,,100,100
821,Flop,1,-2982,2982,DISCARD,0,"['7s', '3h']","['8h', 'As']","['4h', '8s', '5d']",,,100,100
821,Flop,1,-2982,2982,CHECK,0,"['7s', '3h']","['Ah', 'As']","['4h', '8s', '5d']",,8h,100,100
821,Flop,0,-2982,2982,CHECK,0,"['7s', '3h']","['Ah', 'As']","['4h', '8s', '5d']",,8h,100,100
821,Turn,1,-2982,2982,CHECK,0,"['7s', '3h']","['Ah', 'As']","['4h', '8s', '5d', '8d']",,8h,100,100
821,Turn,0,-2982,2982,CHECK,0,"['7s', '3h']","['Ah', 'As']","['4h', '8s', '5d', '8d']",,8h,100,100
821,River,1,-2982,2982,CHECK,0,"['7s', '3h']","['Ah', 'As']","['4h', '8s', '5d', '8d', '9s']",,8h,100,100
821,River,0,-2982,2982,CHECK,0,"['7s', '3h']","['Ah', 'As']","['4h', '8s', '5d', '8d', '9s']",,8h,100,100
822,Pre-Flop,0,-3082,3082,RAISE,98,"['3s', '8s']","['As', '7s']","['9d', '7d']",,,1,1
822,Pre-Flop,1,-3082,3082,DISCARD,0,"['3s', '8s']","['As', '7s']","['9d', '7d']",,,2,2
822,Pre-Flop,1,-3082,3082,CALL,0,"['3s', '8s']","['As', '9h']","['9d', '7d']",,7s,2,2
822,Flop,0,-3082,3082,CHECK,0,"['3s', '8s']","['As', '9h']","['9d', '7d', '3d']",,7s,100,100
822,Flop,1,-3082,3082,CHECK,0,"['3s', '8s']","['As', '9h']","['9d', '7d', '3d']",,7s,100,100
822,Turn,0,-3082,3082,CHECK,0,"['3s', '8s']","['As', '9h']","['9d', '7d', '3d', '8d']",,7s,100,100
822,Turn,1,-3082,3082,CHECK,0,"['3s', '8s']","['As', '9h']","['9d', '7d', '3d', '8d']",,7s,100,100
822,River,0,-3082,3082,CHECK,0,"['3s', '8s']","['As', '9h']","['9d', '7d', '3d', '8d', '4d']",,7s,100,100
822,River,1,-3082,3082,CHECK,0,"['3s', '8s']","['As', '9h']","['9d', '7d', '3d', '8d', '4d']",,7s,100,100
823,Pre-Flop,1,-3082,3082,RAISE,4,"['3d', '2h']","['8s', '2s']","['3s', '3h']",,,1,1
823,Pre-Flop,0,-3082,3082,RAISE,94,"['3d', '2h']","['8s', '2s']","['3s', '3h']",,,2,2
823,Pre-Flop,1,-3082,3082,CALL,0,"['3d', '2h']","['8s', '2s']","['3s', '3h']",,,6,6
823,Pre-Flop,0,-3082,3082,CHECK,0,"['3d', '2h']","['8s', '2s']","['3s', '3h']",,,100,100
823,Flop,1,-3082,3082,DISCARD,0,"['3d', '2h']","['8s', '2s']","['3s', '3h', '7s']",,,100,100
823,Flop,1,-3082,3082,CHECK,0,"['3d', '2h']","['6d', '2s']","['3s', '3h', '7s']",,8s,100,100
823,Flop,0,-3082,3082,CHECK,0,"['3d', '2h']","['6d', '2s']","['3s', '3h', '7s']",,8s,100,100
823,Turn,1,-3082,3082,CHECK,0,"['3d', '2h']","['6d', '2s']","['3s', '3h', '7s', '9d']",,8s,100,100
823,Turn,0,-3082,3082,CHECK,0,"['3d', '2h']","['6d', '2s']","['3s', '3h', '7s', '9d']",,8s,100,100
823,River,1,-3082,3082,CHECK,0,"['3d', '2h']","['6d', '2s']","['3s', '3h', '7s', '9d', '5d']",,8s,100,100
823,River,0,-3082,3082,CHECK,0,"['3d', '2h']","['6d', '2s']","['3s', '3h', '7s', '9d', '5d']",,8s,100,100
824,Pre-Flop,0,-2982,2982,RAISE,98,"['5s', '8h']","['5h', '3s']","['4d', '7d']",,,1,1
824,Pre-Flop,1,-2982,2982,CALL,0,"['5s', '8h']","['5h', '3s']","['4d', '7d']",,,2,2
824,Flop,0,-2982,2982,CHECK,0,"['5s', '8h']","['5h', '3s']","['4d', '7d', '2h']",,,100,100
824,Flop,1,-2982,2982,DISCARD,0,"['5s', '8h']","['5h', '3s']","['4d', '7d', '2h']",,,100,100
824,Flop,1,-2982,2982,CHECK,0,"['5s', '8h']","['5h', '3d']","['4d', '7d', '2h']",,3s,100,100
824,Turn,0,-2982,2982,CHECK,0,"['5s', '8h']","['5h', '3d']","['4d', '7d', '2h', 'As']",,3s,100,100
824,Turn,1,-2982,2982,CHECK,0,"['5s', '8h']","['5h', '3d']","['4d', '7d', '2h', 'As']",,3s,100,100
824,River,0,-2982,2982,CHECK,0,"['5s', '8h']","['5h', '3d']","['4d', '7d', '2h', 'As', '9h']",,3s,100,100
824,River,1,-2982,2982,CHECK,0,"['5s', '8h']","['5h', '3d']","['4d', '7d', '2h', 'As', '9h']",,3s,100,100
825,Pre-Flop,1,-3082,3082,DISCARD,0,"['4s', '7d']","['6d', '5h']","['3s', '2d']",,,1,1
825,Pre-Flop,1,-3082,3082,RAISE,3,"['4s', '7d']","['6h', '5h']","['3s', '2d']",,6d,1,1
825,Pre-Flop,0,-3082,3082,RAISE,95,"['4s', '7d']","['6h', '5h']","['3s', '2d']",,6d,2,2
825,Pre-Flop,1,-3082,3082,CALL,0,"['4s', '7d']","['6h', '5h']","['3s', '2d']",,6d,5,5
825,Pre-Flop,0,-3082,3082,CHECK,0,"['4s', '7d']","['6h', '5h']","['3s', '2d']",,6d,100,100
825,Flop,1,-3082,3082,CHECK,0,"['4s', '7d']","['6h', '5h']","['3s', '2d', '9s']",,6d,100,100
825,Flop,0,-3082,3082,CHECK,0,"['4s', '7d']","['6h', '5h']","['3s', '2d', '9s']",,6d,100,100
825,Turn,1,-3082,3082,CHECK,0,"['4s', '7d']","['6h', '5h']","['3s', '2d', '9s', '4h']",,6d,100,100
825,Turn,0,-3082,3082,CHECK,0,"['4s', '7d']","['6h', '5h']","['3s', '2d', '9s', '4h']",,6d,100,100
825,River,1,-3082,3082,CHECK,0,"['4s', '7d']","['6h', '5h']","['3s', '2d', '9s', '4h', 'Ah']",,6d,100,100
825,River,0,-3082,3082,CHECK,0,"['4s', '7d']","['6h', '5h']","['3s', '2d', '9s', '4h', 'Ah']",,6d,100,100
826,Pre-Flop,0,-3182,3182,RAISE,98,"['5d', '2h']","['4s', '5s']","['As', '2s']",,,1,1
826,Pre-Flop,1,-3182,3182,CALL,0,"['5d', '2h']","['4s', '5s']","['As', '2s']",,,2,2
826,Flop,0,-3182,3182,CHECK,0,"['5d', '2h']","['4s', '5s']","['As', '2s', '5h']",,,100,100
826,Flop,1,-3182,3182,DISCARD,0,"['5d', '2h']","['4s', '5s']","['As', '2s', '5h']",,,100,100
826,Flop,1,-3182,3182,CHECK,0,"['5d', '2h']","['4s', '7h']","['As', '2s', '5h']",,5s,100,100
826,Turn,0,-3182,3182,CHECK,0,"['5d', '2h']","['4s', '7h']","['As', '2s', '5h', '6h']",,5s,100,100
826,Turn,1,-3182,3182,CHECK,0,"['5d', '2h']","['4s', '7h']","['As', '2s', '5h', '6h']",,5s,100,100
826,River,0,-3182,3182,CHECK,0,"['5d', '2h']","['4s', '7h']","['As', '2s', '5h', '6h', 'Ad']",,5s,100,100
826,River,1,-3182,3182,CHECK,0,"['5d', '2h']","['4s', '7h']","['As', '2s', '5h', '6h', 'Ad']",,5s,100,100
827,Pre-Flop,1,-3082,3082,RAISE,2,"['Ah', '8d']","['4h', '6h']","['3s', '2d']",,,1,1
827,Pre-Flop,0,-3082,3082,RAISE,96,"['Ah', '8d']","['4h', '6h']","['3s', '2d']",,,2,2
827,Pre-Flop,1,-3082,3082,CALL,0,"['Ah', '8d']","['4h', '6h']","['3s', '2d']",,,4,4
827,Pre-Flop,0,-3082,3082,CHECK,0,"['Ah', '8d']","['4h', '6h']","['3s', '2d']",,,100,100
827,Flop,1,-3082,3082,DISCARD,0,"['Ah', '8d']","['4h', '6h']","['3s', '2d', '7h']",,,100,100
827,Flop,1,-3082,3082,CHECK,0,"['Ah', '8d']","['3d', '6h']","['3s', '2d', '7h']",,4h,100,100
827,Flop,0,-3082,3082,CHECK,0,"['Ah', '8d']","['3d', '6h']","['3s', '2d', '7h']",,4h,100,100
827,Turn,1,-3082,3082,CHECK,0,"['Ah', '8d']","['3d', '6h']","['3s', '2d', '7h', '5d']",,4h,100,100
827,Turn,0,-3082,3082,CHECK,0,"['Ah', '8d']","['3d', '6h']","['3s', '2d', '7h', '5d']",,4h,100,100
827,River,1,-3082,3082,CHECK,0,"['Ah', '8d']","['3d', '6h']","['3s', '2d', '7h', '5d', '9h']",,4h,100,100
827,River,0,-3082,3082,CHECK,0,"['Ah', '8d']","['3d', '6h']","['3s', '2d', '7h', '5d', '9h']",,4h,100,100
828,Pre-Flop,0,-3182,3182,RAISE,98,"['2d', '3h']","['2h', '9d']","['7s', '4h']",,,1,1
828,Pre-Flop,1,-3182,3182,CALL,0,"['2d', '3h']","['2h', '9d']","['7s', '4h']",,,2,2
828,Flop,0,-3182,3182,CHECK,0,"['2d', '3h']","['2h', '9d']","['7s', '4h', '4d']",,,100,100
828,Flop,1,-3182,3182,DISCARD,0,"['2d', '3h']","['2h', '9d']","['7s', '4h', '4d']",,,100,100
828,Flop,1,-3182,3182,CHECK,0,"['2d', '3h']","['2h', '4s']","['7s', '4h', '4d']",,9d,100,100
828,Turn,0,-3182,3182,CHECK,0,"['2d', '3h']","['2h', '4s']","['7s', '4h', '4d', 'Ad']",,9d,100,100
828,Turn,1,-3182,3182,CHECK,0,"['2d', '3h']","['2h', '4s']","['7s', '4h', '4d', 'Ad']",,9d,100,100
828,River,0,-3182,3182,CHECK,0,"['2d', '3h']","['2h', '4s']","['7s', '4h', '4d', 'Ad', '3d']",,9d,100,100
828,River,1,-3182,3182,CHECK,0,"['2d', '3h']","['2h', '4s']","['7s', '4h', '4d', 'Ad', '3d']",,9d,100,100
829,Pre-Flop,1,-3282,3282,RAISE,2,"['3d', '8d']","['5s', '5d']","['3h', '2d']",,,1,1
829,Pre-Flop,0,-3282,3282,RAISE,96,"['3d', '8d']","['5s', '5d']","['3h', '2d']",,,2,2
829,Pre-Flop,1,-3282,3282,DISCARD,0,"['3d', '8d']","['5s', '5d']","['3h', '2d']",,,4,4
829,Pre-Flop,1,-3282,3282,CALL,0,"['3d', '8d']","['5s', '9s']","['3h', '2d']",,5d,4,4
829,Pre-Flop,0,-3282,3282,CHECK,0,"['3d', '8d']","['5s', '9s']","['3h', '2d']",,5d,100,100
829,Flop,1,-3282,3282,CHECK,0,"['3d', '8d']","['5s', '9s']","['3h', '2d', '6d']",,5d,100,100
829,Flop,0,-3282,3282,CHECK,0,"['3d', '8d']","['5s', '9s']","['3h', '2d', '6d']",,5d,100,100
829,Turn,1,-3282,3282,CHECK,0,"['3d', '8d']","['5s', '9s']","['3h', '2d', '6d', '3s']",,5d,100,100
829,Turn,0,-3282,3282,CHECK,0,"['3d', '8d']","['5s', '9s']","['3h', '2d', '6d', '3s']",,5d,100,100
829,River,1,-3282,3282,CHECK,0,"['3d', '8d']","['5s', '9s']","['3h', '2d', '6d', '3s', '8h']",,5d,100,100
829,River,0,-3282,3282,CHECK,0,"['3d', '8d']","['5s', '9s']","['3h', '2d', '6d', '3s', '8h']",,5d,100,100
830,Pre-Flop,0,-3182,3182,RAISE,98,"['7s', '4d']","['4s', '4h']","['9h', '5d']",,,1,1
830,Pre-Flop,1,-3182,3182,DISCARD,0,"['7s', '4d']","['4s', '4h']","['9h', '5d']",,,2,2
830,Pre-Flop,1,-3182,3182,CALL,0,"['7s', '4d']","['4s', 'Ah']","['9h', '5d']",,4h,2,2
830,Flop,0,-3182,3182,CHECK,0,"['7s', '4d']","['4s', 'Ah']","['9h', '5d', '3d']",,4h,100,100
830,Flop,1,-3182,3182,CHECK,0,"['7s', '4d']","['4s', 'Ah']","['9h', '5d', '3d']",,4h,100,100
830,Turn,0,-3182,3182,CHECK,0,"['7s', '4d']","['4s', 'Ah']","['9h', '5d', '3d', 'Ad']",,4h,100,100
830,Turn,1,-3182,3182,CHECK,0,"['7s', '4d']","['4s', 'Ah']","['9h', '5d', '3d', 'Ad']",,4h,100,100
830,River,0,-3182,3182,CHECK,0,"['7s', '4d']","['4s', 'Ah']","['9h', '5d', '3d', 'Ad', '7d']",,4h,100,100
830,River,1,-3182,3182,CHECK,0,"['7s', '4d']","['4s', 'Ah']","['9h', '5d', '3d', 'Ad', '7d']",,4h,100,100
831,Pre-Flop,1,-3082,3082,DISCARD,0,"['5h', '8d']","['2h', 'Ah']","['4s', '5d']",,,1,1
831,Pre-Flop,1,-3082,3082,CALL,0,"['5h', '8d']","['2d', 'Ah']","['4s', '5d']",,2h,1,1
831,Pre-Flop,0,-3082,3082,RAISE,98,"['5h', '8d']","['2d', 'Ah']","['4s', '5d']",,2h,2,2
831,Pre-Flop,1,-3082,3082,CALL,0,"['5h', '8d']","['2d', 'Ah']","['4s', '5d']",,2h,2,2
831,Pre-Flop,0,-3082,3082,CHECK,0,"['5h', '8d']","['2d', 'Ah']","['4s', '5d']",,2h,100,100
831,Flop,1,-3082,3082,CHECK,0,"['5h', '8d']","['2d', 'Ah']","['4s', '5d', '9d']",,2h,100,100
831,Flop,0,-3082,3082,CHECK,0,"['5h', '8d']","['2d', 'Ah']","['4s', '5d', '9d']",,2h,100,100
831,Turn,1,-3082,3082,CHECK,0,"['5h', '8d']","['2d', 'Ah']","['4s', '5d', '9d', '5s']",,2h,100,100
831,Turn,0,-3082,3082,CHECK,0,"['5h', '8d']","['2d', 'Ah']","['4s', '5d', '9d', '5s']",,2h,100,100
831,River,1,-3082,3082,CHECK,0,"['5h', '8d']","['2d', 'Ah']","['4s', '5d', '9d', '5s', '6d']",,2h,100,100
831,River,0,-3082,3082,CHECK,0,"['5h', '8d']","['2d', 'Ah']","['4s', '5d', '9d', '5s', '6d']",,2h,100,100
832,Pre-Flop,0,-2982,2982,RAISE,98,"['7h', 'Ah']","['9d', '3h']","['2h', '5s']",,,1,1
832,Pre-Flop,1,-2982,2982,CALL,0,"['7h', 'Ah']","['9d', '3h']","['2h', '5s']",,,2,2
832,Flop,0,-2982,2982,CHECK,0,"['7h', 'Ah']","['9d', '3h']","['2h', '5s', '2s']",,,100,100
832,Flop,1,-2982,2982,DISCARD,0,"['7h', 'Ah']","['9d', '3h']","['2h', '5s', '2s']",,,100,100
832,Flop,1,-2982,2982,CHECK,0,"['7h', 'Ah']","['7d', '3h']","['2h', '5s', '2s']",,9d,100,100
832,Turn,0,-2982,2982,CHECK,0,"['7h', 'Ah']","['7d', '3h']","['2h', '5s', '2s', '3s']",,9d,100,100
832,Turn,1,-2982,2982,CHECK,0,"['7h', 'Ah']","['7d', '3h']","['2h', '5s', '2s', '3s']",,9d,100,100
832,River,0,-2982,2982,CHECK,0,"['7h', 'Ah']","['7d', '3h']","['2h', '5s', '2s', '3s', '5d']",,9d,100,100
832,River,1,-2982,2982,CHECK,0,"['7h', 'Ah']","['7d', '3h']","['2h', '5s', '2s', '3s', '5d']",,9d,100,100
833,Pre-Flop,1,-3082,3082,RAISE,2,"['5h', '5s']","['7s', '2d']","['Ad', '6h']",,,1,1
833,Pre-Flop,0,-3082,3082,RAISE,96,"['5h', '5s']","['7s', '2d']","['Ad', '6h']",,,2,2
833,Pre-Flop,1,-3082,3082,DISCARD,0,"['5h', '5s']","['7s', '2d']","['Ad', '6h']",,,4,4
833,Pre-Flop,1,-3082,3082,CALL,0,"['5h', '5s']","['7s', '6s']","['Ad', '6h']",,2d,4,4
833,Pre-Flop,0,-3082,3082,CHECK,0,"['5h', '5s']","['7s', '6s']","['Ad', '6h']",,2d,100,100
833,Flop,1,-3082,3082,CHECK,0,"['5h', '5s']","['7s', '6s']","['Ad', '6h', '4h']",,2d,100,100
833,Flop,0,-3082,3082,CHECK,0,"['5h', '5s']","['7s', '6s']","['Ad', '6h', '4h']",,2d,100,100
833,Turn,1,-3082,3082,CHECK,0,"['5h', '5s']","['7s', '6s']","['Ad', '6h', '4h', '9h']",,2d,100,100
833,Turn,0,-3082,3082,CHECK,0,"['5h', '5s']","['7s', '6s']","['Ad', '6h', '4h', '9h']",,2d,100,100
833,River,1,-3082,3082,CHECK,0,"['5h', '5s']","['7s', '6s']","['Ad', '6h', '4h', '9h', 'As']",,2d,100,100
833,River,0,-3082,3082,CHECK,0,"['5h', '5s']","['7s', '6s']","['Ad', '6h', '4h', '9h', 'As']",,2d,100,100
834,Pre-Flop,0,-3182,3182,RAISE,98,"['5s', 'As']","['9s', '2s']","['4h', '8h']",,,1,1
834,Pre-Flop,1,-3182,3182,CALL,0,"['5s', 'As']","['9s', '2s']","['4h', '8h']",,,2,2
834,Flop,0,-3182,3182,CHECK,0,"['5s', 'As']","['9s', '2s']","['4h', '8h', '2d']",,,100,100
834,Flop,1,-3182,3182,DISCARD,0,"['5s', 'As']","['9s', '2s']","['4h', '8h', '2d']",,,100,100
834,Flop,1,-3182,3182,CHECK,0,"['5s', 'As']","['9s', '3d']","['4h', '8h', '2d']",,2s,100,100
834,Turn,0,-3182,3182,CHECK,0,"['5s', 'As']","['9s', '3d']","['4h', '8h', '2d', '7s']",,2s,100,100
834,Turn,1,-3182,3182,CHECK,0,"['5s', 'As']","['9s', '3d']","['4h', '8h', '2d', '7s']",,2s,100,100
834,River,0,-3182,3182,CHECK,0,"['5s', 'As']","['9s', '3d']","['4h', '8h', '2d', '7s', '6h']",,2s,100,100
834,River,1,-3182,3182,CHECK,0,"['5s', 'As']","['9s', '3d']","['4h', '8h', '2d', '7s', '6h']",,2s,100,100
835,Pre-Flop,1,-3082,3082,RAISE,2,"['5s', '2d']","['8h', '4h']","['7d', '3s']",,,1,1
835,Pre-Flop,0,-3082,3082,RAISE,96,"['5s', '2d']","['8h', '4h']","['7d', '3s']",,,2,2
835,Pre-Flop,1,-3082,3082,CALL,0,"['5s', '2d']","['8h', '4h']","['7d', '3s']",,,4,4
835,Pre-Flop,0,-3082,3082,CHECK,0,"['5s', '2d']","['8h', '4h']","['7d', '3s']",,,100,100
835,Flop,1,-3082,3082,DISCARD,0,"['5s', '2d']","['8h', '4h']","['7d', '3s', '8d']",,,100,100
835,Flop,1,-3082,3082,CHECK,0,"['5s', '2d']","['8h', '6d']","['7d', '3s', '8d']",,4h,100,100
835,Flop,0,-3082,3082,CHECK,0,"['5s', '2d']","['8h', '6d']","['7d', '3s', '8d']",,4h,100,100
835,Turn,1,-3082,3082,CHECK,0,"['5s', '2d']","['8h', '6d']","['7d', '3s', '8d', '4d']",,4h,100,100
835,Turn,0,-3082,3082,CHECK,0,"['5s', '2d']","['8h', '6d']","['7d', '3s', '8d', '4d']",,4h,100,100
835,River,1,-3082,3082,CHECK,0,"['5s', '2d']","['8h', '6d']","['7d', '3s', '8d', '4d', '4s']",,4h,100,100
835,River,0,-3082,3082,CHECK,0,"['5s', '2d']","['8h', '6d']","['7d', '3s', '8d', '4d', '4s']",,4h,100,100
836,Pre-Flop,0,-3182,3182,RAISE,98,"['5s', 'As']","['Ad', '4s']","['6d', '7h']",,,1,1
836,Pre-Flop,1,-3182,3182,CALL,0,"['5s', 'As']","['Ad', '4s']","['6d', '7h']",,,2,2
836,Flop,0,-3182,3182,CHECK,0,"['5s', 'As']","['Ad', '4s']","['6d', '7h', '4h']",,,100,100
836,Flop,1,-3182,3182,DISCARD,0,"['5s', 'As']","['Ad', '4s']","['6d', '7h', '4h']",,,100,100
836,Flop,1,-3182,3182,CHECK,0,"['5s', 'As']","['Ad', '6s']","['6d', '7h', '4h']",,4s,100,100
836,Turn,0,-3182,3182,CHECK,0,"['5s', 'As']","['Ad', '6s']","['6d', '7h', '4h', '8s']",,4s,100,100
836,Turn,1,-3182,3182,CHECK,0,"['5s', 'As']","['Ad', '6s']","['6d', '7h', '4h', '8s']",,4s,100,100
836,River,0,-3182,3182,CHECK,0,"['5s', 'As']","['Ad', '6s']","['6d', '7h', '4h', '8s', '7d']",,4s,100,100
836,River,1,-3182,3182,CHECK,0,"['5s', 'As']","['Ad', '6s']","['6d', '7h', '4h', '8s', '7d']",,4s,100,100
837,Pre-Flop,1,-3082,3082,RAISE,2,"['3h', '4h']","['4d', '7d']","['9s', '3d']",,,1,1
837,Pre-Flop,0,-3082,3082,RAISE,96,"['3h', '4h']","['4d', '7d']","['9s', '3d']",,,2,2
837,Pre-Flop,1,-3082,3082,CALL,0,"['3h', '4h']","['4d', '7d']","['9s', '3d']",,,4,4
837,Pre-Flop,0,-3082,3082,CHECK,0,"['3h', '4h']","['4d', '7d']","['9s', '3d']",,,100,100
837,Flop,1,-3082,3082,DISCARD,0,"['3h', '4h']","['4d', '7d']","['9s', '3d', '4s']",,,100,100
837,Flop,1,-3082,3082,CHECK,0,"['3h', '4h']","['4d', '2s']","['9s', '3d', '4s']",,7d,100,100
837,Flop,0,-3082,3082,CHECK,0,"['3h', '4h']","['4d', '2s']","['9s', '3d', '4s']",,7d,100,100
837,Turn,1,-3082,3082,CHECK,0,"['3h', '4h']","['4d', '2s']","['9s', '3d', '4s', '6h']",,7d,100,100
837,Turn,0,-3082,3082,CHECK,0,"['3h', '4h']","['4d', '2s']","['9s', '3d', '4s', '6h']",,7d,100,100
837,River,1,-3082,3082,CHECK,0,"['3h', '4h']","['4d', '2s']","['9s', '3d', '4s', '6h', '6s']",,7d,100,100
837,River,0,-3082,3082,CHECK,0,"['3h', '4h']","['4d', '2s']","['9s', '3d', '4s', '6h', '6s']",,7d,100,100
838,Pre-Flop,0,-3082,3082,RAISE,98,"['9d', '4s']","['2d', '5d']","['3s', '2h']",,,1,1
838,Pre-Flop,1,-3082,3082,DISCARD,0,"['9d', '4s']","['2d', '5d']","['3s', '2h']",,,2,2
838,Pre-Flop,1,-3082,3082,CALL,0,"['9d', '4s']","['7s', '5d']","['3s', '2h']",,2d,2,2
838,Flop,0,-3082,3082,CHECK,0,"['9d', '4s']","['7s', '5d']","['3s', '2h', '5h']",,2d,100,100
838,Flop,1,-3082,3082,CHECK,0,"['9d', '4s']","['7s', '5d']","['3s', '2h', '5h']",,2d,100,100
838,Turn,0,-3082,3082,CHECK,0,"['9d', '4s']","['7s', '5d']","['3s', '2h', '5h', '3h']",,2d,100,100
838,Turn,1,-3082,3082,CHECK,0,"['9d', '4s']","['7s', '5d']","['3s', '2h', '5h', '3h']",,2d,100,100
838,River,0,-3082,3082,CHECK,0,"['9d', '4s']","['7s', '5d']","['3s', '2h', '5h', '3h', '6s']",,2d,100,100
838,River,1,-3082,3082,CHECK,0,"['9d', '4s']","['7s', '5d']","['3s', '2h', '5h', '3h', '6s']",,2d,100,100
839,Pre-Flop,1,-2982,2982,DISCARD,0,"['2h', '4s']","['3d', 'Ad']","['9d', '9s']",,,1,1
839,Pre-Flop,1,-2982,2982,RAISE,2,"['2h', '4s']","['4h', 'Ad']","['9d', '9s']",,3d,1,1
839,Pre-Flop,0,-2982,2982,RAISE,96,"['2h', '4s']","['4h', 'Ad']","['9d', '9s']",,3d,2,2
839,Pre-Flop,1,-2982,2982,CALL,0,"['2h', '4s']","['4h', 'Ad']","['9d', '9s']",,3d,4,4
839,Pre-Flop,0,-2982,2982,CHECK,0,"['2h', '4s']","['4h', 'Ad']","['9d', '9s']",,3d,100,100
839,Flop,1,-2982,2982,CHECK,0,"['2h', '4s']","['4h', 'Ad']","['9d', '9s', '3s']",,3d,100,100
839,Flop,0,-2982,2982,CHECK,0,"['2h', '4s']","['4h', 'Ad']","['9d', '9s', '3s']",,3d,100,100
839,Turn,1,-2982,2982,CHECK,0,"['2h', '4s']","['4h', 'Ad']","['9d', '9s', '3s', '2s']",,3d,100,100
839,Turn,0,-2982,2982,CHECK,0,"['2h', '4s']","['4h', 'Ad']","['9d', '9s', '3s', '2s']",,3d,100,100
839,River,1,-2982,2982,CHECK,0,"['2h', '4s']","['4h', 'Ad']","['9d', '9s', '3s', '2s', '6s']",,3d,100,100
839,River,0,-2982,2982,CHECK,0,"['2h', '4s']","['4h', 'Ad']","['9d', '9s', '3s', '2s', '6s']",,3d,100,100
840,Pre-Flop,0,-2882,2882,RAISE,98,"['3d', '5h']","['8h', '6h']","['5s', '7h']",,,1,1
840,Pre-Flop,1,-2882,2882,CALL,0,"['3d', '5h']","['8h', '6h']","['5s', '7h']",,,2,2
840,Flop,0,-2882,2882,CHECK,0,"['3d', '5h']","['8h', '6h']","['5s', '7h', '3s']",,,100,100
840,Flop,1,-2882,2882,DISCARD,0,"['3d', '5h']","['8h', '6h']","['5s', '7h', '3s']",,,100,100
840,Flop,1,-2882,2882,CHECK,0,"['3d', '5h']","['4s', '6h']","['5s', '7h', '3s']",,8h,100,100
840,Turn,0,-2882,2882,CHECK,0,"['3d', '5h']","['4s', '6h']","['5s', '7h', '3s', '5d']",,8h,100,100
840,Turn,1,-2882,2882,CHECK,0,"['3d', '5h']","['4s', '6h']","['5s', '7h', '3s', '5d']",,8h,100,100
840,River,0,-2882,2882,CHECK,0,"['3d', '5h']","['4s', '6h']","['5s', '7h', '3s', '5d', '4h']",,8h,100,100
840,River,1,-2882,2882,CHECK,0,"['3d', '5h']","['4s', '6h']","['5s', '7h', '3s', '5d', '4h']",,8h,100,100
841,Pre-Flop,1,-2782,2782,RAISE,3,"['5h', '8h']","['2s', '5s']","['4s', 'Ah']",,,1,1
841,Pre-Flop,0,-2782,2782,RAISE,95,"['5h', '8h']","['2s', '5s']","['4s', 'Ah']",,,2,2
841,Pre-Flop,1,-2782,2782,CALL,0,"['5h', '8h']","['2s', '5s']","['4s', 'Ah']",,,5,5
841,Pre-Flop,0,-2782,2782,CHECK,0,"['5h', '8h']","['2s', '5s']","['4s', 'Ah']",,,100,100
841,Flop,1,-2782,2782,DISCARD,0,"['5h', '8h']","['2s', '5s']","['4s', 'Ah', '5d']",,,100,100
841,Flop,1,-2782,2782,CHECK,0,"['5h', '8h']","['2s', '8d']","['4s', 'Ah', '5d']",,5s,100,100
841,Flop,0,-2782,2782,CHECK,0,"['5h', '8h']","['2s', '8d']","['4s', 'Ah', '5d']",,5s,100,100
841,Turn,1,-2782,2782,CHECK,0,"['5h', '8h']","['2s', '8d']","['4s', 'Ah', '5d', '4d']",,5s,100,100
841,Turn,0,-2782,2782,CHECK,0,"['5h', '8h']","['2s', '8d']","['4s', 'Ah', '5d', '4d']",,5s,100,100
841,River,1,-2782,2782,CHECK,0,"['5h', '8h']","['2s', '8d']","['4s', 'Ah', '5d', '4d', '9s']",,5s,100,100
841,River,0,-2782,2782,CHECK,0,"['5h', '8h']","['2s', '8d']","['4s', 'Ah', '5d', '4d', '9s']",,5s,100,100
842,Pre-Flop,0,-2682,2682,RAISE,98,"['6d', '5h']","['2s', '5d']","['3d', '9s']",,,1,1
842,Pre-Flop,1,-2682,2682,CALL,0,"['6d', '5h']","['2s', '5d']","['3d', '9s']",,,2,2
842,Flop,0,-2682,2682,CHECK,0,"['6d', '5h']","['2s', '5d']","['3d', '9s', '5s']",,,100,100
842,Flop,1,-2682,2682,DISCARD,0,"['6d', '5h']","['2s', '5d']","['3d', '9s', '5s']",,,100,100
842,Flop,1,-2682,2682,CHECK,0,"['6d', '5h']","['2s', '2h']","['3d', '9s', '5s']",,5d,100,100
842,Turn,0,-2682,2682,CHECK,0,"['6d', '5h']","['2s', '2h']","['3d', '9s', '5s', '9d']",,5d,100,100
842,Turn,1,-2682,2682,CHECK,0,"['6d', '5h']","['2s', '2h']","['3d', '9s', '5s', '9d']",,5d,100,100
842,River,0,-2682,2682,CHECK,0,"['6d', '5h']","['2s', '2h']","['3d', '9s', '5s', '9d', '7h']",,5d,100,100
842,River,1,-2682,2682,CHECK,0,"['6d', '5h']","['2s', '2h']","['3d', '9s', '5s', '9d', '7h']",,5d,100,100
843,Pre-Flop,1,-2582,2582,RAISE,2,"['As', '7h']","['5s', '8s']","['3h', '8d']",,,1,1
843,Pre-Flop,0,-2582,2582,RAISE,96,"['As', '7h']","['5s', '8s']","['3h', '8d']",,,2,2
843,Pre-Flop,1,-2582,2582,CALL,0,"['As', '7h']","['5s', '8s']","['3h', '8d']",,,4,4
843,Pre-Flop,0,-2582,2582,CHECK,0,"['As', '7h']","['5s', '8s']","['3h', '8d']",,,100,100
843,Flop,1,-2582,2582,DISCARD,0,"['As', '7h']","['5s', '8s']","['3h', '8d', '2h']",,,100,100
843,Flop,1,-2582,2582,CHECK,0,"['As', '7h']","['5s', '2s']","['3h', '8d', '2h']",,8s,100,100
843,Flop,0,-2582,2582,CHECK,0,"['As', '7h']","['5s', '2s']","['3h', '8d', '2h']",,8s,100,100
843,Turn,1,-2582,2582,CHECK,0,"['As', '7h']","['5s', '2s']","['3h', '8d', '2h', '6s']",,8s,100,100
843,Turn,0,-2582,2582,CHECK,0,"['As', '7h']","['5s', '2s']","['3h', '8d', '2h', '6s']",,8s,100,100
843,River,1,-2582,2582,CHECK,0,"['As', '7h']","['5s', '2s']","['3h', '8d', '2h', '6s', '5h']",,8s,100,100
843,River,0,-2582,2582,CHECK,0,"['As', '7h']","['5s', '2s']","['3h', '8d', '2h', '6s', '5h']",,8s,100,100
844,Pre-Flop,0,-2682,2682,RAISE,98,"['6d', '5s']","['7d', '8d']","['Ah', '2d']",,,1,1
844,Pre-Flop,1,-2682,2682,CALL,0,"['6d', '5s']","['7d', '8d']","['Ah', '2d']",,,2,2
844,Flop,0,-2682,2682,CHECK,0,"['6d', '5s']","['7d', '8d']","['Ah', '2d', '4h']",,,100,100
844,Flop,1,-2682,2682,DISCARD,0,"['6d', '5s']","['7d', '8d']","['Ah', '2d', '4h']",,,100,100
844,Flop,1,-2682,2682,CHECK,0,"['6d', '5s']","['7d', '3d']","['Ah', '2d', '4h']",,8d,100,100
844,Turn,0,-2682,2682,CHECK,0,"['6d', '5s']","['7d', '3d']","['Ah', '2d', '4h', 'As']",,8d,100,100
844,Turn,1,-2682,2682,CHECK,0,"['6d', '5s']","['7d', '3d']","['Ah', '2d', '4h', 'As']",,8d,100,100
844,River,0,-2682,2682,CHECK,0,"['6d', '5s']","['7d', '3d']","['Ah', '2d', '4h', 'As', '4d']",,8d,100,100
844,River,1,-2682,2682,CHECK,0,"['6d', '5s']","['7d', '3d']","['Ah', '2d', '4h', 'As', '4d']",,8d,100,100
845,Pre-Flop,1,-2782,2782,RAISE,2,"['8s', '3s']","['2h', '6h']","['6s', '9h']",,,1,1
845,Pre-Flop,0,-2782,2782,RAISE,96,"['8s', '3s']","['2h', '6h']","['6s', '9h']",,,2,2
845,Pre-Flop,1,-2782,2782,CALL,0,"['8s', '3s']","['2h', '6h']","['6s', '9h']",,,4,4
845,Pre-Flop,0,-2782,2782,CHECK,0,"['8s', '3s']","['2h', '6h']","['6s', '9h']",,,100,100
845,Flop,1,-2782,2782,DISCARD,0,"['8s', '3s']","['2h', '6h']","['6s', '9h', '2d']",,,100,100
845,Flop,1,-2782,2782,CHECK,0,"['8s', '3s']","['2h', '5s']","['6s', '9h', '2d']",,6h,100,100
845,Flop,0,-2782,2782,CHECK,0,"['8s', '3s']","['2h', '5s']","['6s', '9h', '2d']",,6h,100,100
845,Turn,1,-2782,2782,CHECK,0,"['8s', '3s']","['2h', '5s']","['6s', '9h', '2d', '9d']",,6h,100,100
845,Turn,0,-2782,2782,CHECK,0,"['8s', '3s']","['2h', '5s']","['6s', '9h', '2d', '9d']",,6h,100,100
845,River,1,-2782,2782,CHECK,0,"['8s', '3s']","['2h', '5s']","['6s', '9h', '2d', '9d', '7h']",,6h,100,100
845,River,0,-2782,2782,CHECK,0,"['8s', '3s']","['2h', '5s']","['6s', '9h', '2d', '9d', '7h']",,6h,100,100
846,Pre-Flop,0,-2882,2882,RAISE,98,"['9d', '4h']","['4s', '7d']","['2d', '6h']",,,1,1
846,Pre-Flop,1,-2882,2882,CALL,0,"['9d', '4h']","['4s', '7d']","['2d', '6h']",,,2,2
846,Flop,0,-2882,2882,CHECK,0,"['9d', '4h']","['4s', '7d']","['2d', '6h', '3s']",,,100,100
846,Flop,1,-2882,2882,DISCARD,0,"['9d', '4h']","['4s', '7d']","['2d', '6h', '3s']",,,100,100
846,Flop,1,-2882,2882,CHECK,0,"['9d', '4h']","['4s', '3d']","['2d', '6h', '3s']",,7d,100,100
846,Turn,0,-2882,2882,CHECK,0,"['9d', '4h']","['4s', '3d']","['2d', '6h', '3s', '7h']",,7d,100,100
846,Turn,1,-2882,2882,CHECK,0,"['9d', '4h']","['4s', '3d']","['2d', '6h', '3s', '7h']",,7d,100,100
846,River,0,-2882,2882,CHECK,0,"['9d', '4h']","['4s', '3d']","['2d', '6h', '3s', '7h', '2h']",,7d,100,100
846,River,1,-2882,2882,CHECK,0,"['9d', '4h']","['4s', '3d']","['2d', '6h', '3s', '7h', '2h']",,7d,100,100
847,Pre-Flop,1,-2982,2982,CALL,0,"['9d', '4h']","['Ah', '6d']","['5h', '3s']",,,1,1
847,Pre-Flop,0,-2982,2982,RAISE,98,"['9d', '4h']","['Ah', '6d']","['5h', '3s']",,,2,2
847,Pre-Flop,1,-2982,2982,DISCARD,0,"['9d', '4h']","['Ah', '6d']","['5h', '3s']",,,2,2
847,Pre-Flop,1,-2982,2982,CALL,0,"['9d', '4h']","['Ah', '9s']","['5h', '3s']",,6d,2,2
847,Pre-Flop,0,-2982,2982,CHECK,0,"['9d', '4h']","['Ah', '9s']","['5h', '3s']",,6d,100,100
847,Flop,1,-2982,2982,CHECK,0,"['9d', '4h']","['Ah', '9s']","['5h', '3s', '7d']",,6d,100,100
847,Flop,0,-2982,2982,CHECK,0,"['9d', '4h']","['Ah', '9s']","['5h', '3s', '7d']",,6d,100,100
847,Turn,1,-2982,2982,CHECK,0,"['9d', '4h']","['Ah', '9s']","['5h', '3s', '7d', '4s']",,6d,100,100
847,Turn,0,-2982,2982,CHECK,0,"['9d', '4h']","['Ah', '9s']","['5h', '3s', '7d', '4s']",,6d,100,100
847,River,1,-2982,2982,CHECK,0,"['9d', '4h']","['Ah', '9s']","['5h', '3s', '7d', '4s', '4d']",,6d,100,100
847,River,0,-2982,2982,CHECK,0,"['9d', '4h']","['Ah', '9s']","['5h', '3s', '7d', '4s', '4d']",,6d,100,100
848,Pre-Flop,0,-2882,2882,RAISE,98,"['Ah', 'Ad']","['2s', '2h']","['4s', '6h']",,,1,1
848,Pre-Flop,1,-2882,2882,CALL,0,"['Ah', 'Ad']","['2s', '2h']","['4s', '6h']",,,2,2
848,Flop,0,-2882,2882,CHECK,0,"['Ah', 'Ad']","['2s', '2h']","['4s', '6h', '5s']",,,100,100
848,Flop,1,-2882,2882,DISCARD,0,"['Ah', 'Ad']","['2s', '2h']","['4s', '6h', '5s']",,,100,100
848,Flop,1,-2882,2882,CHECK,0,"['Ah', 'Ad']","['7s', '2h']","['4s', '6h', '5s']",,2s,100,100
848,Turn,0,-2882,2882,CHECK,0,"['Ah', 'Ad']","['7s', '2h']","['4s', '6h', '5s', '5d']",,2s,100,100
848,Turn,1,-2882,2882,CHECK,0,"['Ah', 'Ad']","['7s', '2h']","['4s', '6h', '5s', '5d']",,2s,100,100
848,River,0,-2882,2882,CHECK,0,"['Ah', 'Ad']","['7s', '2h']","['4s', '6h', '5s', '5d', '9h']",,2s,100,100
848,River,1,-2882,2882,CHECK,0,"['Ah', 'Ad']","['7s', '2h']","['4s', '6h', '5s', '5d', '9h']",,2s,100,100
849,Pre-Flop,1,-2782,2782,RAISE,2,"['8s', '6s']","['9d', '7s']","['2s', '4s']",,,1,1
849,Pre-Flop,0,-2782,2782,RAISE,96,"['8s', '6s']","['9d', '7s']","['2s', '4s']",,,2,2
849,Pre-Flop,1,-2782,2782,CALL,0,"['8s', '6s']","['9d', '7s']","['2s', '4s']",,,4,4
849,Pre-Flop,0,-2782,2782,CHECK,0,"['8s', '6s']","['9d', '7s']","['2s', '4s']",,,100,100
849,Flop,1,-2782,2782,DISCARD,0,"['8s', '6s']","['9d', '7s']","['2s', '4s', '9s']",,,100,100
849,Flop,1,-2782,2782,CHECK,0,"['8s', '6s']","['3h', '7s']","['2s', '4s', '9s']",,9d,100,100
849,Flop,0,-2782,2782,CHECK,0,"['8s', '6s']","['3h', '7s']","['2s', '4s', '9s']",,9d,100,100
849,Turn,1,-2782,2782,CHECK,0,"['8s', '6s']","['3h', '7s']","['2s', '4s', '9s', '6h']",,9d,100,100
849,Turn,0,-2782,2782,CHECK,0,"['8s', '6s']","['3h', '7s']","['2s', '4s', '9s', '6h']",,9d,100,100
849,River,1,-2782,2782,CHECK,0,"['8s', '6s']","['3h', '7s']","['2s', '4s', '9s', '6h', '7d']",,9d,100,100
849,River,0,-2782,2782,CHECK,0,"['8s', '6s']","['3h', '7s']","['2s', '4s', '9s', '6h', '7d']",,9d,100,100
850,Pre-Flop,0,-2682,2682,RAISE,98,"['2s', '2d']","['As', '5h']","['3h', '5d']",,,1,1
850,Pre-Flop,1,-2682,2682,CALL,0,"['2s', '2d']","['As', '5h']","['3h', '5d']",,,2,2
850,Flop,0,-2682,2682,CHECK,0,"['2s', '2d']","['As', '5h']","['3h', '5d', '4d']",,,100,100
850,Flop,1,-2682,2682,DISCARD,0,"['2s', '2d']","['As', '5h']","['3h', '5d', '4d']",,,100,100
850,Flop,1,-2682,2682,CHECK,0,"['2s', '2d']","['As', '2h']","['3h', '5d', '4d']",,5h,100,100
850,Turn,0,-2682,2682,CHECK,0,"['2s', '2d']","['As', '2h']","['3h', '5d', '4d', '9d']",,5h,100,100
850,Turn,1,-2682,2682,CHECK,0,"['2s', '2d']","['As', '2h']","['3h', '5d', '4d', '9d']",,5h,100,100
850,River,0,-2682,2682,CHECK,0,"['2s', '2d']","['As', '2h']","['3h', '5d', '4d', '9d', 'Ah']",,5h,100,100
850,River,1,-2682,2682,CHECK,0,"['2s', '2d']","['As', '2h']","['3h', '5d', '4d', '9d', 'Ah']",,5h,100,100
851,Pre-Flop,1,-2682,2682,RAISE,2,"['As', '3h']","['7h', '3s']","['5s', '3d']",,,1,1
851,Pre-Flop,0,-2682,2682,RAISE,96,"['As', '3h']","['7h', '3s']","['5s', '3d']",,,2,2
851,Pre-Flop,1,-2682,2682,CALL,0,"['As', '3h']","['7h', '3s']","['5s', '3d']",,,4,4
851,Pre-Flop,0,-2682,2682,CHECK,0,"['As', '3h']","['7h', '3s']","['5s', '3d']",,,100,100
851,Flop,1,-2682,2682,DISCARD,0,"['As', '3h']","['7h', '3s']","['5s', '3d', '6d']",,,100,100
851,Flop,1,-2682,2682,CHECK,0,"['As', '3h']","['6h', '3s']","['5s', '3d', '6d']",,7h,100,100
851,Flop,0,-2682,2682,CHECK,0,"['As', '3h']","['6h', '3s']","['5s', '3d', '6d']",,7h,100,100
851,Turn,1,-2682,2682,CHECK,0,"['As', '3h']","['6h', '3s']","['5s', '3d', '6d', '2d']",,7h,100,100
851,Turn,0,-2682,2682,CHECK,0,"['As', '3h']","['6h', '3s']","['5s', '3d', '6d', '2d']",,7h,100,100
851,River,1,-2682,2682,CHECK,0,"['As', '3h']","['6h', '3s']","['5s', '3d', '6d', '2d', '5d']",,7h,100,100
851,River,0,-2682,2682,CHECK,0,"['As', '3h']","['6h', '3s']","['5s', '3d', '6d', '2d', '5d']",,7h,100,100
852,Pre-Flop,0,-2782,2782,RAISE,98,"['As', '7h']","['5h', '5s']","['3h', '6d']",,,1,1
852,Pre-Flop,1,-2782,2782,CALL,0,"['As', '7h']","['5h', '5s']","['3h', '6d']",,,2,2
852,Flop,0,-2782,2782,CHECK,0,"['As', '7h']","['5h', '5s']","['3h', '6d', '5d']",,,100,100
852,Flop,1,-2782,2782,DISCARD,0,"['As', '7h']","['5h', '5s']","['3h', '6d', '5d']",,,100,100
852,Flop,1,-2782,2782,CHECK,0,"['As', '7h']","['6h', '5s']","['3h', '6d', '5d']",,5h,100,100
852,Turn,0,-2782,2782,CHECK,0,"['As', '7h']","['6h', '5s']","['3h', '6d', '5d', '4s']",,5h,100,100
852,Turn,1,-2782,2782,CHECK,0,"['As', '7h']","['6h', '5s']","['3h', '6d', '5d', '4s']",,5h,100,100
852,River,0,-2782,2782,CHECK,0,"['As', '7h']","['6h', '5s']","['3h', '6d', '5d', '4s', '8h']",,5h,100,100
852,River,1,-2782,2782,CHECK,0,"['As', '7h']","['6h', '5s']","['3h', '6d', '5d', '4s', '8h']",,5h,100,100
853,Pre-Flop,1,-2682,2682,RAISE,3,"['8d', '9d']","['8s', '3s']","['6s', '4h']",,,1,1
853,Pre-Flop,0,-2682,2682,RAISE,95,"['8d', '9d']","['8s', '3s']","['6s', '4h']",,,2,2
853,Pre-Flop,1,-2682,2682,CALL,0,"['8d', '9d']","['8s', '3s']","['6s', '4h']",,,5,5
853,Pre-Flop,0,-2682,2682,CHECK,0,"['8d', '9d']","['8s', '3s']","['6s', '4h']",,,100,100
853,Flop,1,-2682,2682,DISCARD,0,"['8d', '9d']","['8s', '3s']","['6s', '4h', '4d']",,,100,100
853,Flop,1,-2682,2682,CHECK,0,"['8d', '9d']","['8s', '3d']","['6s', '4h', '4d']",,3s,100,100
853,Flop,0,-2682,2682,CHECK,0,"['8d', '9d']","['8s', '3d']","['6s', '4h', '4d']",,3s,100,100
853,Turn,1,-2682,2682,CHECK,0,"['8d', '9d']","['8s', '3d']","['6s', '4h', '4d', '5s']",,3s,100,100
853,Turn,0,-2682,2682,CHECK,0,"['8d', '9d']","['8s', '3d']","['6s', '4h', '4d', '5s']",,3s,100,100
853,River,1,-2682,2682,CHECK,0,"['8d', '9d']","['8s', '3d']","['6s', '4h', '4d', '5s', '9h']",,3s,100,100
853,River,0,-2682,2682,CHECK,0,"['8d', '9d']","['8s', '3d']","['6s', '4h', '4d', '5s', '9h']",,3s,100,100
854,Pre-Flop,0,-2582,2582,RAISE,98,"['9d', '3s']","['2h', 'Ah']","['4s', '6s']",,,1,1
854,Pre-Flop,1,-2582,2582,CALL,0,"['9d', '3s']","['2h', 'Ah']","['4s', '6s']",,,2,2
854,Flop,0,-2582,2582,CHECK,0,"['9d', '3s']","['2h', 'Ah']","['4s', '6s', '8s']",,,100,100
854,Flop,1,-2582,2582,DISCARD,0,"['9d', '3s']","['2h', 'Ah']","['4s', '6s', '8s']",,,100,100
854,Flop,1,-2582,2582,CHECK,0,"['9d', '3s']","['6h', 'Ah']","['4s', '6s', '8s']",,2h,100,100
854,Turn,0,-2582,2582,CHECK,0,"['9d', '3s']","['6h', 'Ah']","['4s', '6s', '8s', 'Ad']",,2h,100,100
854,Turn,1,-2582,2582,CHECK,0,"['9d', '3s']","['6h', 'Ah']","['4s', '6s', '8s', 'Ad']",,2h,100,100
854,River,0,-2582,2582,CHECK,0,"['9d', '3s']","['6h', 'Ah']","['4s', '6s', '8s', 'Ad', '9h']",,2h,100,100
854,River,1,-2582,2582,CHECK,0,"['9d', '3s']","['6h', 'Ah']","['4s', '6s', '8s', 'Ad', '9h']",,2h,100,100
855,Pre-Flop,1,-2682,2682,DISCARD,0,"['3s', '8d']","['7h', '4d']","['3h', '7s']",,,1,1
855,Pre-Flop,1,-2682,2682,RAISE,2,"['3s', '8d']","['7h', '2s']","['3h', '7s']",,4d,1,1
855,Pre-Flop,0,-2682,2682,RAISE,96,"['3s', '8d']","['7h', '2s']","['3h', '7s']",,4d,2,2
855,Pre-Flop,1,-2682,2682,CALL,0,"['3s', '8d']","['7h', '2s']","['3h', '7s']",,4d,4,4
855,Pre-Flop,0,-2682,2682,CHECK,0,"['3s', '8d']","['7h', '2s']","['3h', '7s']",,4d,100,100
855,Flop,1,-2682,2682,CHECK,0,"['3s', '8d']","['7h', '2s']","['3h', '7s', '3d']",,4d,100,100
855,Flop,0,-2682,2682,CHECK,0,"['3s', '8d']","['7h', '2s']","['3h', '7s', '3d']",,4d,100,100
855,Turn,1,-2682,2682,CHECK,0,"['3s', '8d']","['7h', '2s']","['3h', '7s', '3d', 'Ad']",,4d,100,100
855,Turn,0,-2682,2682,CHECK,0,"['3s', '8d']","['7h', '2s']","['3h', '7s', '3d', 'Ad']",,4d,100,100
855,River,1,-2682,2682,CHECK,0,"['3s', '8d']","['7h', '2s']","['3h', '7s', '3d', 'Ad', '5s']",,4d,100,100
855,River,0,-2682,2682,CHECK,0,"['3s', '8d']","['7h', '2s']","['3h', '7s', '3d', 'Ad', '5s']",,4d,100,100
856,Pre-Flop,0,-2582,2582,RAISE,98,"['7d', '8h']","['5s', '6d']","['3s', '3h']",,,1,1
856,Pre-Flop,1,-2582,2582,CALL,0,"['7d', '8h']","['5s', '6d']","['3s', '3h']",,,2,2
856,Flop,0,-2582,2582,CHECK,0,"['7d', '8h']","['5s', '6d']","['3s', '3h', '4s']",,,100,100
856,Flop,1,-2582,2582,DISCARD,0,"['7d', '8h']","['5s', '6d']","['3s', '3h', '4s']",,,100,100
856,Flop,1,-2582,2582,CHECK,0,"['7d', '8h']","['5s', '5d']","['3s', '3h', '4s']",,6d,100,100
856,Turn,0,-2582,2582,CHECK,0,"['7d', '8h']","['5s', '5d']","['3s', '3h', '4s', '5h']",,6d,100,100
856,Turn,1,-2582,2582,CHECK,0,"['7d', '8h']","['5s', '5d']","['3s', '3h', '4s', '5h']",,6d,100,100
856,River,0,-2582,2582,CHECK,0,"['7d', '8h']","['5s', '5d']","['3s', '3h', '4s', '5h', '4d']",,6d,100,100
856,River,1,-2582,2582,CHECK,0,"['7d', '8h']","['5s', '5d']","['3s', '3h', '4s', '5h', '4d']",,6d,100,100
857,Pre-Flop,1,-2682,2682,RAISE,2,"['3d', '4s']","['5d', '5h']","['4h', '8h']",,,1,1
857,Pre-Flop,0,-2682,2682,RAISE,96,"['3d', '4s']","['5d', '5h']","['4h', '8h']",,,2,2
857,Pre-Flop,1,-2682,2682,CALL,0,"['3d', '4s']","['5d', '5h']","['4h', '8h']",,,4,4
857,Pre-Flop,0,-2682,2682,CHECK,0,"['3d', '4s']","['5d', '5h']","['4h', '8h']",,,100,100
857,Flop,1,-2682,2682,DISCARD,0,"['3d', '4s']","['5d', '5h']","['4h', '8h', 'Ah']",,,100,100
857,Flop,1,-2682,2682,CHECK,0,"['3d', '4s']","['5d', '6d']","['4h', '8h', 'Ah']",,5h,100,100
857,Flop,0,-2682,2682,CHECK,0,"['3d', '4s']","['5d', '6d']","['4h', '8h', 'Ah']",,5h,100,100
857,Turn,1,-2682,2682,CHECK,0,"['3d', '4s']","['5d', '6d']","['4h', '8h', 'Ah', '9h']",,5h,100,100
857,Turn,0,-2682,2682,CHECK,0,"['3d', '4s']","['5d', '6d']","['4h', '8h', 'Ah', '9h']",,5h,100,100
857,River,1,-2682,2682,CHECK,0,"['3d', '4s']","['5d', '6d']","['4h', '8h', 'Ah', '9h', '6s']",,5h,100,100
857,River,0,-2682,2682,CHECK,0,"['3d', '4s']","['5d', '6d']","['4h', '8h', 'Ah', '9h', '6s']",,5h,100,100
858,Pre-Flop,0,-2782,2782,RAISE,98,"['4s', '9s']","['5d', 'As']","['3s', '4d']",,,1,1
858,Pre-Flop,1,-2782,2782,CALL,0,"['4s', '9s']","['5d', 'As']","['3s', '4d']",,,2,2
858,Flop,0,-2782,2782,CHECK,0,"['4s', '9s']","['5d', 'As']","['3s', '4d', '6h']",,,100,100
858,Flop,1,-2782,2782,DISCARD,0,"['4s', '9s']","['5d', 'As']","['3s', '4d', '6h']",,,100,100
858,Flop,1,-2782,2782,CHECK,0,"['4s', '9s']","['8s', 'As']","['3s', '4d', '6h']",,5d,100,100
858,Turn,0,-2782,2782,CHECK,0,"['4s', '9s']","['8s', 'As']","['3s', '4d', '6h', '5s']",,5d,100,100
858,Turn,1,-2782,2782,CHECK,0,"['4s', '9s']","['8s', 'As']","['3s', '4d', '6h', '5s']",,5d,100,100
858,River,0,-2782,2782,CHECK,0,"['4s', '9s']","['8s', 'As']","['3s', '4d', '6h', '5s', '7s']",,5d,100,100
858,River,1,-2782,2782,CHECK,0,"['4s', '9s']","['8s', 'As']","['3s', '4d', '6h', '5s', '7s']",,5d,100,100
859,Pre-Flop,1,-2882,2882,RAISE,2,"['2s', '8h']","['6d', '3s']","['8s', '2h']",,,1,1
859,Pre-Flop,0,-2882,2882,RAISE,96,"['2s', '8h']","['6d', '3s']","['8s', '2h']",,,2,2
859,Pre-Flop,1,-2882,2882,CALL,0,"['2s', '8h']","['6d', '3s']","['8s', '2h']",,,4,4
859,Pre-Flop,0,-2882,2882,CHECK,0,"['2s', '8h']","['6d', '3s']","['8s', '2h']",,,100,100
859,Flop,1,-2882,2882,DISCARD,0,"['2s', '8h']","['6d', '3s']","['8s', '2h', '5h']",,,100,100
859,Flop,1,-2882,2882,CHECK,0,"['2s', '8h']","['2d', '3s']","['8s', '2h', '5h']",,6d,100,100
859,Flop,0,-2882,2882,CHECK,0,"['2s', '8h']","['2d', '3s']","['8s', '2h', '5h']",,6d,100,100
859,Turn,1,-2882,2882,CHECK,0,"['2s', '8h']","['2d', '3s']","['8s', '2h', '5h', 'Ah']",,6d,100,100
859,Turn,0,-2882,2882,CHECK,0,"['2s', '8h']","['2d', '3s']","['8s', '2h', '5h', 'Ah']",,6d,100,100
859,River,1,-2882,2882,CHECK,0,"['2s', '8h']","['2d', '3s']","['8s', '2h', '5h', 'Ah', '4h']",,6d,100,100
859,River,0,-2882,2882,CHECK,0,"['2s', '8h']","['2d', '3s']","['8s', '2h', '5h', 'Ah', '4h']",,6d,100,100
860,Pre-Flop,0,-2782,2782,RAISE,98,"['5s', '4h']","['7h', '3d']","['5h', 'Ad']",,,1,1
860,Pre-Flop,1,-2782,2782,CALL,0,"['5s', '4h']","['7h', '3d']","['5h', 'Ad']",,,2,2
860,Flop,0,-2782,2782,CHECK,0,"['5s', '4h']","['7h', '3d']","['5h', 'Ad', '4s']",,,100,100
860,Flop,1,-2782,2782,DISCARD,0,"['5s', '4h']","['7h', '3d']","['5h', 'Ad', '4s']",,,100,100
860,Flop,1,-2782,2782,CHECK,0,"['5s', '4h']","['7h', '2h']","['5h', 'Ad', '4s']",,3d,100,100
860,Turn,0,-2782,2782,CHECK,0,"['5s', '4h']","['7h', '2h']","['5h', 'Ad', '4s', '9s']",,3d,100,100
860,Turn,1,-2782,2782,CHECK,0,"['5s', '4h']","['7h', '2h']","['5h', 'Ad', '4s', '9s']",,3d,100,100
860,River,0,-2782,2782,CHECK,0,"['5s', '4h']","['7h', '2h']","['5h', 'Ad', '4s', '9s', '4d']",,3d,100,100
860,River,1,-2782,2782,CHECK,0,"['5s', '4h']","['7h', '2h']","['5h', 'Ad', '4s', '9s', '4d']",,3d,100,100
861,Pre-Flop,1,-2682,2682,RAISE,3,"['3d', '5h']","['9h', '9s']","['4s', '3h']",,,1,1
861,Pre-Flop,0,-2682,2682,RAISE,95,"['3d', '5h']","['9h', '9s']","['4s', '3h']",,,2,2
861,Pre-Flop,1,-2682,2682,CALL,0,"['3d', '5h']","['9h', '9s']","['4s', '3h']",,,5,5
861,Pre-Flop,0,-2682,2682,CHECK,0,"['3d', '5h']","['9h', '9s']","['4s', '3h']",,,100,100
861,Flop,1,-2682,2682,DISCARD,0,"['3d', '5h']","['9h', '9s']","['4s', '3h', '6s']",,,100,100
861,Flop,1,-2682,2682,CHECK,0,"['3d', '5h']","['9h', '8d']","['4s', '3h', '6s']",,9s,100,100
861,Flop,0,-2682,2682,CHECK,0,"['3d', '5h']","['9h', '8d']","['4s', '3h', '6s']",,9s,100,100
861,Turn,1,-2682,2682,CHECK,0,"['3d', '5h']","['9h', '8d']","['4s', '3h', '6s', '2h']",,9s,100,100
861,Turn,0,-2682,2682,CHECK,0,"['3d', '5h']","['9h', '8d']","['4s', '3h', '6s', '2h']",,9s,100,100
861,River,1,-2682,2682,CHECK,0,"['3d', '5h']","['9h', '8d']","['4s', '3h', '6s', '2h', '2d']",,9s,100,100
861,River,0,-2682,2682,CHECK,0,"['3d', '5h']","['9h', '8d']","['4s', '3h', '6s', '2h', '2d']",,9s,100,100
862,Pre-Flop,0,-2582,2582,RAISE,98,"['4d', '3s']","['7s', '7h']","['5h', 'As']",,,1,1
862,Pre-Flop,1,-2582,2582,CALL,0,"['4d', '3s']","['7s', '7h']","['5h', 'As']",,,2,2
862,Flop,0,-2582,2582,CHECK,0,"['4d', '3s']","['7s', '7h']","['5h', 'As', '2s']",,,100,100
862,Flop,1,-2582,2582,DISCARD,0,"['4d', '3s']","['7s', '7h']","['5h', 'As', '2s']",,,100,100
862,Flop,1,-2582,2582,CHECK,0,"['4d', '3s']","['9d', '7h']","['5h', 'As', '2s']",,7s,100,100
862,Turn,0,-2582,2582,CHECK,0,"['4d', '3s']","['9d', '7h']","['5h', 'As', '2s', 'Ad']",,7s,100,100
862,Turn,1,-2582,2582,CHECK,0,"['4d', '3s']","['9d', '7h']","['5h', 'As', '2s', 'Ad']",,7s,100,100
862,River,0,-2582,2582,CHECK,0,"['4d', '3s']","['9d', '7h']","['5h', 'As', '2s', 'Ad', '6s']",,7s,100,100
862,River,1,-2582,2582,CHECK,0,"['4d', '3s']","['9d', '7h']","['5h', 'As', '2s', 'Ad', '6s']",,7s,100,100
863,Pre-Flop,1,-2482,2482,RAISE,2,"['Ah', '6s']","['3h', '8h']","['7h', '2h']",,,1,1
863,Pre-Flop,0,-2482,2482,RAISE,96,"['Ah', '6s']","['3h', '8h']","['7h', '2h']",,,2,2
863,Pre-Flop,1,-2482,2482,CALL,0,"['Ah', '6s']","['3h', '8h']","['7h', '2h']",,,4,4
863,Pre-Flop,0,-2482,2482,CHECK,0,"['Ah', '6s']","['3h', '8h']","['7h', '2h']",,,100,100
863,Flop,1,-2482,2482,DISCARD,0,"['Ah', '6s']","['3h', '8h']","['7h', '2h', '2s']",,,100,100
863,Flop,1,-2482,2482,CHECK,0,"['Ah', '6s']","['6d', '8h']","['7h', '2h', '2s']",,3h,100,100
863,Flop,0,-2482,2482,CHECK,0,"['Ah', '6s']","['6d', '8h']","['7h', '2h', '2s']",,3h,100,100
863,Turn,1,-2482,2482,CHECK,0,"['Ah', '6s']","['6d', '8h']","['7h', '2h', '2s', '4d']",,3h,100,100
863,Turn,0,-2482,2482,CHECK,0,"['Ah', '6s']","['6d', '8h']","['7h', '2h', '2s', '4d']",,3h,100,100
863,River,1,-2482,2482,CHECK,0,"['Ah', '6s']","['6d', '8h']","['7h', '2h', '2s', '4d', '3s']",,3h,100,100
863,River,0,-2482,2482,CHECK,0,"['Ah', '6s']","['6d', '8h']","['7h', '2h', '2s', '4d', '3s']",,3h,100,100
864,Pre-Flop,0,-2382,2382,RAISE,98,"['8d', '2d']","['8s', '5s']","['8h', '2s']",,,1,1
864,Pre-Flop,1,-2382,2382,CALL,0,"['8d', '2d']","['8s', '5s']","['8h', '2s']",,,2,2
864,Flop,0,-2382,2382,CHECK,0,"['8d', '2d']","['8s', '5s']","['8h', '2s', '3d']",,,100,100
864,Flop,1,-2382,2382,DISCARD,0,"['8d', '2d']","['8s', '5s']","['8h', '2s', '3d']",,,100,100
864,Flop,1,-2382,2382,CHECK,0,"['8d', '2d']","['As', '5s']","['8h', '2s', '3d']",,8s,100,100
864,Turn,0,-2382,2382,CHECK,0,"['8d', '2d']","['As', '5s']","['8h', '2s', '3d', '6h']",,8s,100,100
864,Turn,1,-2382,2382,CHECK,0,"['8d', '2d']","['As', '5s']","['8h', '2s', '3d', '6h']",,8s,100,100
864,River,0,-2382,2382,CHECK,0,"['8d', '2d']","['As', '5s']","['8h', '2s', '3d', '6h', '5h']",,8s,100,100
864,River,1,-2382,2382,CHECK,0,"['8d', '2d']","['As', '5s']","['8h', '2s', '3d', '6h', '5h']",,8s,100,100
865,Pre-Flop,1,-2282,2282,CALL,0,"['Ad', '8d']","['2d', '9h']","['6d', '4s']",,,1,1
865,Pre-Flop,0,-2282,2282,RAISE,98,"['Ad', '8d']","['2d', '9h']","['6d', '4s']",,,2,2
865,Pre-Flop,1,-2282,2282,CALL,0,"['Ad', '8d']","['2d', '9h']","['6d', '4s']",,,2,2
865,Pre-Flop,0,-2282,2282,CHECK,0,"['Ad', '8d']","['2d', '9h']","['6d', '4s']",,,100,100
865,Flop,1,-2282,2282,DISCARD,0,"['Ad', '8d']","['2d', '9h']","['6d', '4s', '3h']",,,100,100
865,Flop,1,-2282,2282,CHECK,0,"['Ad', '8d']","['2d', 'As']","['6d', '4s', '3h']",,9h,100,100
865,Flop,0,-2282,2282,CHECK,0,"['Ad', '8d']","['2d', 'As']","['6d', '4s', '3h']",,9h,100,100
865,Turn,1,-2282,2282,CHECK,0,"['Ad', '8d']","['2d', 'As']","['6d', '4s', '3h', '7d']",,9h,100,100
865,Turn,0,-2282,2282,CHECK,0,"['Ad', '8d']","['2d', 'As']","['6d', '4s', '3h', '7d']",,9h,100,100
865,River,1,-2282,2282,CHECK,0,"['Ad', '8d']","['2d', 'As']","['6d', '4s', '3h', '7d', '2h']",,9h,100,100
865,River,0,-2282,2282,CHECK,0,"['Ad', '8d']","['2d', 'As']","['6d', '4s', '3h', '7d', '2h']",,9h,100,100
866,Pre-Flop,0,-2382,2382,RAISE,98,"['4d', '8s']","['3h', '5d']","['9h', '3s']",,,1,1
866,Pre-Flop,1,-2382,2382,CALL,0,"['4d', '8s']","['3h', '5d']","['9h', '3s']",,,2,2
866,Flop,0,-2382,2382,CHECK,0,"['4d', '8s']","['3h', '5d']","['9h', '3s', '5h']",,,100,100
866,Flop,1,-2382,2382,DISCARD,0,"['4d', '8s']","['3h', '5d']","['9h', '3s', '5h']",,,100,100
866,Flop,1,-2382,2382,CHECK,0,"['4d', '8s']","['3h', '7s']","['9h', '3s', '5h']",,5d,100,100
866,Turn,0,-2382,2382,CHECK,0,"['4d', '8s']","['3h', '7s']","['9h', '3s', '5h', 'Ad']",,5d,100,100
866,Turn,1,-2382,2382,CHECK,0,"['4d', '8s']","['3h', '7s']","['9h', '3s', '5h', 'Ad']",,5d,100,100
866,River,0,-2382,2382,CHECK,0,"['4d', '8s']","['3h', '7s']","['9h', '3s', '5h', 'Ad', '4h']",,5d,100,100
866,River,1,-2382,2382,CHECK,0,"['4d', '8s']","['3h', '7s']","['9h', '3s', '5h', 'Ad', '4h']",,5d,100,100
867,Pre-Flop,1,-2282,2282,RAISE,2,"['Ad', '7h']","['8d', '7s']","['3s', '4d']",,,1,1
867,Pre-Flop,0,-2282,2282,RAISE,96,"['Ad', '7h']","['8d', '7s']","['3s', '4d']",,,2,2
867,Pre-Flop,1,-2282,2282,CALL,0,"['Ad', '7h']","['8d', '7s']","['3s', '4d']",,,4,4
867,Pre-Flop,0,-2282,2282,CHECK,0,"['Ad', '7h']","['8d', '7s']","['3s', '4d']",,,100,100
867,Flop,1,-2282,2282,DISCARD,0,"['Ad', '7h']","['8d', '7s']","['3s', '4d', '9h']",,,100,100
867,Flop,1,-2282,2282,CHECK,0,"['Ad', '7h']","['8s', '7s']","['3s', '4d', '9h']",,8d,100,100
867,Flop,0,-2282,2282,CHECK,0,"['Ad', '7h']","['8s', '7s']","['3s', '4d', '9h']",,8d,100,100
867,Turn,1,-2282,2282,CHECK,0,"['Ad', '7h']","['8s', '7s']","['3s', '4d', '9h', '2d']",,8d,100,100
867,Turn,0,-2282,2282,CHECK,0,"['Ad', '7h']","['8s', '7s']","['3s', '4d', '9h', '2d']",,8d,100,100
867,River,1,-2282,2282,CHECK,0,"['Ad', '7h']","['8s', '7s']","['3s', '4d', '9h', '2d', '9s']",,8d,100,100
867,River,0,-2282,2282,CHECK,0,"['Ad', '7h']","['8s', '7s']","['3s', '4d', '9h', '2d', '9s']",,8d,100,100
868,Pre-Flop,0,-2182,2182,RAISE,98,"['8h', '8d']","['9s', 'As']","['5d', 'Ad']",,,1,1
868,Pre-Flop,1,-2182,2182,CALL,0,"['8h', '8d']","['9s', 'As']","['5d', 'Ad']",,,2,2
868,Flop,0,-2182,2182,CHECK,0,"['8h', '8d']","['9s', 'As']","['5d', 'Ad', '4d']",,,100,100
868,Flop,1,-2182,2182,DISCARD,0,"['8h', '8d']","['9s', 'As']","['5d', 'Ad', '4d']",,,100,100
868,Flop,1,-2182,2182,CHECK,0,"['8h', '8d']","['9s', '2d']","['5d', 'Ad', '4d']",,As,100,100
868,Turn,0,-2182,2182,CHECK,0,"['8h', '8d']","['9s', '2d']","['5d', 'Ad', '4d', '8s']",,As,100,100
868,Turn,1,-2182,2182,CHECK,0,"['8h', '8d']","['9s', '2d']","['5d', 'Ad', '4d', '8s']",,As,100,100
868,River,0,-2182,2182,CHECK,0,"['8h', '8d']","['9s', '2d']","['5d', 'Ad', '4d', '8s', '5s']",,As,100,100
868,River,1,-2182,2182,CHECK,0,"['8h', '8d']","['9s', '2d']","['5d', 'Ad', '4d', '8s', '5s']",,As,100,100
869,Pre-Flop,1,-2082,2082,RAISE,2,"['8s', '6s']","['7h', '3h']","['Ad', '4s']",,,1,1
869,Pre-Flop,0,-2082,2082,RAISE,96,"['8s', '6s']","['7h', '3h']","['Ad', '4s']",,,2,2
869,Pre-Flop,1,-2082,2082,CALL,0,"['8s', '6s']","['7h', '3h']","['Ad', '4s']",,,4,4
869,Pre-Flop,0,-2082,2082,CHECK,0,"['8s', '6s']","['7h', '3h']","['Ad', '4s']",,,100,100
869,Flop,1,-2082,2082,DISCARD,0,"['8s', '6s']","['7h', '3h']","['Ad', '4s', '4d']",,,100,100
869,Flop,1,-2082,2082,CHECK,0,"['8s', '6s']","['7h', '3s']","['Ad', '4s', '4d']",,3h,100,100
869,Flop,0,-2082,2082,CHECK,0,"['8s', '6s']","['7h', '3s']","['Ad', '4s', '4d']",,3h,100,100
869,Turn,1,-2082,2082,CHECK,0,"['8s', '6s']","['7h', '3s']","['Ad', '4s', '4d', '4h']",,3h,100,100
869,Turn,0,-2082,2082,CHECK,0,"['8s', '6s']","['7h', '3s']","['Ad', '4s', '4d', '4h']",,3h,100,100
869,River,1,-2082,2082,CHECK,0,"['8s', '6s']","['7h', '3s']","['Ad', '4s', '4d', '4h', '5d']",,3h,100,100
869,River,0,-2082,2082,CHECK,0,"['8s', '6s']","['7h', '3s']","['Ad', '4s', '4d', '4h', '5d']",,3h,100,100
870,Pre-Flop,0,-1982,1982,RAISE,98,"['8d', '4h']","['9h', 'Ad']","['As', '7d']",,,1,1
870,Pre-Flop,1,-1982,1982,CALL,0,"['8d', '4h']","['9h', 'Ad']","['As', '7d']",,,2,2
870,Flop,0,-1982,1982,CHECK,0,"['8d', '4h']","['9h', 'Ad']","['As', '7d', '8s']",,,100,100
870,Flop,1,-1982,1982,DISCARD,0,"['8d', '4h']","['9h', 'Ad']","['As', '7d', '8s']",,,100,100
870,Flop,1,-1982,1982,CHECK,0,"['8d', '4h']","['6s', 'Ad']","['As', '7d', '8s']",,9h,100,100
870,Turn,0,-1982,1982,CHECK,0,"['8d', '4h']","['6s', 'Ad']","['As', '7d', '8s', '5s']",,9h,100,100
870,Turn,1,-1982,1982,CHECK,0,"['8d', '4h']","['6s', 'Ad']","['As', '7d', '8s', '5s']",,9h,100,100
870,River,0,-1982,1982,CHECK,0,"['8d', '4h']","['6s', 'Ad']","['As', '7d', '8s', '5s', '3h']",,9h,100,100
870,River,1,-1982,1982,CHECK,0,"['8d', '4h']","['6s', 'Ad']","['As', '7d', '8s', '5s', '3h']",,9h,100,100
871,Pre-Flop,1,-2082,2082,RAISE,2,"['2s', '2d']","['3s', '2h']","['7h', '4s']",,,1,1
871,Pre-Flop,0,-2082,2082,RAISE,96,"['2s', '2d']","['3s', '2h']","['7h', '4s']",,,2,2
871,Pre-Flop,1,-2082,2082,CALL,0,"['2s', '2d']","['3s', '2h']","['7h', '4s']",,,4,4
871,Pre-Flop,0,-2082,2082,CHECK,0,"['2s', '2d']","['3s', '2h']","['7h', '4s']",,,100,100
871,Flop,1,-2082,2082,DISCARD,0,"['2s', '2d']","['3s', '2h']","['7h', '4s', '5d']",,,100,100
871,Flop,1,-2082,2082,CHECK,0,"['2s', '2d']","['3s', '5s']","['7h', '4s', '5d']",,2h,100,100
871,Flop,0,-2082,2082,CHECK,0,"['2s', '2d']","['3s', '5s']","['7h', '4s', '5d']",,2h,100,100
871,Turn,1,-2082,2082,CHECK,0,"['2s', '2d']","['3s', '5s']","['7h', '4s', '5d', 'As']",,2h,100,100
871,Turn,0,-2082,2082,CHECK,0,"['2s', '2d']","['3s', '5s']","['7h', '4s', '5d', 'As']",,2h,100,100
871,River,1,-2082,2082,CHECK,0,"['2s', '2d']","['3s', '5s']","['7h', '4s', '5d', 'As', 'Ad']",,2h,100,100
871,River,0,-2082,2082,CHECK,0,"['2s', '2d']","['3s', '5s']","['7h', '4s', '5d', 'As', 'Ad']",,2h,100,100
872,Pre-Flop,0,-2182,2182,RAISE,98,"['As', 'Ad']","['2h', '4d']","['Ah', '7s']",,,1,1
872,Pre-Flop,1,-2182,2182,CALL,0,"['As', 'Ad']","['2h', '4d']","['Ah', '7s']",,,2,2
872,Flop,0,-2182,2182,CHECK,0,"['As', 'Ad']","['2h', '4d']","['Ah', '7s', '3h']",,,100,100
872,Flop,1,-2182,2182,DISCARD,0,"['As', 'Ad']","['2h', '4d']","['Ah', '7s', '3h']",,,100,100
872,Flop,1,-2182,2182,CHECK,0,"['As', 'Ad']","['2h', '5d']","['Ah', '7s', '3h']",,4d,100,100
872,Turn,0,-2182,2182,CHECK,0,"['As', 'Ad']","['2h', '5d']","['Ah', '7s', '3h', '9d']",,4d,100,100
872,Turn,1,-2182,2182,CHECK,0,"['As', 'Ad']","['2h', '5d']","['Ah', '7s', '3h', '9d']",,4d,100,100
872,River,0,-2182,2182,CHECK,0,"['As', 'Ad']","['2h', '5d']","['Ah', '7s', '3h', '9d', '6d']",,4d,100,100
872,River,1,-2182,2182,CHECK,0,"['As', 'Ad']","['2h', '5d']","['Ah', '7s', '3h', '9d', '6d']",,4d,100,100
873,Pre-Flop,1,-2082,2082,RAISE,2,"['2s', '2h']","['8d', '7s']","['5h', '4s']",,,1,1
873,Pre-Flop,0,-2082,2082,RAISE,96,"['2s', '2h']","['8d', '7s']","['5h', '4s']",,,2,2
873,Pre-Flop,1,-2082,2082,CALL,0,"['2s', '2h']","['8d', '7s']","['5h', '4s']",,,4,4
873,Pre-Flop,0,-2082,2082,CHECK,0,"['2s', '2h']","['8d', '7s']","['5h', '4s']",,,100,100
873,Flop,1,-2082,2082,DISCARD,0,"['2s', '2h']","['8d', '7s']","['5h', '4s', '4d']",,,100,100
873,Flop,1,-2082,2082,CHECK,0,"['2s', '2h']","['6h', '7s']","['5h', '4s', '4d']",,8d,100,100
873,Flop,0,-2082,2082,CHECK,0,"['2s', '2h']","['6h', '7s']","['5h', '4s', '4d']",,8d,100,100
873,Turn,1,-2082,2082,CHECK,0,"['2s', '2h']","['6h', '7s']","['5h', '4s', '4d', 'Ah']",,8d,100,100
873,Turn,0,-2082,2082,CHECK,0,"['2s', '2h']","['6h', '7s']","['5h', '4s', '4d', 'Ah']",,8d,100,100
873,River,1,-2082,2082,CHECK,0,"['2s', '2h']","['6h', '7s']","['5h', '4s', '4d', 'Ah', 'As']",,8d,100,100
873,River,0,-2082,2082,CHECK,0,"['2s', '2h']","['6h', '7s']","['5h', '4s', '4d', 'Ah', 'As']",,8d,100,100
874,Pre-Flop,0,-2182,2182,RAISE,98,"['3h', '6h']","['5h', '8d']","['4d', '3d']",,,1,1
874,Pre-Flop,1,-2182,2182,CALL,0,"['3h', '6h']","['5h', '8d']","['4d', '3d']",,,2,2
874,Flop,0,-2182,2182,CHECK,0,"['3h', '6h']","['5h', '8d']","['4d', '3d', '4s']",,,100,100
874,Flop,1,-2182,2182,DISCARD,0,"['3h', '6h']","['5h', '8d']","['4d', '3d', '4s']",,,100,100
874,Flop,1,-2182,2182,CHECK,0,"['3h', '6h']","['5h', '6d']","['4d', '3d', '4s']",,8d,100,100
874,Turn,0,-2182,2182,CHECK,0,"['3h', '6h']","['5h', '6d']","['4d', '3d', '4s', '3s']",,8d,100,100
874,Turn,1,-2182,2182,CHECK,0,"['3h', '6h']","['5h', '6d']","['4d', '3d', '4s', '3s']",,8d,100,100
874,River,0,-2182,2182,CHECK,0,"['3h', '6h']","['5h', '6d']","['4d', '3d', '4s', '3s', 'Ah']",,8d,100,100
874,River,1,-2182,2182,CHECK,0,"['3h', '6h']","['5h', '6d']","['4d', '3d', '4s', '3s', 'Ah']",,8d,100,100
875,Pre-Flop,1,-2082,2082,DISCARD,0,"['3s', '4h']","['8d', 'Ah']","['9s', '4d']",,,1,1
875,Pre-Flop,1,-2082,2082,CALL,0,"['3s', '4h']","['6d', 'Ah']","['9s', '4d']",,8d,1,1
875,Pre-Flop,0,-2082,2082,RAISE,98,"['3s', '4h']","['6d', 'Ah']","['9s', '4d']",,8d,2,2
875,Pre-Flop,1,-2082,2082,FOLD,0,"['3s', '4h']","['6d', 'Ah']","['9s', '4d']",,8d,2,2
876,Pre-Flop,0,-2080,2080,RAISE,98,"['3d', '5s']","['9d', '2h']","['3h', '6h']",,,1,1
876,Pre-Flop,1,-2080,2080,CALL,0,"['3d', '5s']","['9d', '2h']","['3h', '6h']",,,2,2
876,Flop,0,-2080,2080,CHECK,0,"['3d', '5s']","['9d', '2h']","['3h', '6h', 'Ah']",,,100,100
876,Flop,1,-2080,2080,DISCARD,0,"['3d', '5s']","['9d', '2h']","['3h', '6h', 'Ah']",,,100,100
876,Flop,1,-2080,2080,CHECK,0,"['3d', '5s']","['9d', '4d']","['3h', '6h', 'Ah']",,2h,100,100
876,Turn,0,-2080,2080,CHECK,0,"['3d', '5s']","['9d', '4d']","['3h', '6h', 'Ah', '8s']",,2h,100,100
876,Turn,1,-2080,2080,CHECK,0,"['3d', '5s']","['9d', '4d']","['3h', '6h', 'Ah', '8s']",,2h,100,100
876,River,0,-2080,2080,CHECK,0,"['3d', '5s']","['9d', '4d']","['3h', '6h', 'Ah', '8s', '5h']",,2h,100,100
876,River,1,-2080,2080,CHECK,0,"['3d', '5s']","['9d', '4d']","['3h', '6h', 'Ah', '8s', '5h']",,2h,100,100
877,Pre-Flop,1,-1980,1980,RAISE,2,"['2h', '9h']","['5s', '5h']","['3s', '6d']",,,1,1
877,Pre-Flop,0,-1980,1980,RAISE,96,"['2h', '9h']","['5s', '5h']","['3s', '6d']",,,2,2
877,Pre-Flop,1,-1980,1980,CALL,0,"['2h', '9h']","['5s', '5h']","['3s', '6d']",,,4,4
877,Pre-Flop,0,-1980,1980,CHECK,0,"['2h', '9h']","['5s', '5h']","['3s', '6d']",,,100,100
877,Flop,1,-1980,1980,DISCARD,0,"['2h', '9h']","['5s', '5h']","['3s', '6d', 'Ad']",,,100,100
877,Flop,1,-1980,1980,CHECK,0,"['2h', '9h']","['5s', '2d']","['3s', '6d', 'Ad']",,5h,100,100
877,Flop,0,-1980,1980,CHECK,0,"['2h', '9h']","['5s', '2d']","['3s', '6d', 'Ad']",,5h,100,100
877,Turn,1,-1980,1980,CHECK,0,"['2h', '9h']","['5s', '2d']","['3s', '6d', 'Ad', 'As']",,5h,100,100
877,Turn,0,-1980,1980,CHECK,0,"['2h', '9h']","['5s', '2d']","['3s', '6d', 'Ad', 'As']",,5h,100,100
877,River,1,-1980,1980,CHECK,0,"['2h', '9h']","['5s', '2d']","['3s', '6d', 'Ad', 'As', '9s']",,5h,100,100
877,River,0,-1980,1980,CHECK,0,"['2h', '9h']","['5s', '2d']","['3s', '6d', 'Ad', 'As', '9s']",,5h,100,100
878,Pre-Flop,0,-1880,1880,RAISE,98,"['7d', 'As']","['Ad', '2s']","['8d', '9s']",,,1,1
878,Pre-Flop,1,-1880,1880,CALL,0,"['7d', 'As']","['Ad', '2s']","['8d', '9s']",,,2,2
878,Flop,0,-1880,1880,CHECK,0,"['7d', 'As']","['Ad', '2s']","['8d', '9s', '2h']",,,100,100
878,Flop,1,-1880,1880,DISCARD,0,"['7d', 'As']","['Ad', '2s']","['8d', '9s', '2h']",,,100,100
878,Flop,1,-1880,1880,CHECK,0,"['7d', 'As']","['Ad', '9h']","['8d', '9s', '2h']",,2s,100,100
878,Turn,0,-1880,1880,CHECK,0,"['7d', 'As']","['Ad', '9h']","['8d', '9s', '2h', '9d']",,2s,100,100
878,Turn,1,-1880,1880,CHECK,0,"['7d', 'As']","['Ad', '9h']","['8d', '9s', '2h', '9d']",,2s,100,100
878,River,0,-1880,1880,CHECK,0,"['7d', 'As']","['Ad', '9h']","['8d', '9s', '2h', '9d', '4h']",,2s,100,100
878,River,1,-1880,1880,CHECK,0,"['7d', 'As']","['Ad', '9h']","['8d', '9s', '2h', '9d', '4h']",,2s,100,100
879,Pre-Flop,1,-1980,1980,RAISE,2,"['6h', '7s']","['2s', '2d']","['9s', '8d']",,,1,1
879,Pre-Flop,0,-1980,1980,RAISE,96,"['6h', '7s']","['2s', '2d']","['9s', '8d']",,,2,2
879,Pre-Flop,1,-1980,1980,CALL,0,"['6h', '7s']","['2s', '2d']","['9s', '8d']",,,4,4
879,Pre-Flop,0,-1980,1980,CHECK,0,"['6h', '7s']","['2s', '2d']","['9s', '8d']",,,100,100
879,Flop,1,-1980,1980,DISCARD,0,"['6h', '7s']","['2s', '2d']","['9s', '8d', '9h']",,,100,100
879,Flop,1,-1980,1980,CHECK,0,"['6h', '7s']","['2s', '4h']","['9s', '8d', '9h']",,2d,100,100
879,Flop,0,-1980,1980,CHECK,0,"['6h', '7s']","['2s', '4h']","['9s', '8d', '9h']",,2d,100,100
879,Turn,1,-1980,1980,CHECK,0,"['6h', '7s']","['2s', '4h']","['9s', '8d', '9h', '2h']",,2d,100,100
879,Turn,0,-1980,1980,CHECK,0,"['6h', '7s']","['2s', '4h']","['9s', '8d', '9h', '2h']",,2d,100,100
879,River,1,-1980,1980,CHECK,0,"['6h', '7s']","['2s', '4h']","['9s', '8d', '9h', '2h', 'Ad']",,2d,100,100
879,River,0,-1980,1980,CHECK,0,"['6h', '7s']","['2s', '4h']","['9s', '8d', '9h', '2h', 'Ad']",,2d,100,100
880,Pre-Flop,0,-1880,1880,RAISE,98,"['2h', '5h']","['3s', '9h']","['9d', '5s']",,,1,1
880,Pre-Flop,1,-1880,1880,CALL,0,"['2h', '5h']","['3s', '9h']","['9d', '5s']",,,2,2
880,Flop,0,-1880,1880,CHECK,0,"['2h', '5h']","['3s', '9h']","['9d', '5s', '3d']",,,100,100
880,Flop,1,-1880,1880,DISCARD,0,"['2h', '5h']","['3s', '9h']","['9d', '5s', '3d']",,,100,100
880,Flop,1,-1880,1880,CHECK,0,"['2h', '5h']","['3s', '4s']","['9d', '5s', '3d']",,9h,100,100
880,Turn,0,-1880,1880,CHECK,0,"['2h', '5h']","['3s', '4s']","['9d', '5s', '3d', '5d']",,9h,100,100
880,Turn,1,-1880,1880,CHECK,0,"['2h', '5h']","['3s', '4s']","['9d', '5s', '3d', '5d']",,9h,100,100
880,River,0,-1880,1880,CHECK,0,"['2h', '5h']","['3s', '4s']","['9d', '5s', '3d', '5d', '9s']",,9h,100,100
880,River,1,-1880,1880,CHECK,0,"['2h', '5h']","['3s', '4s']","['9d', '5s', '3d', '5d', '9s']",,9h,100,100
881,Pre-Flop,1,-1780,1780,RAISE,2,"['As', '7h']","['6s', '9h']","['8h', 'Ah']",,,1,1
881,Pre-Flop,0,-1780,1780,RAISE,96,"['As', '7h']","['6s', '9h']","['8h', 'Ah']",,,2,2
881,Pre-Flop,1,-1780,1780,CALL,0,"['As', '7h']","['6s', '9h']","['8h', 'Ah']",,,4,4
881,Pre-Flop,0,-1780,1780,CHECK,0,"['As', '7h']","['6s', '9h']","['8h', 'Ah']",,,100,100
881,Flop,1,-1780,1780,DISCARD,0,"['As', '7h']","['6s', '9h']","['8h', 'Ah', '5h']",,,100,100
881,Flop,1,-1780,1780,CHECK,0,"['As', '7h']","['2h', '9h']","['8h', 'Ah', '5h']",,6s,100,100
881,Flop,0,-1780,1780,CHECK,0,"['As', '7h']","['2h', '9h']","['8h', 'Ah', '5h']",,6s,100,100
881,Turn,1,-1780,1780,CHECK,0,"['As', '7h']","['2h', '9h']","['8h', 'Ah', '5h', '9s']",,6s,100,100
881,Turn,0,-1780,1780,CHECK,0,"['As', '7h']","['2h', '9h']","['8h', 'Ah', '5h', '9s']",,6s,100,100
881,River,1,-1780,1780,CHECK,0,"['As', '7h']","['2h', '9h']","['8h', 'Ah', '5h', '9s', '4s']",,6s,100,100
881,River,0,-1780,1780,CHECK,0,"['As', '7h']","['2h', '9h']","['8h', 'Ah', '5h', '9s', '4s']",,6s,100,100
882,Pre-Flop,0,-1880,1880,RAISE,98,"['9s', '9d']","['8s', '6d']","['5h', '7h']",,,1,1
882,Pre-Flop,1,-1880,1880,DISCARD,0,"['9s', '9d']","['8s', '6d']","['5h', '7h']",,,2,2
882,Pre-Flop,1,-1880,1880,CALL,0,"['9s', '9d']","['8s', '3s']","['5h', '7h']",,6d,2,2
882,Flop,0,-1880,1880,CHECK,0,"['9s', '9d']","['8s', '3s']","['5h', '7h', '4s']",,6d,100,100
882,Flop,1,-1880,1880,CHECK,0,"['9s', '9d']","['8s', '3s']","['5h', '7h', '4s']",,6d,100,100
882,Turn,0,-1880,1880,CHECK,0,"['9s', '9d']","['8s', '3s']","['5h', '7h', '4s', '2d']",,6d,100,100
882,Turn,1,-1880,1880,CHECK,0,"['9s', '9d']","['8s', '3s']","['5h', '7h', '4s', '2d']",,6d,100,100
882,River,0,-1880,1880,CHECK,0,"['9s', '9d']","['8s', '3s']","['5h', '7h', '4s', '2d', '8h']",,6d,100,100
882,River,1,-1880,1880,CHECK,0,"['9s', '9d']","['8s', '3s']","['5h', '7h', '4s', '2d', '8h']",,6d,100,100
883,Pre-Flop,1,-1780,1780,RAISE,2,"['5d', '3s']","['3d', '3h']","['6h', '9h']",,,1,1
883,Pre-Flop,0,-1780,1780,RAISE,96,"['5d', '3s']","['3d', '3h']","['6h', '9h']",,,2,2
883,Pre-Flop,1,-1780,1780,DISCARD,0,"['5d', '3s']","['3d', '3h']","['6h', '9h']",,,4,4
883,Pre-Flop,1,-1780,1780,CALL,0,"['5d', '3s']","['4d', '3h']","['6h', '9h']",,3d,4,4
883,Pre-Flop,0,-1780,1780,CHECK,0,"['5d', '3s']","['4d', '3h']","['6h', '9h']",,3d,100,100
883,Flop,1,-1780,1780,CHECK,0,"['5d', '3s']","['4d', '3h']","['6h', '9h', '6s']",,3d,100,100
883,Flop,0,-1780,1780,CHECK,0,"['5d', '3s']","['4d', '3h']","['6h', '9h', '6s']",,3d,100,100
883,Turn,1,-1780,1780,CHECK,0,"['5d', '3s']","['4d', '3h']","['6h', '9h', '6s', '8s']",,3d,100,100
883,Turn,0,-1780,1780,CHECK,0,"['5d', '3s']","['4d', '3h']","['6h', '9h', '6s', '8s']",,3d,100,100
883,River,1,-1780,1780,CHECK,0,"['5d', '3s']","['4d', '3h']","['6h', '9h', '6s', '8s', '2d']",,3d,100,100
883,River,0,-1780,1780,CHECK,0,"['5d', '3s']","['4d', '3h']","['6h', '9h', '6s', '8s', '2d']",,3d,100,100
884,Pre-Flop,0,-1680,1680,RAISE,98,"['2d', '4d']","['3h', '6s']","['7h', '3d']",,,1,1
884,Pre-Flop,1,-1680,1680,CALL,0,"['2d', '4d']","['3h', '6s']","['7h', '3d']",,,2,2
884,Flop,0,-1680,1680,CHECK,0,"['2d', '4d']","['3h', '6s']","['7h', '3d', '4h']",,,100,100
884,Flop,1,-1680,1680,DISCARD,0,"['2d', '4d']","['3h', '6s']","['7h', '3d', '4h']",,,100,100
884,Flop,1,-1680,1680,CHECK,0,"['2d', '4d']","['3h', '5d']","['7h', '3d', '4h']",,6s,100,100
884,Turn,0,-1680,1680,CHECK,0,"['2d', '4d']","['3h', '5d']","['7h', '3d', '4h', '7d']",,6s,100,100
884,Turn,1,-1680,1680,CHECK,0,"['2d', '4d']","['3h', '5d']","['7h', '3d', '4h', '7d']",,6s,100,100
884,River,0,-1680,1680,CHECK,0,"['2d', '4d']","['3h', '5d']","['7h', '3d', '4h', '7d', '4s']",,6s,100,100
884,River,1,-1680,1680,CHECK,0,"['2d', '4d']","['3h', '5d']","['7h', '3d', '4h', '7d', '4s']",,6s,100,100
885,Pre-Flop,1,-1580,1580,RAISE,3,"['2d', '3s']","['4s', 'Ah']","['4d', '7s']",,,1,1
885,Pre-Flop,0,-1580,1580,RAISE,95,"['2d', '3s']","['4s', 'Ah']","['4d', '7s']",,,2,2
885,Pre-Flop,1,-1580,1580,CALL,0,"['2d', '3s']","['4s', 'Ah']","['4d', '7s']",,,5,5
885,Pre-Flop,0,-1580,1580,CHECK,0,"['2d', '3s']","['4s', 'Ah']","['4d', '7s']",,,100,100
885,Flop,1,-1580,1580,CHECK,0,"['2d', '3s']","['4s', 'Ah']","['4d', '7s', 'As']",,,100,100
885,Flop,0,-1580,1580,CHECK,0,"['2d', '3s']","['4s', 'Ah']","['4d', '7s', 'As']",,,100,100
885,Turn,1,-1580,1580,CHECK,0,"['2d', '3s']","['4s', 'Ah']","['4d', '7s', 'As', '9s']",,,100,100
885,Turn,0,-1580,1580,CHECK,0,"['2d', '3s']","['4s', 'Ah']","['4d', '7s', 'As', '9s']",,,100,100
885,River,1,-1580,1580,CHECK,0,"['2d', '3s']","['4s', 'Ah']","['4d', '7s', 'As', '9s', '6d']",,,100,100
885,River,0,-1580,1580,CHECK,0,"['2d', '3s']","['4s', 'Ah']","['4d', '7s', 'As', '9s', '6d']",,,100,100
886,Pre-Flop,0,-1680,1680,RAISE,98,"['4s', '7h']","['4d', '5d']","['3s', '4h']",,,1,1
886,Pre-Flop,1,-1680,1680,DISCARD,0,"['4s', '7h']","['4d', '5d']","['3s', '4h']",,,2,2
886,Pre-Flop,1,-1680,1680,CALL,0,"['4s', '7h']","['Ad', '5d']","['3s', '4h']",,4d,2,2
886,Flop,0,-1680,1680,CHECK,0,"['4s', '7h']","['Ad', '5d']","['3s', '4h', '7d']",,4d,100,100
886,Flop,1,-1680,1680,CHECK,0,"['4s', '7h']","['Ad', '5d']","['3s', '4h', '7d']",,4d,100,100
886,Turn,0,-1680,1680,CHECK,0,"['4s', '7h']","['Ad', '5d']","['3s', '4h', '7d', '3d']",,4d,100,100
886,Turn,1,-1680,1680,CHECK,0,"['4s', '7h']","['Ad', '5d']","['3s', '4h', '7d', '3d']",,4d,100,100
886,River,0,-1680,1680,CHECK,0,"['4s', '7h']","['Ad', '5d']","['3s', '4h', '7d', '3d', '2s']",,4d,100,100
886,River,1,-1680,1680,CHECK,0,"['4s', '7h']","['Ad', '5d']","['3s', '4h', '7d', '3d', '2s']",,4d,100,100
887,Pre-Flop,1,-1780,1780,DISCARD,0,"['6s', '4d']","['5h', 'As']","['8d', '7d']",,,1,1
887,Pre-Flop,1,-1780,1780,RAISE,4,"['6s', '4d']","['7s', 'As']","['8d', '7d']",,5h,1,1
887,Pre-Flop,0,-1780,1780,RAISE,94,"['6s', '4d']","['7s', 'As']","['8d', '7d']",,5h,2,2
887,Pre-Flop,1,-1780,1780,CALL,0,"['6s', '4d']","['7s', 'As']","['8d', '7d']",,5h,6,6
887,Pre-Flop,0,-1780,1780,CHECK,0,"['6s', '4d']","['7s', 'As']","['8d', '7d']",,5h,100,100
887,Flop,1,-1780,1780,CHECK,0,"['6s', '4d']","['7s', 'As']","['8d', '7d', '5s']",,5h,100,100
887,Flop,0,-1780,1780,CHECK,0,"['6s', '4d']","['7s', 'As']","['8d', '7d', '5s']",,5h,100,100
887,Turn,1,-1780,1780,CHECK,0,"['6s', '4d']","['7s', 'As']","['8d', '7d', '5s', '9h']",,5h,100,100
887,Turn,0,-1780,1780,CHECK,0,"['6s', '4d']","['7s', 'As']","['8d', '7d', '5s', '9h']",,5h,100,100
887,River,1,-1780,1780,CHECK,0,"['6s', '4d']","['7s', 'As']","['8d', '7d', '5s', '9h', 'Ad']",,5h,100,100
887,River,0,-1780,1780,CHECK,0,"['6s', '4d']","['7s', 'As']","['8d', '7d', '5s', '9h', 'Ad']",,5h,100,100
888,Pre-Flop,0,-1680,1680,RAISE,98,"['6d', '8d']","['6s', '4h']","['2h', 'Ad']",,,1,1
888,Pre-Flop,1,-1680,1680,CALL,0,"['6d', '8d']","['6s', '4h']","['2h', 'Ad']",,,2,2
888,Flop,0,-1680,1680,CHECK,0,"['6d', '8d']","['6s', '4h']","['2h', 'Ad', '2s']",,,100,100
888,Flop,1,-1680,1680,DISCARD,0,"['6d', '8d']","['6s', '4h']","['2h', 'Ad', '2s']",,,100,100
888,Flop,1,-1680,1680,CHECK,0,"['6d', '8d']","['7s', '4h']","['2h', 'Ad', '2s']",,6s,100,100
888,Turn,0,-1680,1680,CHECK,0,"['6d', '8d']","['7s', '4h']","['2h', 'Ad', '2s', '8h']",,6s,100,100
888,Turn,1,-1680,1680,CHECK,0,"['6d', '8d']","['7s', '4h']","['2h', 'Ad', '2s', '8h']",,6s,100,100
888,River,0,-1680,1680,CHECK,0,"['6d', '8d']","['7s', '4h']","['2h', 'Ad', '2s', '8h', '9s']",,6s,100,100
888,River,1,-1680,1680,CHECK,0,"['6d', '8d']","['7s', '4h']","['2h', 'Ad', '2s', '8h', '9s']",,6s,100,100
889,Pre-Flop,1,-1580,1580,RAISE,3,"['Ah', '4h']","['9s', '3d']","['2s', '5d']",,,1,1
889,Pre-Flop,0,-1580,1580,RAISE,95,"['Ah', '4h']","['9s', '3d']","['2s', '5d']",,,2,2
889,Pre-Flop,1,-1580,1580,CALL,0,"['Ah', '4h']","['9s', '3d']","['2s', '5d']",,,5,5
889,Pre-Flop,0,-1580,1580,CHECK,0,"['Ah', '4h']","['9s', '3d']","['2s', '5d']",,,100,100
889,Flop,1,-1580,1580,DISCARD,0,"['Ah', '4h']","['9s', '3d']","['2s', '5d', '8s']",,,100,100
889,Flop,1,-1580,1580,CHECK,0,"['Ah', '4h']","['9s', 'As']","['2s', '5d', '8s']",,3d,100,100
889,Flop,0,-1580,1580,CHECK,0,"['Ah', '4h']","['9s', 'As']","['2s', '5d', '8s']",,3d,100,100
889,Turn,1,-1580,1580,CHECK,0,"['Ah', '4h']","['9s', 'As']","['2s', '5d', '8s', '2d']",,3d,100,100
889,Turn,0,-1580,1580,CHECK,0,"['Ah', '4h']","['9s', 'As']","['2s', '5d', '8s', '2d']",,3d,100,100
889,River,1,-1580,1580,CHECK,0,"['Ah', '4h']","['9s', 'As']","['2s', '5d', '8s', '2d', '7s']",,3d,100,100
889,River,0,-1580,1580,CHECK,0,"['Ah', '4h']","['9s', 'As']","['2s', '5d', '8s', '2d', '7s']",,3d,100,100
890,Pre-Flop,0,-1680,1680,RAISE,98,"['3h', '8h']","['Ah', '9h']","['3d', '5h']",,,1,1
890,Pre-Flop,1,-1680,1680,CALL,0,"['3h', '8h']","['Ah', '9h']","['3d', '5h']",,,2,2
890,Flop,0,-1680,1680,CHECK,0,"['3h', '8h']","['Ah', '9h']","['3d', '5h', '9d']",,,100,100
890,Flop,1,-1680,1680,CHECK,0,"['3h', '8h']","['Ah', '9h']","['3d', '5h', '9d']",,,100,100
890,Turn,0,-1680,1680,CHECK,0,"['3h', '8h']","['Ah', '9h']","['3d', '5h', '9d', '7h']",,,100,100
890,Turn,1,-1680,1680,CHECK,0,"['3h', '8h']","['Ah', '9h']","['3d', '5h', '9d', '7h']",,,100,100
890,River,0,-1680,1680,CHECK,0,"['3h', '8h']","['Ah', '9h']","['3d', '5h', '9d', '7h', '4h']",,,100,100
890,River,1,-1680,1680,CHECK,0,"['3h', '8h']","['Ah', '9h']","['3d', '5h', '9d', '7h', '4h']",,,100,100
891,Pre-Flop,1,-1780,1780,RAISE,3,"['8d', 'As']","['Ad', '2h']","['2d', '7d']",,,1,1
891,Pre-Flop,0,-1780,1780,RAISE,95,"['8d', 'As']","['Ad', '2h']","['2d', '7d']",,,2,2
891,Pre-Flop,1,-1780,1780,CALL,0,"['8d', 'As']","['Ad', '2h']","['2d', '7d']",,,5,5
891,Pre-Flop,0,-1780,1780,CHECK,0,"['8d', 'As']","['Ad', '2h']","['2d', '7d']",,,100,100
891,Flop,1,-1780,1780,CHECK,0,"['8d', 'As']","['Ad', '2h']","['2d', '7d', '9s']",,,100,100
891,Flop,0,-1780,1780,CHECK,0,"['8d', 'As']","['Ad', '2h']","['2d', '7d', '9s']",,,100,100
891,Turn,1,-1780,1780,CHECK,0,"['8d', 'As']","['Ad', '2h']","['2d', '7d', '9s', '6s']",,,100,100
891,Turn,0,-1780,1780,CHECK,0,"['8d', 'As']","['Ad', '2h']","['2d', '7d', '9s', '6s']",,,100,100
891,River,1,-1780,1780,CHECK,0,"['8d', 'As']","['Ad', '2h']","['2d', '7d', '9s', '6s', '9d']",,,100,100
891,River,0,-1780,1780,CHECK,0,"['8d', 'As']","['Ad', '2h']","['2d', '7d', '9s', '6s', '9d']",,,100,100
892,Pre-Flop,0,-1680,1680,RAISE,98,"['9h', '5d']","['3h', '7h']","['5h', '6d']",,,1,1
892,Pre-Flop,1,-1680,1680,CALL,0,"['9h', '5d']","['3h', '7h']","['5h', '6d']",,,2,2
892,Flop,0,-1680,1680,CHECK,0,"['9h', '5d']","['3h', '7h']","['5h', '6d', '8s']",,,100,100
892,Flop,1,-1680,1680,DISCARD,0,"['9h', '5d']","['3h', '7h']","['5h', '6d', '8s']",,,100,100
892,Flop,1,-1680,1680,CHECK,0,"['9h', '5d']","['4h', '7h']","['5h', '6d', '8s']",,3h,100,100
892,Turn,0,-1680,1680,CHECK,0,"['9h', '5d']","['4h', '7h']","['5h', '6d', '8s', '9s']",,3h,100,100
892,Turn,1,-1680,1680,CHECK,0,"['9h', '5d']","['4h', '7h']","['5h', '6d', '8s', '9s']",,3h,100,100
892,River,0,-1680,1680,CHECK,0,"['9h', '5d']","['4h', '7h']","['5h', '6d', '8s', '9s', '7s']",,3h,100,100
892,River,1,-1680,1680,CHECK,0,"['9h', '5d']","['4h', '7h']","['5h', '6d', '8s', '9s', '7s']",,3h,100,100
893,Pre-Flop,1,-1680,1680,CALL,0,"['7s', '4h']","['7h', '5d']","['5s', '4d']",,,1,1
893,Pre-Flop,0,-1680,1680,RAISE,98,"['7s', '4h']","['7h', '5d']","['5s', '4d']",,,2,2
893,Pre-Flop,1,-1680,1680,DISCARD,0,"['7s', '4h']","['7h', '5d']","['5s', '4d']",,,2,2
893,Pre-Flop,1,-1680,1680,CALL,0,"['7s', '4h']","['7h', '3h']","['5s', '4d']",,5d,2,2
893,Pre-Flop,0,-1680,1680,CHECK,0,"['7s', '4h']","['7h', '3h']","['5s', '4d']",,5d,100,100
893,Flop,1,-1680,1680,CHECK,0,"['7s', '4h']","['7h', '3h']","['5s', '4d', '8h']",,5d,100,100
893,Flop,0,-1680,1680,CHECK,0,"['7s', '4h']","['7h', '3h']","['5s', '4d', '8h']",,5d,100,100
893,Turn,1,-1680,1680,CHECK,0,"['7s', '4h']","['7h', '3h']","['5s', '4d', '8h', '8d']",,5d,100,100
893,Turn,0,-1680,1680,CHECK,0,"['7s', '4h']","['7h', '3h']","['5s', '4d', '8h', '8d']",,5d,100,100
893,River,1,-1680,1680,CHECK,0,"['7s', '4h']","['7h', '3h']","['5s', '4d', '8h', '8d', '3d']",,5d,100,100
893,River,0,-1680,1680,CHECK,0,"['7s', '4h']","['7h', '3h']","['5s', '4d', '8h', '8d', '3d']",,5d,100,100
894,Pre-Flop,0,-1580,1580,RAISE,98,"['4d', '8s']","['9d', '8d']","['3h', '5h']",,,1,1
894,Pre-Flop,1,-1580,1580,CALL,0,"['4d', '8s']","['9d', '8d']","['3h', '5h']",,,2,2
894,Flop,0,-1580,1580,CHECK,0,"['4d', '8s']","['9d', '8d']","['3h', '5h', '7h']",,,100,100
894,Flop,1,-1580,1580,CHECK,0,"['4d', '8s']","['9d', '8d']","['3h', '5h', '7h']",,,100,100
894,Turn,0,-1580,1580,CHECK,0,"['4d', '8s']","['9d', '8d']","['3h', '5h', '7h', '7d']",,,100,100
894,Turn,1,-1580,1580,CHECK,0,"['4d', '8s']","['9d', '8d']","['3h', '5h', '7h', '7d']",,,100,100
894,River,0,-1580,1580,CHECK,0,"['4d', '8s']","['9d', '8d']","['3h', '5h', '7h', '7d', '9h']",,,100,100
894,River,1,-1580,1580,CHECK,0,"['4d', '8s']","['9d', '8d']","['3h', '5h', '7h', '7d', '9h']",,,100,100
895,Pre-Flop,1,-1680,1680,RAISE,3,"['Ad', '4h']","['9s', '6h']","['6d', '4d']",,,1,1
895,Pre-Flop,0,-1680,1680,RAISE,95,"['Ad', '4h']","['9s', '6h']","['6d', '4d']",,,2,2
895,Pre-Flop,1,-1680,1680,CALL,0,"['Ad', '4h']","['9s', '6h']","['6d', '4d']",,,5,5
895,Pre-Flop,0,-1680,1680,CHECK,0,"['Ad', '4h']","['9s', '6h']","['6d', '4d']",,,100,100
895,Flop,1,-1680,1680,DISCARD,0,"['Ad', '4h']","['9s', '6h']","['6d', '4d', '3s']",,,100,100
895,Flop,1,-1680,1680,CHECK,0,"['Ad', '4h']","['9s', '7h']","['6d', '4d', '3s']",,6h,100,100
895,Flop,0,-1680,1680,CHECK,0,"['Ad', '4h']","['9s', '7h']","['6d', '4d', '3s']",,6h,100,100
895,Turn,1,-1680,1680,CHECK,0,"['Ad', '4h']","['9s', '7h']","['6d', '4d', '3s', '7s']",,6h,100,100
895,Turn,0,-1680,1680,CHECK,0,"['Ad', '4h']","['9s', '7h']","['6d', '4d', '3s', '7s']",,6h,100,100
895,River,1,-1680,1680,CHECK,0,"['Ad', '4h']","['9s', '7h']","['6d', '4d', '3s', '7s', '2h']",,6h,100,100
895,River,0,-1680,1680,CHECK,0,"['Ad', '4h']","['9s', '7h']","['6d', '4d', '3s', '7s', '2h']",,6h,100,100
896,Pre-Flop,0,-1780,1780,RAISE,98,"['Ah', '7d']","['5s', '6s']","['8d', '7s']",,,1,1
896,Pre-Flop,1,-1780,1780,CALL,0,"['Ah', '7d']","['5s', '6s']","['8d', '7s']",,,2,2
896,Flop,0,-1780,1780,CHECK,0,"['Ah', '7d']","['5s', '6s']","['8d', '7s', '2d']",,,100,100
896,Flop,1,-1780,1780,CHECK,0,"['Ah', '7d']","['5s', '6s']","['8d', '7s', '2d']",,,100,100
896,Turn,0,-1780,1780,CHECK,0,"['Ah', '7d']","['5s', '6s']","['8d', '7s', '2d', '2s']",,,100,100
896,Turn,1,-1780,1780,CHECK,0,"['Ah', '7d']","['5s', '6s']","['8d', '7s', '2d', '2s']",,,100,100
896,River,0,-1780,1780,CHECK,0,"['Ah', '7d']","['5s', '6s']","['8d', '7s', '2d', '2s', '9h']",,,100,100
896,River,1,-1780,1780,CHECK,0,"['Ah', '7d']","['5s', '6s']","['8d', '7s', '2d', '2s', '9h']",,,100,100
897,Pre-Flop,1,-1880,1880,RAISE,2,"['8s', '2d']","['5d', '2s']","['2h', '9s']",,,1,1
897,Pre-Flop,0,-1880,1880,RAISE,96,"['8s', '2d']","['5d', '2s']","['2h', '9s']",,,2,2
897,Pre-Flop,1,-1880,1880,CALL,0,"['8s', '2d']","['5d', '2s']","['2h', '9s']",,,4,4
897,Pre-Flop,0,-1880,1880,CHECK,0,"['8s', '2d']","['5d', '2s']","['2h', '9s']",,,100,100
897,Flop,1,-1880,1880,DISCARD,0,"['8s', '2d']","['5d', '2s']","['2h', '9s', '3d']",,,100,100
897,Flop,1,-1880,1880,CHECK,0,"['8s', '2d']","['7h', '2s']","['2h', '9s', '3d']",,5d,100,100
897,Flop,0,-1880,1880,CHECK,0,"['8s', '2d']","['7h', '2s']","['2h', '9s', '3d']",,5d,100,100
897,Turn,1,-1880,1880,CHECK,0,"['8s', '2d']","['7h', '2s']","['2h', '9s', '3d', 'Ad']",,5d,100,100
897,Turn,0,-1880,1880,CHECK,0,"['8s', '2d']","['7h', '2s']","['2h', '9s', '3d', 'Ad']",,5d,100,100
897,River,1,-1880,1880,CHECK,0,"['8s', '2d']","['7h', '2s']","['2h', '9s', '3d', 'Ad', '9d']",,5d,100,100
897,River,0,-1880,1880,CHECK,0,"['8s', '2d']","['7h', '2s']","['2h', '9s', '3d', 'Ad', '9d']",,5d,100,100
898,Pre-Flop,0,-1880,1880,RAISE,98,"['7s', '6h']","['4h', '8h']","['2h', '3d']",,,1,1
898,Pre-Flop,1,-1880,1880,DISCARD,0,"['7s', '6h']","['4h', '8h']","['2h', '3d']",,,2,2
898,Pre-Flop,1,-1880,1880,CALL,0,"['7s', '6h']","['8s', '8h']","['2h', '3d']",,4h,2,2
898,Flop,0,-1880,1880,CHECK,0,"['7s', '6h']","['8s', '8h']","['2h', '3d', '9s']",,4h,100,100
898,Flop,1,-1880,1880,CHECK,0,"['7s', '6h']","['8s', '8h']","['2h', '3d', '9s']",,4h,100,100
898,Turn,0,-1880,1880,CHECK,0,"['7s', '6h']","['8s', '8h']","['2h', '3d', '9s', 'Ad']",,4h,100,100
898,Turn,1,-1880,1880,CHECK,0,"['7s', '6h']","['8s', '8h']","['2h', '3d', '9s', 'Ad']",,4h,100,100
898,River,0,-1880,1880,CHECK,0,"['7s', '6h']","['8s', '8h']","['2h', '3d', '9s', 'Ad', '6d']",,4h,100,100
898,River,1,-1880,1880,CHECK,0,"['7s', '6h']","['8s', '8h']","['2h', '3d', '9s', 'Ad', '6d']",,4h,100,100
899,Pre-Flop,1,-1980,1980,RAISE,3,"['5d', '3h']","['9s', '2s']","['7d', 'Ah']",,,1,1
899,Pre-Flop,0,-1980,1980,RAISE,95,"['5d', '3h']","['9s', '2s']","['7d', 'Ah']",,,2,2
899,Pre-Flop,1,-1980,1980,CALL,0,"['5d', '3h']","['9s', '2s']","['7d', 'Ah']",,,5,5
899,Pre-Flop,0,-1980,1980,CHECK,0,"['5d', '3h']","['9s', '2s']","['7d', 'Ah']",,,100,100
899,Flop,1,-1980,1980,DISCARD,0,"['5d', '3h']","['9s', '2s']","['7d', 'Ah', '8d']",,,100,100
899,Flop,1,-1980,1980,CHECK,0,"['5d', '3h']","['9s', '7h']","['7d', 'Ah', '8d']",,2s,100,100
899,Flop,0,-1980,1980,CHECK,0,"['5d', '3h']","['9s', '7h']","['7d', 'Ah', '8d']",,2s,100,100
899,Turn,1,-1980,1980,CHECK,0,"['5d', '3h']","['9s', '7h']","['7d', 'Ah', '8d', '2h']",,2s,100,100
899,Turn,0,-1980,1980,CHECK,0,"['5d', '3h']","['9s', '7h']","['7d', 'Ah', '8d', '2h']",,2s,100,100
899,River,1,-1980,1980,CHECK,0,"['5d', '3h']","['9s', '7h']","['7d', 'Ah', '8d', '2h', '7s']",,2s,100,100
899,River,0,-1980,1980,CHECK,0,"['5d', '3h']","['9s', '7h']","['7d', 'Ah', '8d', '2h', '7s']",,2s,100,100
900,Pre-Flop,0,-2080,2080,RAISE,98,"['3s', '5s']","['7d', '7s']","['4d', '3d']",,,1,1
900,Pre-Flop,1,-2080,2080,CALL,0,"['3s', '5s']","['7d', '7s']","['4d', '3d']",,,2,2
900,Flop,0,-2080,2080,CHECK,0,"['3s', '5s']","['7d', '7s']","['4d', '3d', '4s']",,,100,100
900,Flop,1,-2080,2080,DISCARD,0,"['3s', '5s']","['7d', '7s']","['4d', '3d', '4s']",,,100,100
900,Flop,1,-2080,2080,CHECK,0,"['3s', '5s']","['5d', '7s']","['4d', '3d', '4s']",,7d,100,100
900,Turn,0,-2080,2080,CHECK,0,"['3s', '5s']","['5d', '7s']","['4d', '3d', '4s', '6s']",,7d,100,100
900,Turn,1,-2080,2080,CHECK,0,"['3s', '5s']","['5d', '7s']","['4d', '3d', '4s', '6s']",,7d,100,100
900,River,0,-2080,2080,CHECK,0,"['3s', '5s']","['5d', '7s']","['4d', '3d', '4s', '6s', '8s']",,7d,100,100
900,River,1,-2080,2080,CHECK,0,"['3s', '5s']","['5d', '7s']","['4d', '3d', '4s', '6s', '8s']",,7d,100,100
901,Pre-Flop,1,-1980,1980,RAISE,2,"['7s', '3s']","['4d', '8s']","['7d', '3h']",,,1,1
901,Pre-Flop,0,-1980,1980,RAISE,96,"['7s', '3s']","['4d', '8s']","['7d', '3h']",,,2,2
901,Pre-Flop,1,-1980,1980,CALL,0,"['7s', '3s']","['4d', '8s']","['7d', '3h']",,,4,4
901,Pre-Flop,0,-1980,1980,CHECK,0,"['7s', '3s']","['4d', '8s']","['7d', '3h']",,,100,100
901,Flop,1,-1980,1980,DISCARD,0,"['7s', '3s']","['4d', '8s']","['7d', '3h', '9h']",,,100,100
901,Flop,1,-1980,1980,CHECK,0,"['7s', '3s']","['7h', '8s']","['7d', '3h', '9h']",,4d,100,100
901,Flop,0,-1980,1980,CHECK,0,"['7s', '3s']","['7h', '8s']","['7d', '3h', '9h']",,4d,100,100
901,Turn,1,-1980,1980,CHECK,0,"['7s', '3s']","['7h', '8s']","['7d', '3h', '9h', '6d']",,4d,100,100
901,Turn,0,-1980,1980,CHECK,0,"['7s', '3s']","['7h', '8s']","['7d', '3h', '9h', '6d']",,4d,100,100
901,River,1,-1980,1980,CHECK,0,"['7s', '3s']","['7h', '8s']","['7d', '3h', '9h', '6d', '9d']",,4d,100,100
901,River,0,-1980,1980,CHECK,0,"['7s', '3s']","['7h', '8s']","['7d', '3h', '9h', '6d', '9d']",,4d,100,100
902,Pre-Flop,0,-2080,2080,RAISE,98,"['3h', '5s']","['7h', 'As']","['4s', '9s']",,,1,1
902,Pre-Flop,1,-2080,2080,CALL,0,"['3h', '5s']","['7h', 'As']","['4s', '9s']",,,2,2
902,Flop,0,-2080,2080,CHECK,0,"['3h', '5s']","['7h', 'As']","['4s', '9s', '2h']",,,100,100
902,Flop,1,-2080,2080,DISCARD,0,"['3h', '5s']","['7h', 'As']","['4s', '9s', '2h']",,,100,100
902,Flop,1,-2080,2080,CHECK,0,"['3h', '5s']","['7d', 'As']","['4s', '9s', '2h']",,7h,100,100
902,Turn,0,-2080,2080,CHECK,0,"['3h', '5s']","['7d', 'As']","['4s', '9s', '2h', '8s']",,7h,100,100
902,Turn,1,-2080,2080,CHECK,0,"['3h', '5s']","['7d', 'As']","['4s', '9s', '2h', '8s']",,7h,100,100
902,River,0,-2080,2080,CHECK,0,"['3h', '5s']","['7d', 'As']","['4s', '9s', '2h', '8s', '6s']",,7h,100,100
902,River,1,-2080,2080,CHECK,0,"['3h', '5s']","['7d', 'As']","['4s', '9s', '2h', '8s', '6s']",,7h,100,100
903,Pre-Flop,1,-2180,2180,CALL,0,"['3s', '2h']","['9d', '4d']","['7s', '6d']",,,1,1
903,Pre-Flop,0,-2180,2180,RAISE,98,"['3s', '2h']","['9d', '4d']","['7s', '6d']",,,2,2
903,Pre-Flop,1,-2180,2180,CALL,0,"['3s', '2h']","['9d', '4d']","['7s', '6d']",,,2,2
903,Pre-Flop,0,-2180,2180,CHECK,0,"['3s', '2h']","['9d', '4d']","['7s', '6d']",,,100,100
903,Flop,1,-2180,2180,DISCARD,0,"['3s', '2h']","['9d', '4d']","['7s', '6d', '8d']",,,100,100
903,Flop,1,-2180,2180,CHECK,0,"['3s', '2h']","['9d', '2s']","['7s', '6d', '8d']",,4d,100,100
903,Flop,0,-2180,2180,CHECK,0,"['3s', '2h']","['9d', '2s']","['7s', '6d', '8d']",,4d,100,100
903,Turn,1,-2180,2180,CHECK,0,"['3s', '2h']","['9d', '2s']","['7s', '6d', '8d', '7d']",,4d,100,100
903,Turn,0,-2180,2180,CHECK,0,"['3s', '2h']","['9d', '2s']","['7s', '6d', '8d', '7d']",,4d,100,100
903,River,1,-2180,2180,CHECK,0,"['3s', '2h']","['9d', '2s']","['7s', '6d', '8d', '7d', '9h']",,4d,100,100
903,River,0,-2180,2180,CHECK,0,"['3s', '2h']","['9d', '2s']","['7s', '6d', '8d', '7d', '9h']",,4d,100,100
904,Pre-Flop,0,-2280,2280,RAISE,98,"['4s', '5s']","['2h', '7h']","['7d', '3h']",,,1,1
904,Pre-Flop,1,-2280,2280,CALL,0,"['4s', '5s']","['2h', '7h']","['7d', '3h']",,,2,2
904,Flop,0,-2280,2280,CHECK,0,"['4s', '5s']","['2h', '7h']","['7d', '3h', '8h']",,,100,100
904,Flop,1,-2280,2280,DISCARD,0,"['4s', '5s']","['2h', '7h']","['7d', '3h', '8h']",,,100,100
904,Flop,1,-2280,2280,CHECK,0,"['4s', '5s']","['9d', '7h']","['7d', '3h', '8h']",,2h,100,100
904,Turn,0,-2280,2280,CHECK,0,"['4s', '5s']","['9d', '7h']","['7d', '3h', '8h', '2d']",,2h,100,100
904,Turn,1,-2280,2280,CHECK,0,"['4s', '5s']","['9d', '7h']","['7d', '3h', '8h', '2d']",,2h,100,100
904,River,0,-2280,2280,CHECK,0,"['4s', '5s']","['9d', '7h']","['7d', '3h', '8h', '2d', '4d']",,2h,100,100
904,River,1,-2280,2280,CHECK,0,"['4s', '5s']","['9d', '7h']","['7d', '3h', '8h', '2d', '4d']",,2h,100,100
905,Pre-Flop,1,-2380,2380,RAISE,2,"['7h', '7s']","['9d', 'Ad']","['8d', '5d']",,,1,1
905,Pre-Flop,0,-2380,2380,RAISE,96,"['7h', '7s']","['9d', 'Ad']","['8d', '5d']",,,2,2
905,Pre-Flop,1,-2380,2380,CALL,0,"['7h', '7s']","['9d', 'Ad']","['8d', '5d']",,,4,4
905,Pre-Flop,0,-2380,2380,CHECK,0,"['7h', '7s']","['9d', 'Ad']","['8d', '5d']",,,100,100
905,Flop,1,-2380,2380,CHECK,0,"['7h', '7s']","['9d', 'Ad']","['8d', '5d', '8s']",,,100,100
905,Flop,0,-2380,2380,CHECK,0,"['7h', '7s']","['9d', 'Ad']","['8d', '5d', '8s']",,,100,100
905,Turn,1,-2380,2380,CHECK,0,"['7h', '7s']","['9d', 'Ad']","['8d', '5d', '8s', '9s']",,,100,100
905,Turn,0,-2380,2380,CHECK,0,"['7h', '7s']","['9d', 'Ad']","['8d', '5d', '8s', '9s']",,,100,100
905,River,1,-2380,2380,CHECK,0,"['7h', '7s']","['9d', 'Ad']","['8d', '5d', '8s', '9s', '4h']",,,100,100
905,River,0,-2380,2380,CHECK,0,"['7h', '7s']","['9d', 'Ad']","['8d', '5d', '8s', '9s', '4h']",,,100,100
906,Pre-Flop,0,-2480,2480,RAISE,98,"['5h', '2h']","['7h', '3h']","['6h', 'As']",,,1,1
906,Pre-Flop,1,-2480,2480,CALL,0,"['5h', '2h']","['7h', '3h']","['6h', 'As']",,,2,2
906,Flop,0,-2480,2480,CHECK,0,"['5h', '2h']","['7h', '3h']","['6h', 'As', '3d']",,,100,100
906,Flop,1,-2480,2480,DISCARD,0,"['5h', '2h']","['7h', '3h']","['6h', 'As', '3d']",,,100,100
906,Flop,1,-2480,2480,CHECK,0,"['5h', '2h']","['7h', '2s']","['6h', 'As', '3d']",,3h,100,100
906,Turn,0,-2480,2480,CHECK,0,"['5h', '2h']","['7h', '2s']","['6h', 'As', '3d', '4h']",,3h,100,100
906,Turn,1,-2480,2480,CHECK,0,"['5h', '2h']","['7h', '2s']","['6h', 'As', '3d', '4h']",,3h,100,100
906,River,0,-2480,2480,CHECK,0,"['5h', '2h']","['7h', '2s']","['6h', 'As', '3d', '4h', '8s']",,3h,100,100
906,River,1,-2480,2480,CHECK,0,"['5h', '2h']","['7h', '2s']","['6h', 'As', '3d', '4h', '8s']",,3h,100,100
907,Pre-Flop,1,-2380,2380,RAISE,2,"['9h', '3h']","['3d', '7s']","['2h', '9s']",,,1,1
907,Pre-Flop,0,-2380,2380,RAISE,96,"['9h', '3h']","['3d', '7s']","['2h', '9s']",,,2,2
907,Pre-Flop,1,-2380,2380,CALL,0,"['9h', '3h']","['3d', '7s']","['2h', '9s']",,,4,4
907,Pre-Flop,0,-2380,2380,CHECK,0,"['9h', '3h']","['3d', '7s']","['2h', '9s']",,,100,100
907,Flop,1,-2380,2380,DISCARD,0,"['9h', '3h']","['3d', '7s']","['2h', '9s', 'Ad']",,,100,100
907,Flop,1,-2380,2380,CHECK,0,"['9h', '3h']","['4h', '7s']","['2h', '9s', 'Ad']",,3d,100,100
907,Flop,0,-2380,2380,CHECK,0,"['9h', '3h']","['4h', '7s']","['2h', '9s', 'Ad']",,3d,100,100
907,Turn,1,-2380,2380,CHECK,0,"['9h', '3h']","['4h', '7s']","['2h', '9s', 'Ad', '6h']",,3d,100,100
907,Turn,0,-2380,2380,CHECK,0,"['9h', '3h']","['4h', '7s']","['2h', '9s', 'Ad', '6h']",,3d,100,100
907,River,1,-2380,2380,CHECK,0,"['9h', '3h']","['4h', '7s']","['2h', '9s', 'Ad', '6h', '4d']",,3d,100,100
907,River,0,-2380,2380,CHECK,0,"['9h', '3h']","['4h', '7s']","['2h', '9s', 'Ad', '6h', '4d']",,3d,100,100
908,Pre-Flop,0,-2280,2280,RAISE,98,"['3h', '5h']","['4d', '6h']","['2d', '9s']",,,1,1
908,Pre-Flop,1,-2280,2280,CALL,0,"['3h', '5h']","['4d', '6h']","['2d', '9s']",,,2,2
908,Flop,0,-2280,2280,CHECK,0,"['3h', '5h']","['4d', '6h']","['2d', '9s', 'As']",,,100,100
908,Flop,1,-2280,2280,DISCARD,0,"['3h', '5h']","['4d', '6h']","['2d', '9s', 'As']",,,100,100
908,Flop,1,-2280,2280,CHECK,0,"['3h', '5h']","['4d', 'Ah']","['2d', '9s', 'As']",,6h,100,100
908,Turn,0,-2280,2280,CHECK,0,"['3h', '5h']","['4d', 'Ah']","['2d', '9s', 'As', '3s']",,6h,100,100
908,Turn,1,-2280,2280,CHECK,0,"['3h', '5h']","['4d', 'Ah']","['2d', '9s', 'As', '3s']",,6h,100,100
908,River,0,-2280,2280,CHECK,0,"['3h', '5h']","['4d', 'Ah']","['2d', '9s', 'As', '3s', '8d']",,6h,100,100
908,River,1,-2280,2280,CHECK,0,"['3h', '5h']","['4d', 'Ah']","['2d', '9s', 'As', '3s', '8d']",,6h,100,100
909,Pre-Flop,1,-2380,2380,RAISE,2,"['5s', '8h']","['3s', '7s']","['2h', 'Ad']",,,1,1
909,Pre-Flop,0,-2380,2380,RAISE,96,"['5s', '8h']","['3s', '7s']","['2h', 'Ad']",,,2,2
909,Pre-Flop,1,-2380,2380,CALL,0,"['5s', '8h']","['3s', '7s']","['2h', 'Ad']",,,4,4
909,Pre-Flop,0,-2380,2380,CHECK,0,"['5s', '8h']","['3s', '7s']","['2h', 'Ad']",,,100,100
909,Flop,1,-2380,2380,DISCARD,0,"['5s', '8h']","['3s', '7s']","['2h', 'Ad', '5h']",,,100,100
909,Flop,1,-2380,2380,CHECK,0,"['5s', '8h']","['3s', '9h']","['2h', 'Ad', '5h']",,7s,100,100
909,Flop,0,-2380,2380,CHECK,0,"['5s', '8h']","['3s', '9h']","['2h', 'Ad', '5h']",,7s,100,100
909,Turn,1,-2380,2380,CHECK,0,"['5s', '8h']","['3s', '9h']","['2h', 'Ad', '5h', '4h']",,7s,100,100
909,Turn,0,-2380,2380,CHECK,0,"['5s', '8h']","['3s', '9h']","['2h', 'Ad', '5h', '4h']",,7s,100,100
909,River,1,-2380,2380,CHECK,0,"['5s', '8h']","['3s', '9h']","['2h', 'Ad', '5h', '4h', '7h']",,7s,100,100
909,River,0,-2380,2380,CHECK,0,"['5s', '8h']","['3s', '9h']","['2h', 'Ad', '5h', '4h', '7h']",,7s,100,100
910,Pre-Flop,0,-2480,2480,RAISE,98,"['9d', '7d']","['3d', 'Ah']","['6d', '5h']",,,1,1
910,Pre-Flop,1,-2480,2480,CALL,0,"['9d', '7d']","['3d', 'Ah']","['6d', '5h']",,,2,2
910,Flop,0,-2480,2480,CHECK,0,"['9d', '7d']","['3d', 'Ah']","['6d', '5h', '5d']",,,100,100
910,Flop,1,-2480,2480,DISCARD,0,"['9d', '7d']","['3d', 'Ah']","['6d', '5h', '5d']",,,100,100
910,Flop,1,-2480,2480,CHECK,0,"['9d', '7d']","['3d', '9s']","['6d', '5h', '5d']",,Ah,100,100
910,Turn,0,-2480,2480,CHECK,0,"['9d', '7d']","['3d', '9s']","['6d', '5h', '5d', '4d']",,Ah,100,100
910,Turn,1,-2480,2480,CHECK,0,"['9d', '7d']","['3d', '9s']","['6d', '5h', '5d', '4d']",,Ah,100,100
910,River,0,-2480,2480,CHECK,0,"['9d', '7d']","['3d', '9s']","['6d', '5h', '5d', '4d', '2s']",,Ah,100,100
910,River,1,-2480,2480,CHECK,0,"['9d', '7d']","['3d', '9s']","['6d', '5h', '5d', '4d', '2s']",,Ah,100,100
911,Pre-Flop,1,-2380,2380,RAISE,2,"['7h', 'As']","['Ad', '7d']","['2h', '3h']",,,1,1
911,Pre-Flop,0,-2380,2380,RAISE,96,"['7h', 'As']","['Ad', '7d']","['2h', '3h']",,,2,2
911,Pre-Flop,1,-2380,2380,CALL,0,"['7h', 'As']","['Ad', '7d']","['2h', '3h']",,,4,4
911,Pre-Flop,0,-2380,2380,CHECK,0,"['7h', 'As']","['Ad', '7d']","['2h', '3h']",,,100,100
911,Flop,1,-2380,2380,DISCARD,0,"['7h', 'As']","['Ad', '7d']","['2h', '3h', '8h']",,,100,100
911,Flop,1,-2380,2380,CHECK,0,"['7h', 'As']","['Ad', '8d']","['2h', '3h', '8h']",,7d,100,100
911,Flop,0,-2380,2380,CHECK,0,"['7h', 'As']","['Ad', '8d']","['2h', '3h', '8h']",,7d,100,100
911,Turn,1,-2380,2380,CHECK,0,"['7h', 'As']","['Ad', '8d']","['2h', '3h', '8h', '9d']",,7d,100,100
911,Turn,0,-2380,2380,CHECK,0,"['7h', 'As']","['Ad', '8d']","['2h', '3h', '8h', '9d']",,7d,100,100
911,River,1,-2380,2380,CHECK,0,"['7h', 'As']","['Ad', '8d']","['2h', '3h', '8h', '9d', '9s']",,7d,100,100
911,River,0,-2380,2380,CHECK,0,"['7h', 'As']","['Ad', '8d']","['2h', '3h', '8h', '9d', '9s']",,7d,100,100
912,Pre-Flop,0,-2480,2480,RAISE,98,"['8h', 'As']","['2s', '2h']","['9h', 'Ad']",,,1,1
912,Pre-Flop,1,-2480,2480,CALL,0,"['8h', 'As']","['2s', '2h']","['9h', 'Ad']",,,2,2
912,Flop,0,-2480,2480,CHECK,0,"['8h', 'As']","['2s', '2h']","['9h', 'Ad', '8s']",,,100,100
912,Flop,1,-2480,2480,DISCARD,0,"['8h', 'As']","['2s', '2h']","['9h', 'Ad', '8s']",,,100,100
912,Flop,1,-2480,2480,CHECK,0,"['8h', 'As']","['2s', '7d']","['9h', 'Ad', '8s']",,2h,100,100
912,Turn,0,-2480,2480,CHECK,0,"['8h', 'As']","['2s', '7d']","['9h', 'Ad', '8s', '5h']",,2h,100,100
912,Turn,1,-2480,2480,CHECK,0,"['8h', 'As']","['2s', '7d']","['9h', 'Ad', '8s', '5h']",,2h,100,100
912,River,0,-2480,2480,CHECK,0,"['8h', 'As']","['2s', '7d']","['9h', 'Ad', '8s', '5h', '6s']",,2h,100,100
912,River,1,-2480,2480,CHECK,0,"['8h', 'As']","['2s', '7d']","['9h', 'Ad', '8s', '5h', '6s']",,2h,100,100
913,Pre-Flop,1,-2580,2580,DISCARD,0,"['5h', '3d']","['5d', '8h']","['3s', 'Ad']",,,1,1
913,Pre-Flop,1,-2580,2580,RAISE,2,"['5h', '3d']","['6s', '8h']","['3s', 'Ad']",,5d,1,1
913,Pre-Flop,0,-2580,2580,RAISE,96,"['5h', '3d']","['6s', '8h']","['3s', 'Ad']",,5d,2,2
913,Pre-Flop,1,-2580,2580,CALL,0,"['5h', '3d']","['6s', '8h']","['3s', 'Ad']",,5d,4,4
913,Pre-Flop,0,-2580,2580,CHECK,0,"['5h', '3d']","['6s', '8h']","['3s', 'Ad']",,5d,100,100
913,Flop,1,-2580,2580,CHECK,0,"['5h', '3d']","['6s', '8h']","['3s', 'Ad', '8d']",,5d,100,100
913,Flop,0,-2580,2580,CHECK,0,"['5h', '3d']","['6s', '8h']","['3s', 'Ad', '8d']",,5d,100,100
913,Turn,1,-2580,2580,CHECK,0,"['5h', '3d']","['6s', '8h']","['3s', 'Ad', '8d', '9d']",,5d,100,100
913,Turn,0,-2580,2580,CHECK,0,"['5h', '3d']","['6s', '8h']","['3s', 'Ad', '8d', '9d']",,5d,100,100
913,River,1,-2580,2580,CHECK,0,"['5h', '3d']","['6s', '8h']","['3s', 'Ad', '8d', '9d', '7d']",,5d,100,100
913,River,0,-2580,2580,CHECK,0,"['5h', '3d']","['6s', '8h']","['3s', 'Ad', '8d', '9d', '7d']",,5d,100,100
914,Pre-Flop,0,-2480,2480,RAISE,98,"['As', '8s']","['2d', '4d']","['2s', '9d']",,,1,1
914,Pre-Flop,1,-2480,2480,CALL,0,"['As', '8s']","['2d', '4d']","['2s', '9d']",,,2,2
914,Flop,0,-2480,2480,CHECK,0,"['As', '8s']","['2d', '4d']","['2s', '9d', '8h']",,,100,100
914,Flop,1,-2480,2480,CHECK,0,"['As', '8s']","['2d', '4d']","['2s', '9d', '8h']",,,100,100
914,Turn,0,-2480,2480,CHECK,0,"['As', '8s']","['2d', '4d']","['2s', '9d', '8h', '9s']",,,100,100
914,Turn,1,-2480,2480,CHECK,0,"['As', '8s']","['2d', '4d']","['2s', '9d', '8h', '9s']",,,100,100
914,River,0,-2480,2480,CHECK,0,"['As', '8s']","['2d', '4d']","['2s', '9d', '8h', '9s', '3h']",,,100,100
914,River,1,-2480,2480,CHECK,0,"['As', '8s']","['2d', '4d']","['2s', '9d', '8h', '9s', '3h']",,,100,100
915,Pre-Flop,1,-2380,2380,RAISE,2,"['As', '6d']","['8d', 'Ad']","['2d', '8s']",,,1,1
915,Pre-Flop,0,-2380,2380,RAISE,96,"['As', '6d']","['8d', 'Ad']","['2d', '8s']",,,2,2
915,Pre-Flop,1,-2380,2380,CALL,0,"['As', '6d']","['8d', 'Ad']","['2d', '8s']",,,4,4
915,Pre-Flop,0,-2380,2380,CHECK,0,"['As', '6d']","['8d', 'Ad']","['2d', '8s']",,,100,100
915,Flop,1,-2380,2380,CHECK,0,"['As', '6d']","['8d', 'Ad']","['2d', '8s', 'Ah']",,,100,100
915,Flop,0,-2380,2380,CHECK,0,"['As', '6d']","['8d', 'Ad']","['2d', '8s', 'Ah']",,,100,100
915,Turn,1,-2380,2380,CHECK,0,"['As', '6d']","['8d', 'Ad']","['2d', '8s', 'Ah', '7h']",,,100,100
915,Turn,0,-2380,2380,CHECK,0,"['As', '6d']","['8d', 'Ad']","['2d', '8s', 'Ah', '7h']",,,100,100
915,River,1,-2380,2380,CHECK,0,"['As', '6d']","['8d', 'Ad']","['2d', '8s', 'Ah', '7h', '6h']",,,100,100
915,River,0,-2380,2380,CHECK,0,"['As', '6d']","['8d', 'Ad']","['2d', '8s', 'Ah', '7h', '6h']",,,100,100
916,Pre-Flop,0,-2480,2480,RAISE,98,"['9s', '4s']","['3h', '2s']","['2h', '7d']",,,1,1
916,Pre-Flop,1,-2480,2480,CALL,0,"['9s', '4s']","['3h', '2s']","['2h', '7d']",,,2,2
916,Flop,0,-2480,2480,CHECK,0,"['9s', '4s']","['3h', '2s']","['2h', '7d', '7h']",,,100,100
916,Flop,1,-2480,2480,DISCARD,0,"['9s', '4s']","['3h', '2s']","['2h', '7d', '7h']",,,100,100
916,Flop,1,-2480,2480,CHECK,0,"['9s', '4s']","['3h', '6d']","['2h', '7d', '7h']",,2s,100,100
916,Turn,0,-2480,2480,CHECK,0,"['9s', '4s']","['3h', '6d']","['2h', '7d', '7h', '5h']",,2s,100,100
916,Turn,1,-2480,2480,CHECK,0,"['9s', '4s']","['3h', '6d']","['2h', '7d', '7h', '5h']",,2s,100,100
916,River,0,-2480,2480,CHECK,0,"['9s', '4s']","['3h', '6d']","['2h', '7d', '7h', '5h', '9d']",,2s,100,100
916,River,1,-2480,2480,CHECK,0,"['9s', '4s']","['3h', '6d']","['2h', '7d', '7h', '5h', '9d']",,2s,100,100
917,Pre-Flop,1,-2380,2380,CALL,0,"['4h', 'As']","['7h', '6d']","['8s', '8h']",,,1,1
917,Pre-Flop,0,-2380,2380,RAISE,98,"['4h', 'As']","['7h', '6d']","['8s', '8h']",,,2,2
917,Pre-Flop,1,-2380,2380,CALL,0,"['4h', 'As']","['7h', '6d']","['8s', '8h']",,,2,2
917,Pre-Flop,0,-2380,2380,CHECK,0,"['4h', 'As']","['7h', '6d']","['8s', '8h']",,,100,100
917,Flop,1,-2380,2380,DISCARD,0,"['4h', 'As']","['7h', '6d']","['8s', '8h', '7d']",,,100,100
917,Flop,1,-2380,2380,CHECK,0,"['4h', 'As']","['2h', '6d']","['8s', '8h', '7d']",,7h,100,100
917,Flop,0,-2380,2380,CHECK,0,"['4h', 'As']","['2h', '6d']","['8s', '8h', '7d']",,7h,100,100
917,Turn,1,-2380,2380,CHECK,0,"['4h', 'As']","['2h', '6d']","['8s', '8h', '7d', '3d']",,7h,100,100
917,Turn,0,-2380,2380,CHECK,0,"['4h', 'As']","['2h', '6d']","['8s', '8h', '7d', '3d']",,7h,100,100
917,River,1,-2380,2380,CHECK,0,"['4h', 'As']","['2h', '6d']","['8s', '8h', '7d', '3d', '6s']",,7h,100,100
917,River,0,-2380,2380,CHECK,0,"['4h', 'As']","['2h', '6d']","['8s', '8h', '7d', '3d', '6s']",,7h,100,100
918,Pre-Flop,0,-2480,2480,RAISE,98,"['3s', '4h']","['7d', '2h']","['6h', '5d']",,,1,1
918,Pre-Flop,1,-2480,2480,CALL,0,"['3s', '4h']","['7d', '2h']","['6h', '5d']",,,2,2
918,Flop,0,-2480,2480,CHECK,0,"['3s', '4h']","['7d', '2h']","['6h', '5d', '5s']",,,100,100
918,Flop,1,-2480,2480,DISCARD,0,"['3s', '4h']","['7d', '2h']","['6h', '5d', '5s']",,,100,100
918,Flop,1,-2480,2480,CHECK,0,"['3s', '4h']","['7d', '9d']","['6h', '5d', '5s']",,2h,100,100
918,Turn,0,-2480,2480,CHECK,0,"['3s', '4h']","['7d', '9d']","['6h', '5d', '5s', 'As']",,2h,100,100
918,Turn,1,-2480,2480,CHECK,0,"['3s', '4h']","['7d', '9d']","['6h', '5d', '5s', 'As']",,2h,100,100
918,River,0,-2480,2480,CHECK,0,"['3s', '4h']","['7d', '9d']","['6h', '5d', '5s', 'As', '3d']",,2h,100,100
918,River,1,-2480,2480,CHECK,0,"['3s', '4h']","['7d', '9d']","['6h', '5d', '5s', 'As', '3d']",,2h,100,100
919,Pre-Flop,1,-2380,2380,RAISE,2,"['7h', '5s']","['4s', 'Ad']","['3s', '4h']",,,1,1
919,Pre-Flop,0,-2380,2380,RAISE,96,"['7h', '5s']","['4s', 'Ad']","['3s', '4h']",,,2,2
919,Pre-Flop,1,-2380,2380,CALL,0,"['7h', '5s']","['4s', 'Ad']","['3s', '4h']",,,4,4
919,Pre-Flop,0,-2380,2380,CHECK,0,"['7h', '5s']","['4s', 'Ad']","['3s', '4h']",,,100,100
919,Flop,1,-2380,2380,DISCARD,0,"['7h', '5s']","['4s', 'Ad']","['3s', '4h', '2s']",,,100,100
919,Flop,1,-2380,2380,CHECK,0,"['7h', '5s']","['4s', '8h']","['3s', '4h', '2s']",,Ad,100,100
919,Flop,0,-2380,2380,CHECK,0,"['7h', '5s']","['4s', '8h']","['3s', '4h', '2s']",,Ad,100,100
919,Turn,1,-2380,2380,CHECK,0,"['7h', '5s']","['4s', '8h']","['3s', '4h', '2s', 'Ah']",,Ad,100,100
919,Turn,0,-2380,2380,CHECK,0,"['7h', '5s']","['4s', '8h']","['3s', '4h', '2s', 'Ah']",,Ad,100,100
919,River,1,-2380,2380,CHECK,0,"['7h', '5s']","['4s', '8h']","['3s', '4h', '2s', 'Ah', '9d']",,Ad,100,100
919,River,0,-2380,2380,CHECK,0,"['7h', '5s']","['4s', '8h']","['3s', '4h', '2s', 'Ah', '9d']",,Ad,100,100
920,Pre-Flop,0,-2280,2280,RAISE,98,"['6d', '7d']","['3h', '9h']","['9s', '7h']",,,1,1
920,Pre-Flop,1,-2280,2280,CALL,0,"['6d', '7d']","['3h', '9h']","['9s', '7h']",,,2,2
920,Flop,0,-2280,2280,CHECK,0,"['6d', '7d']","['3h', '9h']","['9s', '7h', '8d']",,,100,100
920,Flop,1,-2280,2280,DISCARD,0,"['6d', '7d']","['3h', '9h']","['9s', '7h', '8d']",,,100,100
920,Flop,1,-2280,2280,CHECK,0,"['6d', '7d']","['8h', '9h']","['9s', '7h', '8d']",,3h,100,100
920,Turn,0,-2280,2280,CHECK,0,"['6d', '7d']","['8h', '9h']","['9s', '7h', '8d', 'As']",,3h,100,100
920,Turn,1,-2280,2280,CHECK,0,"['6d', '7d']","['8h', '9h']","['9s', '7h', '8d', 'As']",,3h,100,100
920,River,0,-2280,2280,CHECK,0,"['6d', '7d']","['8h', '9h']","['9s', '7h', '8d', 'As', '2s']",,3h,100,100
920,River,1,-2280,2280,CHECK,0,"['6d', '7d']","['8h', '9h']","['9s', '7h', '8d', 'As', '2s']",,3h,100,100
921,Pre-Flop,1,-2180,2180,RAISE,2,"['9h', '6s']","['2h', '7s']","['2s', 'As']",,,1,1
921,Pre-Flop,0,-2180,2180,RAISE,96,"['9h', '6s']","['2h', '7s']","['2s', 'As']",,,2,2
921,Pre-Flop,1,-2180,2180,DISCARD,0,"['9h', '6s']","['2h', '7s']","['2s', 'As']",,,4,4
921,Pre-Flop,1,-2180,2180,CALL,0,"['9h', '6s']","['8h', '7s']","['2s', 'As']",,2h,4,4
921,Pre-Flop,0,-2180,2180,CHECK,0,"['9h', '6s']","['8h', '7s']","['2s', 'As']",,2h,100,100
921,Flop,1,-2180,2180,CHECK,0,"['9h', '6s']","['8h', '7s']","['2s', 'As', '6h']",,2h,100,100
921,Flop,0,-2180,2180,CHECK,0,"['9h', '6s']","['8h', '7s']","['2s', 'As', '6h']",,2h,100,100
921,Turn,1,-2180,2180,CHECK,0,"['9h', '6s']","['8h', '7s']","['2s', 'As', '6h', '9d']",,2h,100,100
921,Turn,0,-2180,2180,CHECK,0,"['9h', '6s']","['8h', '7s']","['2s', 'As', '6h', '9d']",,2h,100,100
921,River,1,-2180,2180,CHECK,0,"['9h', '6s']","['8h', '7s']","['2s', 'As', '6h', '9d', '7h']",,2h,100,100
921,River,0,-2180,2180,CHECK,0,"['9h', '6s']","['8h', '7s']","['2s', 'As', '6h', '9d', '7h']",,2h,100,100
922,Pre-Flop,0,-2280,2280,RAISE,98,"['8s', '9d']","['9s', '9h']","['3h', '7h']",,,1,1
922,Pre-Flop,1,-2280,2280,CALL,0,"['8s', '9d']","['9s', '9h']","['3h', '7h']",,,2,2
922,Flop,0,-2280,2280,CHECK,0,"['8s', '9d']","['9s', '9h']","['3h', '7h', '3s']",,,100,100
922,Flop,1,-2280,2280,DISCARD,0,"['8s', '9d']","['9s', '9h']","['3h', '7h', '3s']",,,100,100
922,Flop,1,-2280,2280,CHECK,0,"['8s', '9d']","['Ah', '9h']","['3h', '7h', '3s']",,9s,100,100
922,Turn,0,-2280,2280,CHECK,0,"['8s', '9d']","['Ah', '9h']","['3h', '7h', '3s', '2h']",,9s,100,100
922,Turn,1,-2280,2280,CHECK,0,"['8s', '9d']","['Ah', '9h']","['3h', '7h', '3s', '2h']",,9s,100,100
922,River,0,-2280,2280,CHECK,0,"['8s', '9d']","['Ah', '9h']","['3h', '7h', '3s', '2h', 'Ad']",,9s,100,100
922,River,1,-2280,2280,CHECK,0,"['8s', '9d']","['Ah', '9h']","['3h', '7h', '3s', '2h', 'Ad']",,9s,100,100
923,Pre-Flop,1,-2380,2380,RAISE,3,"['Ah', '5d']","['As', '4s']","['5s', '9s']",,,1,1
923,Pre-Flop,0,-2380,2380,RAISE,95,"['Ah', '5d']","['As', '4s']","['5s', '9s']",,,2,2
923,Pre-Flop,1,-2380,2380,CALL,0,"['Ah', '5d']","['As', '4s']","['5s', '9s']",,,5,5
923,Pre-Flop,0,-2380,2380,CHECK,0,"['Ah', '5d']","['As', '4s']","['5s', '9s']",,,100,100
923,Flop,1,-2380,2380,DISCARD,0,"['Ah', '5d']","['As', '4s']","['5s', '9s', '6d']",,,100,100
923,Flop,1,-2380,2380,CHECK,0,"['Ah', '5d']","['As', '3d']","['5s', '9s', '6d']",,4s,100,100
923,Flop,0,-2380,2380,CHECK,0,"['Ah', '5d']","['As', '3d']","['5s', '9s', '6d']",,4s,100,100
923,Turn,1,-2380,2380,CHECK,0,"['Ah', '5d']","['As', '3d']","['5s', '9s', '6d', '3h']",,4s,100,100
923,Turn,0,-2380,2380,CHECK,0,"['Ah', '5d']","['As', '3d']","['5s', '9s', '6d', '3h']",,4s,100,100
923,River,1,-2380,2380,CHECK,0,"['Ah', '5d']","['As', '3d']","['5s', '9s', '6d', '3h', '9d']",,4s,100,100
923,River,0,-2380,2380,CHECK,0,"['Ah', '5d']","['As', '3d']","['5s', '9s', '6d', '3h', '9d']",,4s,100,100
924,Pre-Flop,0,-2280,2280,RAISE,98,"['Ah', '2d']","['5d', '6h']","['Ad', '9d']",,,1,1
924,Pre-Flop,1,-2280,2280,CALL,0,"['Ah', '2d']","['5d', '6h']","['Ad', '9d']",,,2,2
924,Flop,0,-2280,2280,CHECK,0,"['Ah', '2d']","['5d', '6h']","['Ad', '9d', '2s']",,,100,100
924,Flop,1,-2280,2280,DISCARD,0,"['Ah', '2d']","['5d', '6h']","['Ad', '9d', '2s']",,,100,100
924,Flop,1,-2280,2280,CHECK,0,"['Ah', '2d']","['5d', '3d']","['Ad', '9d', '2s']",,6h,100,100
924,Turn,0,-2280,2280,CHECK,0,"['Ah', '2d']","['5d', '3d']","['Ad', '9d', '2s', '7h']",,6h,100,100
924,Turn,1,-2280,2280,CHECK,0,"['Ah', '2d']","['5d', '3d']","['Ad', '9d', '2s', '7h']",,6h,100,100
924,River,0,-2280,2280,CHECK,0,"['Ah', '2d']","['5d', '3d']","['Ad', '9d', '2s', '7h', '9h']",,6h,100,100
924,River,1,-2280,2280,CHECK,0,"['Ah', '2d']","['5d', '3d']","['Ad', '9d', '2s', '7h', '9h']",,6h,100,100
925,Pre-Flop,1,-2180,2180,RAISE,2,"['3s', '8h']","['7s', 'Ad']","['8s', '2d']",,,1,1
925,Pre-Flop,0,-2180,2180,RAISE,96,"['3s', '8h']","['7s', 'Ad']","['8s', '2d']",,,2,2
925,Pre-Flop,1,-2180,2180,CALL,0,"['3s', '8h']","['7s', 'Ad']","['8s', '2d']",,,4,4
925,Pre-Flop,0,-2180,2180,CHECK,0,"['3s', '8h']","['7s', 'Ad']","['8s', '2d']",,,100,100
925,Flop,1,-2180,2180,DISCARD,0,"['3s', '8h']","['7s', 'Ad']","['8s', '2d', '6s']",,,100,100
925,Flop,1,-2180,2180,CHECK,0,"['3s', '8h']","['7s', '2s']","['8s', '2d', '6s']",,Ad,100,100
925,Flop,0,-2180,2180,CHECK,0,"['3s', '8h']","['7s', '2s']","['8s', '2d', '6s']",,Ad,100,100
925,Turn,1,-2180,2180,CHECK,0,"['3s', '8h']","['7s', '2s']","['8s', '2d', '6s', '4h']",,Ad,100,100
925,Turn,0,-2180,2180,CHECK,0,"['3s', '8h']","['7s', '2s']","['8s', '2d', '6s', '4h']",,Ad,100,100
925,River,1,-2180,2180,CHECK,0,"['3s', '8h']","['7s', '2s']","['8s', '2d', '6s', '4h', 'Ah']",,Ad,100,100
925,River,0,-2180,2180,CHECK,0,"['3s', '8h']","['7s', '2s']","['8s', '2d', '6s', '4h', 'Ah']",,Ad,100,100
926,Pre-Flop,0,-2080,2080,RAISE,98,"['5d', 'As']","['6h', '2s']","['5h', '4d']",,,1,1
926,Pre-Flop,1,-2080,2080,CALL,0,"['5d', 'As']","['6h', '2s']","['5h', '4d']",,,2,2
926,Flop,0,-2080,2080,CHECK,0,"['5d', 'As']","['6h', '2s']","['5h', '4d', 'Ah']",,,100,100
926,Flop,1,-2080,2080,DISCARD,0,"['5d', 'As']","['6h', '2s']","['5h', '4d', 'Ah']",,,100,100
926,Flop,1,-2080,2080,CHECK,0,"['5d', 'As']","['6h', '9d']","['5h', '4d', 'Ah']",,2s,100,100
926,Turn,0,-2080,2080,CHECK,0,"['5d', 'As']","['6h', '9d']","['5h', '4d', 'Ah', '7s']",,2s,100,100
926,Turn,1,-2080,2080,CHECK,0,"['5d', 'As']","['6h', '9d']","['5h', '4d', 'Ah', '7s']",,2s,100,100
926,River,0,-2080,2080,CHECK,0,"['5d', 'As']","['6h', '9d']","['5h', '4d', 'Ah', '7s', '8h']",,2s,100,100
926,River,1,-2080,2080,CHECK,0,"['5d', 'As']","['6h', '9d']","['5h', '4d', 'Ah', '7s', '8h']",,2s,100,100
927,Pre-Flop,1,-2180,2180,DISCARD,0,"['Ad', '8d']","['7h', '2d']","['9s', '9h']",,,1,1
927,Pre-Flop,1,-2180,2180,RAISE,2,"['Ad', '8d']","['7h', '4s']","['9s', '9h']",,2d,1,1
927,Pre-Flop,0,-2180,2180,RAISE,96,"['Ad', '8d']","['7h', '4s']","['9s', '9h']",,2d,2,2
927,Pre-Flop,1,-2180,2180,CALL,0,"['Ad', '8d']","['7h', '4s']","['9s', '9h']",,2d,4,4
927,Pre-Flop,0,-2180,2180,CHECK,0,"['Ad', '8d']","['7h', '4s']","['9s', '9h']",,2d,100,100
927,Flop,1,-2180,2180,CHECK,0,"['Ad', '8d']","['7h', '4s']","['9s', '9h', '7d']",,2d,100,100
927,Flop,0,-2180,2180,CHECK,0,"['Ad', '8d']","['7h', '4s']","['9s', '9h', '7d']",,2d,100,100
927,Turn,1,-2180,2180,CHECK,0,"['Ad', '8d']","['7h', '4s']","['9s', '9h', '7d', '2h']",,2d,100,100
927,Turn,0,-2180,2180,CHECK,0,"['Ad', '8d']","['7h', '4s']","['9s', '9h', '7d', '2h']",,2d,100,100
927,River,1,-2180,2180,CHECK,0,"['Ad', '8d']","['7h', '4s']","['9s', '9h', '7d', '2h', '4h']",,2d,100,100
927,River,0,-2180,2180,CHECK,0,"['Ad', '8d']","['7h', '4s']","['9s', '9h', '7d', '2h', '4h']",,2d,100,100
928,Pre-Flop,0,-2280,2280,RAISE,98,"['9d', '8s']","['3h', '7d']","['6h', '4h']",,,1,1
928,Pre-Flop,1,-2280,2280,DISCARD,0,"['9d', '8s']","['3h', '7d']","['6h', '4h']",,,2,2
928,Pre-Flop,1,-2280,2280,CALL,0,"['9d', '8s']","['3h', 'Ah']","['6h', '4h']",,7d,2,2
928,Flop,0,-2280,2280,CHECK,0,"['9d', '8s']","['3h', 'Ah']","['6h', '4h', '7h']",,7d,100,100
928,Flop,1,-2280,2280,CHECK,0,"['9d', '8s']","['3h', 'Ah']","['6h', '4h', '7h']",,7d,100,100
928,Turn,0,-2280,2280,CHECK,0,"['9d', '8s']","['3h', 'Ah']","['6h', '4h', '7h', '2h']",,7d,100,100
928,Turn,1,-2280,2280,CHECK,0,"['9d', '8s']","['3h', 'Ah']","['6h', '4h', '7h', '2h']",,7d,100,100
928,River,0,-2280,2280,CHECK,0,"['9d', '8s']","['3h', 'Ah']","['6h', '4h', '7h', '2h', '4s']",,7d,100,100
928,River,1,-2280,2280,CHECK,0,"['9d', '8s']","['3h', 'Ah']","['6h', '4h', '7h', '2h', '4s']",,7d,100,100
929,Pre-Flop,1,-2380,2380,RAISE,2,"['9d', '7h']","['3s', '7s']","['2h', '4h']",,,1,1
929,Pre-Flop,0,-2380,2380,RAISE,96,"['9d', '7h']","['3s', '7s']","['2h', '4h']",,,2,2
929,Pre-Flop,1,-2380,2380,CALL,0,"['9d', '7h']","['3s', '7s']","['2h', '4h']",,,4,4
929,Pre-Flop,0,-2380,2380,CHECK,0,"['9d', '7h']","['3s', '7s']","['2h', '4h']",,,100,100
929,Flop,1,-2380,2380,DISCARD,0,"['9d', '7h']","['3s', '7s']","['2h', '4h', 'Ah']",,,100,100
929,Flop,1,-2380,2380,CHECK,0,"['9d', '7h']","['3s', '5s']","['2h', '4h', 'Ah']",,7s,100,100
929,Flop,0,-2380,2380,CHECK,0,"['9d', '7h']","['3s', '5s']","['2h', '4h', 'Ah']",,7s,100,100
929,Turn,1,-2380,2380,CHECK,0,"['9d', '7h']","['3s', '5s']","['2h', '4h', 'Ah', '6d']",,7s,100,100
929,Turn,0,-2380,2380,CHECK,0,"['9d', '7h']","['3s', '5s']","['2h', '4h', 'Ah', '6d']",,7s,100,100
929,River,1,-2380,2380,CHECK,0,"['9d', '7h']","['3s', '5s']","['2h', '4h', 'Ah', '6d', '8h']",,7s,100,100
929,River,0,-2380,2380,CHECK,0,"['9d', '7h']","['3s', '5s']","['2h', '4h', 'Ah', '6d', '8h']",,7s,100,100
930,Pre-Flop,0,-2280,2280,RAISE,98,"['5d', '3s']","['Ad', '7d']","['8d', 'Ah']",,,1,1
930,Pre-Flop,1,-2280,2280,CALL,0,"['5d', '3s']","['Ad', '7d']","['8d', 'Ah']",,,2,2
930,Flop,0,-2280,2280,CHECK,0,"['5d', '3s']","['Ad', '7d']","['8d', 'Ah', 'As']",,,100,100
930,Flop,1,-2280,2280,DISCARD,0,"['5d', '3s']","['Ad', '7d']","['8d', 'Ah', 'As']",,,100,100
930,Flop,1,-2280,2280,CHECK,0,"['5d', '3s']","['Ad', '4h']","['8d', 'Ah', 'As']",,7d,100,100
930,Turn,0,-2280,2280,CHECK,0,"['5d', '3s']","['Ad', '4h']","['8d', 'Ah', 'As', '8h']",,7d,100,100
930,Turn,1,-2280,2280,CHECK,0,"['5d', '3s']","['Ad', '4h']","['8d', 'Ah', 'As', '8h']",,7d,100,100
930,River,0,-2280,2280,CHECK,0,"['5d', '3s']","['Ad', '4h']","['8d', 'Ah', 'As', '8h', '3h']",,7d,100,100
930,River,1,-2280,2280,CHECK,0,"['5d', '3s']","['Ad', '4h']","['8d', 'Ah', 'As', '8h', '3h']",,7d,100,100
931,Pre-Flop,1,-2380,2380,RAISE,2,"['2d', '9d']","['7d', '4s']","['Ah', '4d']",,,1,1
931,Pre-Flop,0,-2380,2380,RAISE,96,"['2d', '9d']","['7d', '4s']","['Ah', '4d']",,,2,2
931,Pre-Flop,1,-2380,2380,DISCARD,0,"['2d', '9d']","['7d', '4s']","['Ah', '4d']",,,4,4
931,Pre-Flop,1,-2380,2380,CALL,0,"['2d', '9d']","['As', '4s']","['Ah', '4d']",,7d,4,4
931,Pre-Flop,0,-2380,2380,CHECK,0,"['2d', '9d']","['As', '4s']","['Ah', '4d']",,7d,100,100
931,Flop,1,-2380,2380,CHECK,0,"['2d', '9d']","['As', '4s']","['Ah', '4d', '8h']",,7d,100,100
931,Flop,0,-2380,2380,CHECK,0,"['2d', '9d']","['As', '4s']","['Ah', '4d', '8h']",,7d,100,100
931,Turn,1,-2380,2380,CHECK,0,"['2d', '9d']","['As', '4s']","['Ah', '4d', '8h', '8d']",,7d,100,100
931,Turn,0,-2380,2380,CHECK,0,"['2d', '9d']","['As', '4s']","['Ah', '4d', '8h', '8d']",,7d,100,100
931,River,1,-2380,2380,CHECK,0,"['2d', '9d']","['As', '4s']","['Ah', '4d', '8h', '8d', '5d']",,7d,100,100
931,River,0,-2380,2380,CHECK,0,"['2d', '9d']","['As', '4s']","['Ah', '4d', '8h', '8d', '5d']",,7d,100,100
932,Pre-Flop,0,-2280,2280,RAISE,98,"['7h', '6d']","['2d', 'Ad']","['8s', '5d']",,,1,1
932,Pre-Flop,1,-2280,2280,CALL,0,"['7h', '6d']","['2d', 'Ad']","['8s', '5d']",,,2,2
932,Flop,0,-2280,2280,CHECK,0,"['7h', '6d']","['2d', 'Ad']","['8s', '5d', '2s']",,,100,100
932,Flop,1,-2280,2280,DISCARD,0,"['7h', '6d']","['2d', 'Ad']","['8s', '5d', '2s']",,,100,100
932,Flop,1,-2280,2280,CHECK,0,"['7h', '6d']","['2d', '4h']","['8s', '5d', '2s']",,Ad,100,100
932,Turn,0,-2280,2280,CHECK,0,"['7h', '6d']","['2d', '4h']","['8s', '5d', '2s', '9d']",,Ad,100,100
932,Turn,1,-2280,2280,CHECK,0,"['7h', '6d']","['2d', '4h']","['8s', '5d', '2s', '9d']",,Ad,100,100
932,River,0,-2280,2280,CHECK,0,"['7h', '6d']","['2d', '4h']","['8s', '5d', '2s', '9d', '5h']",,Ad,100,100
932,River,1,-2280,2280,CHECK,0,"['7h', '6d']","['2d', '4h']","['8s', '5d', '2s', '9d', '5h']",,Ad,100,100
933,Pre-Flop,1,-2180,2180,DISCARD,0,"['9h', '3h']","['8s', 'As']","['4s', '6s']",,,1,1
933,Pre-Flop,1,-2180,2180,RAISE,3,"['9h', '3h']","['8s', '5d']","['4s', '6s']",,As,1,1
933,Pre-Flop,0,-2180,2180,RAISE,95,"['9h', '3h']","['8s', '5d']","['4s', '6s']",,As,2,2
933,Pre-Flop,1,-2180,2180,CALL,0,"['9h', '3h']","['8s', '5d']","['4s', '6s']",,As,5,5
933,Pre-Flop,0,-2180,2180,CHECK,0,"['9h', '3h']","['8s', '5d']","['4s', '6s']",,As,100,100
933,Flop,1,-2180,2180,CHECK,0,"['9h', '3h']","['8s', '5d']","['4s', '6s', '8d']",,As,100,100
933,Flop,0,-2180,2180,CHECK,0,"['9h', '3h']","['8s', '5d']","['4s', '6s', '8d']",,As,100,100
933,Turn,1,-2180,2180,CHECK,0,"['9h', '3h']","['8s', '5d']","['4s', '6s', '8d', '6h']",,As,100,100
933,Turn,0,-2180,2180,CHECK,0,"['9h', '3h']","['8s', '5d']","['4s', '6s', '8d', '6h']",,As,100,100
933,River,1,-2180,2180,CHECK,0,"['9h', '3h']","['8s', '5d']","['4s', '6s', '8d', '6h', '2s']",,As,100,100
933,River,0,-2180,2180,CHECK,0,"['9h', '3h']","['8s', '5d']","['4s', '6s', '8d', '6h', '2s']",,As,100,100
934,Pre-Flop,0,-2280,2280,RAISE,98,"['5h', '7s']","['2s', '3s']","['8d', '2d']",,,1,1
934,Pre-Flop,1,-2280,2280,CALL,0,"['5h', '7s']","['2s', '3s']","['8d', '2d']",,,2,2
934,Flop,0,-2280,2280,CHECK,0,"['5h', '7s']","['2s', '3s']","['8d', '2d', '7h']",,,100,100
934,Flop,1,-2280,2280,CHECK,0,"['5h', '7s']","['2s', '3s']","['8d', '2d', '7h']",,,100,100
934,Turn,0,-2280,2280,CHECK,0,"['5h', '7s']","['2s', '3s']","['8d', '2d', '7h', '3d']",,,100,100
934,Turn,1,-2280,2280,CHECK,0,"['5h', '7s']","['2s', '3s']","['8d', '2d', '7h', '3d']",,,100,100
934,River,0,-2280,2280,CHECK,0,"['5h', '7s']","['2s', '3s']","['8d', '2d', '7h', '3d', 'Ah']",,,100,100
934,River,1,-2280,2280,CHECK,0,"['5h', '7s']","['2s', '3s']","['8d', '2d', '7h', '3d', 'Ah']",,,100,100
935,Pre-Flop,1,-2380,2380,RAISE,2,"['3s', '8d']","['7d', '4h']","['Ah', '3d']",,,1,1
935,Pre-Flop,0,-2380,2380,RAISE,96,"['3s', '8d']","['7d', '4h']","['Ah', '3d']",,,2,2
935,Pre-Flop,1,-2380,2380,CALL,0,"['3s', '8d']","['7d', '4h']","['Ah', '3d']",,,4,4
935,Pre-Flop,0,-2380,2380,CHECK,0,"['3s', '8d']","['7d', '4h']","['Ah', '3d']",,,100,100
935,Flop,1,-2380,2380,DISCARD,0,"['3s', '8d']","['7d', '4h']","['Ah', '3d', '9s']",,,100,100
935,Flop,1,-2380,2380,CHECK,0,"['3s', '8d']","['7d', '6s']","['Ah', '3d', '9s']",,4h,100,100
935,Flop,0,-2380,2380,CHECK,0,"['3s', '8d']","['7d', '6s']","['Ah', '3d', '9s']",,4h,100,100
935,Turn,1,-2380,2380,CHECK,0,"['3s', '8d']","['7d', '6s']","['Ah', '3d', '9s', '6d']",,4h,100,100
935,Turn,0,-2380,2380,CHECK,0,"['3s', '8d']","['7d', '6s']","['Ah', '3d', '9s', '6d']",,4h,100,100
935,River,1,-2380,2380,CHECK,0,"['3s', '8d']","['7d', '6s']","['Ah', '3d', '9s', '6d', '5h']",,4h,100,100
935,River,0,-2380,2380,CHECK,0,"['3s', '8d']","['7d', '6s']","['Ah', '3d', '9s', '6d', '5h']",,4h,100,100
936,Pre-Flop,0,-2480,2480,RAISE,98,"['2h', '6h']","['9s', '8d']","['7d', '2s']",,,1,1
936,Pre-Flop,1,-2480,2480,CALL,0,"['2h', '6h']","['9s', '8d']","['7d', '2s']",,,2,2
936,Flop,0,-2480,2480,CHECK,0,"['2h', '6h']","['9s', '8d']","['7d', '2s', '8h']",,,100,100
936,Flop,1,-2480,2480,DISCARD,0,"['2h', '6h']","['9s', '8d']","['7d', '2s', '8h']",,,100,100
936,Flop,1,-2480,2480,CHECK,0,"['2h', '6h']","['9s', '4h']","['7d', '2s', '8h']",,8d,100,100
936,Turn,0,-2480,2480,CHECK,0,"['2h', '6h']","['9s', '4h']","['7d', '2s', '8h', '3d']",,8d,100,100
936,Turn,1,-2480,2480,CHECK,0,"['2h', '6h']","['9s', '4h']","['7d', '2s', '8h', '3d']",,8d,100,100
936,River,0,-2480,2480,CHECK,0,"['2h', '6h']","['9s', '4h']","['7d', '2s', '8h', '3d', '9d']",,8d,100,100
936,River,1,-2480,2480,CHECK,0,"['2h', '6h']","['9s', '4h']","['7d', '2s', '8h', '3d', '9d']",,8d,100,100
937,Pre-Flop,1,-2580,2580,DISCARD,0,"['Ad', '2s']","['7h', '3d']","['9s', '9h']",,,1,1
937,Pre-Flop,1,-2580,2580,CALL,0,"['Ad', '2s']","['7h', '2d']","['9s', '9h']",,3d,1,1
937,Pre-Flop,0,-2580,2580,RAISE,98,"['Ad', '2s']","['7h', '2d']","['9s', '9h']",,3d,2,2
937,Pre-Flop,1,-2580,2580,CALL,0,"['Ad', '2s']","['7h', '2d']","['9s', '9h']",,3d,2,2
937,Pre-Flop,0,-2580,2580,CHECK,0,"['Ad', '2s']","['7h', '2d']","['9s', '9h']",,3d,100,100
937,Flop,1,-2580,2580,CHECK,0,"['Ad', '2s']","['7h', '2d']","['9s', '9h', '2h']",,3d,100,100
937,Flop,0,-2580,2580,CHECK,0,"['Ad', '2s']","['7h', '2d']","['9s', '9h', '2h']",,3d,100,100
937,Turn,1,-2580,2580,CHECK,0,"['Ad', '2s']","['7h', '2d']","['9s', '9h', '2h', '4h']",,3d,100,100
937,Turn,0,-2580,2580,CHECK,0,"['Ad', '2s']","['7h', '2d']","['9s', '9h', '2h', '4h']",,3d,100,100
937,River,1,-2580,2580,CHECK,0,"['Ad', '2s']","['7h', '2d']","['9s', '9h', '2h', '4h', '8h']",,3d,100,100
937,River,0,-2580,2580,CHECK,0,"['Ad', '2s']","['7h', '2d']","['9s', '9h', '2h', '4h', '8h']",,3d,100,100
938,Pre-Flop,0,-2680,2680,RAISE,98,"['8h', '9s']","['3s', '6h']","['Ad', '9h']",,,1,1
938,Pre-Flop,1,-2680,2680,CALL,0,"['8h', '9s']","['3s', '6h']","['Ad', '9h']",,,2,2
938,Flop,0,-2680,2680,CHECK,0,"['8h', '9s']","['3s', '6h']","['Ad', '9h', 'As']",,,100,100
938,Flop,1,-2680,2680,DISCARD,0,"['8h', '9s']","['3s', '6h']","['Ad', '9h', 'As']",,,100,100
938,Flop,1,-2680,2680,CHECK,0,"['8h', '9s']","['3s', '8s']","['Ad', '9h', 'As']",,6h,100,100
938,Turn,0,-2680,2680,CHECK,0,"['8h', '9s']","['3s', '8s']","['Ad', '9h', 'As', '2d']",,6h,100,100
938,Turn,1,-2680,2680,CHECK,0,"['8h', '9s']","['3s', '8s']","['Ad', '9h', 'As', '2d']",,6h,100,100
938,River,0,-2680,2680,CHECK,0,"['8h', '9s']","['3s', '8s']","['Ad', '9h', 'As', '2d', '5h']",,6h,100,100
938,River,1,-2680,2680,CHECK,0,"['8h', '9s']","['3s', '8s']","['Ad', '9h', 'As', '2d', '5h']",,6h,100,100
939,Pre-Flop,1,-2580,2580,RAISE,2,"['7s', '2h']","['5h', 'Ah']","['3d', '2d']",,,1,1
939,Pre-Flop,0,-2580,2580,RAISE,96,"['7s', '2h']","['5h', 'Ah']","['3d', '2d']",,,2,2
939,Pre-Flop,1,-2580,2580,CALL,0,"['7s', '2h']","['5h', 'Ah']","['3d', '2d']",,,4,4
939,Pre-Flop,0,-2580,2580,CHECK,0,"['7s', '2h']","['5h', 'Ah']","['3d', '2d']",,,100,100
939,Flop,1,-2580,2580,DISCARD,0,"['7s', '2h']","['5h', 'Ah']","['3d', '2d', '7h']",,,100,100
939,Flop,1,-2580,2580,CHECK,0,"['7s', '2h']","['5h', '9d']","['3d', '2d', '7h']",,Ah,100,100
939,Flop,0,-2580,2580,CHECK,0,"['7s', '2h']","['5h', '9d']","['3d', '2d', '7h']",,Ah,100,100
939,Turn,1,-2580,2580,CHECK,0,"['7s', '2h']","['5h', '9d']","['3d', '2d', '7h', '3s']",,Ah,100,100
939,Turn,0,-2580,2580,CHECK,0,"['7s', '2h']","['5h', '9d']","['3d', '2d', '7h', '3s']",,Ah,100,100
939,River,1,-2580,2580,CHECK,0,"['7s', '2h']","['5h', '9d']","['3d', '2d', '7h', '3s', 'As']",,Ah,100,100
939,River,0,-2580,2580,CHECK,0,"['7s', '2h']","['5h', '9d']","['3d', '2d', '7h', '3s', 'As']",,Ah,100,100
940,Pre-Flop,0,-2480,2480,RAISE,98,"['8h', '4d']","['6d', 'As']","['7s', 'Ah']",,,1,1
940,Pre-Flop,1,-2480,2480,CALL,0,"['8h', '4d']","['6d', 'As']","['7s', 'Ah']",,,2,2
940,Flop,0,-2480,2480,CHECK,0,"['8h', '4d']","['6d', 'As']","['7s', 'Ah', '7d']",,,100,100
940,Flop,1,-2480,2480,DISCARD,0,"['8h', '4d']","['6d', 'As']","['7s', 'Ah', '7d']",,,100,100
940,Flop,1,-2480,2480,CHECK,0,"['8h', '4d']","['2h', 'As']","['7s', 'Ah', '7d']",,6d,100,100
940,Turn,0,-2480,2480,CHECK,0,"['8h', '4d']","['2h', 'As']","['7s', 'Ah', '7d', 'Ad']",,6d,100,100
940,Turn,1,-2480,2480,CHECK,0,"['8h', '4d']","['2h', 'As']","['7s', 'Ah', '7d', 'Ad']",,6d,100,100
940,River,0,-2480,2480,CHECK,0,"['8h', '4d']","['2h', 'As']","['7s', 'Ah', '7d', 'Ad', '5d']",,6d,100,100
940,River,1,-2480,2480,CHECK,0,"['8h', '4d']","['2h', 'As']","['7s', 'Ah', '7d', 'Ad', '5d']",,6d,100,100
941,Pre-Flop,1,-2580,2580,RAISE,2,"['6h', '2d']","['4d', '9s']","['5d', 'Ah']",,,1,1
941,Pre-Flop,0,-2580,2580,RAISE,96,"['6h', '2d']","['4d', '9s']","['5d', 'Ah']",,,2,2
941,Pre-Flop,1,-2580,2580,CALL,0,"['6h', '2d']","['4d', '9s']","['5d', 'Ah']",,,4,4
941,Pre-Flop,0,-2580,2580,CHECK,0,"['6h', '2d']","['4d', '9s']","['5d', 'Ah']",,,100,100
941,Flop,1,-2580,2580,DISCARD,0,"['6h', '2d']","['4d', '9s']","['5d', 'Ah', '4h']",,,100,100
941,Flop,1,-2580,2580,CHECK,0,"['6h', '2d']","['9h', '9s']","['5d', 'Ah', '4h']",,4d,100,100
941,Flop,0,-2580,2580,CHECK,0,"['6h', '2d']","['9h', '9s']","['5d', 'Ah', '4h']",,4d,100,100
941,Turn,1,-2580,2580,CHECK,0,"['6h', '2d']","['9h', '9s']","['5d', 'Ah', '4h', '7s']",,4d,100,100
941,Turn,0,-2580,2580,CHECK,0,"['6h', '2d']","['9h', '9s']","['5d', 'Ah', '4h', '7s']",,4d,100,100
941,River,1,-2580,2580,CHECK,0,"['6h', '2d']","['9h', '9s']","['5d', 'Ah', '4h', '7s', 'As']",,4d,100,100
941,River,0,-2580,2580,CHECK,0,"['6h', '2d']","['9h', '9s']","['5d', 'Ah', '4h', '7s', 'As']",,4d,100,100
942,Pre-Flop,0,-2680,2680,RAISE,98,"['2s', '5d']","['6s', '9s']","['9d', '2d']",,,1,1
942,Pre-Flop,1,-2680,2680,CALL,0,"['2s', '5d']","['6s', '9s']","['9d', '2d']",,,2,2
942,Flop,0,-2680,2680,CHECK,0,"['2s', '5d']","['6s', '9s']","['9d', '2d', '8d']",,,100,100
942,Flop,1,-2680,2680,DISCARD,0,"['2s', '5d']","['6s', '9s']","['9d', '2d', '8d']",,,100,100
942,Flop,1,-2680,2680,CHECK,0,"['2s', '5d']","['6s', '6d']","['9d', '2d', '8d']",,9s,100,100
942,Turn,0,-2680,2680,CHECK,0,"['2s', '5d']","['6s', '6d']","['9d', '2d', '8d', 'Ah']",,9s,100,100
942,Turn,1,-2680,2680,CHECK,0,"['2s', '5d']","['6s', '6d']","['9d', '2d', '8d', 'Ah']",,9s,100,100
942,River,0,-2680,2680,CHECK,0,"['2s', '5d']","['6s', '6d']","['9d', '2d', '8d', 'Ah', '7h']",,9s,100,100
942,River,1,-2680,2680,CHECK,0,"['2s', '5d']","['6s', '6d']","['9d', '2d', '8d', 'Ah', '7h']",,9s,100,100
943,Pre-Flop,1,-2780,2780,RAISE,3,"['2d', '4s']","['As', 'Ah']","['6h', '2s']",,,1,1
943,Pre-Flop,0,-2780,2780,RAISE,95,"['2d', '4s']","['As', 'Ah']","['6h', '2s']",,,2,2
943,Pre-Flop,1,-2780,2780,CALL,0,"['2d', '4s']","['As', 'Ah']","['6h', '2s']",,,5,5
943,Pre-Flop,0,-2780,2780,CHECK,0,"['2d', '4s']","['As', 'Ah']","['6h', '2s']",,,100,100
943,Flop,1,-2780,2780,DISCARD,0,"['2d', '4s']","['As', 'Ah']","['6h', '2s', '6d']",,,100,100
943,Flop,1,-2780,2780,CHECK,0,"['2d', '4s']","['As', '9d']","['6h', '2s', '6d']",,Ah,100,100
943,Flop,0,-2780,2780,CHECK,0,"['2d', '4s']","['As', '9d']","['6h', '2s', '6d']",,Ah,100,100
943,Turn,1,-2780,2780,CHECK,0,"['2d', '4s']","['As', '9d']","['6h', '2s', '6d', '8s']",,Ah,100,100
943,Turn,0,-2780,2780,CHECK,0,"['2d', '4s']","['As', '9d']","['6h', '2s', '6d', '8s']",,Ah,100,100
943,River,1,-2780,2780,CHECK,0,"['2d', '4s']","['As', '9d']","['6h', '2s', '6d', '8s', '4h']",,Ah,100,100
943,River,0,-2780,2780,CHECK,0,"['2d', '4s']","['As', '9d']","['6h', '2s', '6d', '8s', '4h']",,Ah,100,100
944,Pre-Flop,0,-2680,2680,RAISE,98,"['8h', 'Ad']","['4h', '3s']","['5h', '3d']",,,1,1
944,Pre-Flop,1,-2680,2680,DISCARD,0,"['8h', 'Ad']","['4h', '3s']","['5h', '3d']",,,2,2
944,Pre-Flop,1,-2680,2680,CALL,0,"['8h', 'Ad']","['7h', '3s']","['5h', '3d']",,4h,2,2
944,Flop,0,-2680,2680,CHECK,0,"['8h', 'Ad']","['7h', '3s']","['5h', '3d', '6s']",,4h,100,100
944,Flop,1,-2680,2680,CHECK,0,"['8h', 'Ad']","['7h', '3s']","['5h', '3d', '6s']",,4h,100,100
944,Turn,0,-2680,2680,CHECK,0,"['8h', 'Ad']","['7h', '3s']","['5h', '3d', '6s', '6d']",,4h,100,100
944,Turn,1,-2680,2680,CHECK,0,"['8h', 'Ad']","['7h', '3s']","['5h', '3d', '6s', '6d']",,4h,100,100
944,River,0,-2680,2680,CHECK,0,"['8h', 'Ad']","['7h', '3s']","['5h', '3d', '6s', '6d', '3h']",,4h,100,100
944,River,1,-2680,2680,CHECK,0,"['8h', 'Ad']","['7h', '3s']","['5h', '3d', '6s', '6d', '3h']",,4h,100,100
945,Pre-Flop,1,-2780,2780,RAISE,3,"['Ad', '3d']","['2s', '8s']","['8d', '5d']",,,1,1
945,Pre-Flop,0,-2780,2780,RAISE,95,"['Ad', '3d']","['2s', '8s']","['8d', '5d']",,,2,2
945,Pre-Flop,1,-2780,2780,CALL,0,"['Ad', '3d']","['2s', '8s']","['8d', '5d']",,,5,5
945,Pre-Flop,0,-2780,2780,CHECK,0,"['Ad', '3d']","['2s', '8s']","['8d', '5d']",,,100,100
945,Flop,1,-2780,2780,DISCARD,0,"['Ad', '3d']","['2s', '8s']","['8d', '5d', '6s']",,,100,100
945,Flop,1,-2780,2780,CHECK,0,"['Ad', '3d']","['2s', '7h']","['8d', '5d', '6s']",,8s,100,100
945,Flop,0,-2780,2780,CHECK,0,"['Ad', '3d']","['2s', '7h']","['8d', '5d', '6s']",,8s,100,100
945,Turn,1,-2780,2780,CHECK,0,"['Ad', '3d']","['2s', '7h']","['8d', '5d', '6s', '5s']",,8s,100,100
945,Turn,0,-2780,2780,CHECK,0,"['Ad', '3d']","['2s', '7h']","['8d', '5d', '6s', '5s']",,8s,100,100
945,River,1,-2780,2780,CHECK,0,"['Ad', '3d']","['2s', '7h']","['8d', '5d', '6s', '5s', '9s']",,8s,100,100
945,River,0,-2780,2780,CHECK,0,"['Ad', '3d']","['2s', '7h']","['8d', '5d', '6s', '5s', '9s']",,8s,100,100
946,Pre-Flop,0,-2880,2880,RAISE,98,"['7d', '9h']","['2h', '4h']","['2d', '4d']",,,1,1
946,Pre-Flop,1,-2880,2880,CALL,0,"['7d', '9h']","['2h', '4h']","['2d', '4d']",,,2,2
946,Flop,0,-2880,2880,CHECK,0,"['7d', '9h']","['2h', '4h']","['2d', '4d', '3s']",,,100,100
946,Flop,1,-2880,2880,CHECK,0,"['7d', '9h']","['2h', '4h']","['2d', '4d', '3s']",,,100,100
946,Turn,0,-2880,2880,CHECK,0,"['7d', '9h']","['2h', '4h']","['2d', '4d', '3s', '2s']",,,100,100
946,Turn,1,-2880,2880,CHECK,0,"['7d', '9h']","['2h', '4h']","['2d', '4d', '3s', '2s']",,,100,100
946,River,0,-2880,2880,CHECK,0,"['7d', '9h']","['2h', '4h']","['2d', '4d', '3s', '2s', '4s']",,,100,100
946,River,1,-2880,2880,CHECK,0,"['7d', '9h']","['2h', '4h']","['2d', '4d', '3s', '2s', '4s']",,,100,100
947,Pre-Flop,1,-2980,2980,CALL,0,"['9d', '2h']","['6d', '2d']","['7s', '8h']",,,1,1
947,Pre-Flop,0,-2980,2980,RAISE,98,"['9d', '2h']","['6d', '2d']","['7s', '8h']",,,2,2
947,Pre-Flop,1,-2980,2980,CALL,0,"['9d', '2h']","['6d', '2d']","['7s', '8h']",,,2,2
947,Pre-Flop,0,-2980,2980,CHECK,0,"['9d', '2h']","['6d', '2d']","['7s', '8h']",,,100,100
947,Flop,1,-2980,2980,DISCARD,0,"['9d', '2h']","['6d', '2d']","['7s', '8h', '9h']",,,100,100
947,Flop,1,-2980,2980,CHECK,0,"['9d', '2h']","['6d', '3d']","['7s', '8h', '9h']",,2d,100,100
947,Flop,0,-2980,2980,CHECK,0,"['9d', '2h']","['6d', '3d']","['7s', '8h', '9h']",,2d,100,100
947,Turn,1,-2980,2980,CHECK,0,"['9d', '2h']","['6d', '3d']","['7s', '8h', '9h', '9s']",,2d,100,100
947,Turn,0,-2980,2980,CHECK,0,"['9d', '2h']","['6d', '3d']","['7s', '8h', '9h', '9s']",,2d,100,100
947,River,1,-2980,2980,CHECK,0,"['9d', '2h']","['6d', '3d']","['7s', '8h', '9h', '9s', '6h']",,2d,100,100
947,River,0,-2980,2980,CHECK,0,"['9d', '2h']","['6d', '3d']","['7s', '8h', '9h', '9s', '6h']",,2d,100,100
948,Pre-Flop,0,-2880,2880,RAISE,98,"['6h', '5d']","['6d', 'As']","['2s', '7h']",,,1,1
948,Pre-Flop,1,-2880,2880,CALL,0,"['6h', '5d']","['6d', 'As']","['2s', '7h']",,,2,2
948,Flop,0,-2880,2880,CHECK,0,"['6h', '5d']","['6d', 'As']","['2s', '7h', '5h']",,,100,100
948,Flop,1,-2880,2880,DISCARD,0,"['6h', '5d']","['6d', 'As']","['2s', '7h', '5h']",,,100,100
948,Flop,1,-2880,2880,CHECK,0,"['6h', '5d']","['8s', 'As']","['2s', '7h', '5h']",,6d,100,100
948,Turn,0,-2880,2880,CHECK,0,"['6h', '5d']","['8s', 'As']","['2s', '7h', '5h', '2h']",,6d,100,100
948,Turn,1,-2880,2880,CHECK,0,"['6h', '5d']","['8s', 'As']","['2s', '7h', '5h', '2h']",,6d,100,100
948,River,0,-2880,2880,CHECK,0,"['6h', '5d']","['8s', 'As']","['2s', '7h', '5h', '2h', '4h']",,6d,100,100
948,River,1,-2880,2880,CHECK,0,"['6h', '5d']","['8s', 'As']","['2s', '7h', '5h', '2h', '4h']",,6d,100,100
949,Pre-Flop,1,-2780,2780,RAISE,3,"['Ah', '6d']","['2s', '4s']","['As', '5h']",,,1,1
949,Pre-Flop,0,-2780,2780,RAISE,95,"['Ah', '6d']","['2s', '4s']","['As', '5h']",,,2,2
949,Pre-Flop,1,-2780,2780,CALL,0,"['Ah', '6d']","['2s', '4s']","['As', '5h']",,,5,5
949,Pre-Flop,0,-2780,2780,CHECK,0,"['Ah', '6d']","['2s', '4s']","['As', '5h']",,,100,100
949,Flop,1,-2780,2780,CHECK,0,"['Ah', '6d']","['2s', '4s']","['As', '5h', '9s']",,,100,100
949,Flop,0,-2780,2780,CHECK,0,"['Ah', '6d']","['2s', '4s']","['As', '5h', '9s']",,,100,100
949,Turn,1,-2780,2780,CHECK,0,"['Ah', '6d']","['2s', '4s']","['As', '5h', '9s', '2d']",,,100,100
949,Turn,0,-2780,2780,CHECK,0,"['Ah', '6d']","['2s', '4s']","['As', '5h', '9s', '2d']",,,100,100
949,River,1,-2780,2780,CHECK,0,"['Ah', '6d']","['2s', '4s']","['As', '5h', '9s', '2d', 'Ad']",,,100,100
949,River,0,-2780,2780,CHECK,0,"['Ah', '6d']","['2s', '4s']","['As', '5h', '9s', '2d', 'Ad']",,,100,100
950,Pre-Flop,0,-2680,2680,RAISE,98,"['3d', '9d']","['8s', '2s']","['6s', '4h']",,,1,1
950,Pre-Flop,1,-2680,2680,CALL,0,"['3d', '9d']","['8s', '2s']","['6s', '4h']",,,2,2
950,Flop,0,-2680,2680,CHECK,0,"['3d', '9d']","['8s', '2s']","['6s', '4h', '5s']",,,100,100
950,Flop,1,-2680,2680,DISCARD,0,"['3d', '9d']","['8s', '2s']","['6s', '4h', '5s']",,,100,100
950,Flop,1,-2680,2680,CHECK,0,"['3d', '9d']","['8s', '6d']","['6s', '4h', '5s']",,2s,100,100
950,Turn,0,-2680,2680,CHECK,0,"['3d', '9d']","['8s', '6d']","['6s', '4h', '5s', '2h']",,2s,100,100
950,Turn,1,-2680,2680,CHECK,0,"['3d', '9d']","['8s', '6d']","['6s', '4h', '5s', '2h']",,2s,100,100
950,River,0,-2680,2680,CHECK,0,"['3d', '9d']","['8s', '6d']","['6s', '4h', '5s', '2h', '9s']",,2s,100,100
950,River,1,-2680,2680,CHECK,0,"['3d', '9d']","['8s', '6d']","['6s', '4h', '5s', '2h', '9s']",,2s,100,100
951,Pre-Flop,1,-2580,2580,RAISE,2,"['Ah', '3s']","['7d', '7h']","['9s', '8h']",,,1,1
951,Pre-Flop,0,-2580,2580,RAISE,96,"['Ah', '3s']","['7d', '7h']","['9s', '8h']",,,2,2
951,Pre-Flop,1,-2580,2580,CALL,0,"['Ah', '3s']","['7d', '7h']","['9s', '8h']",,,4,4
951,Pre-Flop,0,-2580,2580,CHECK,0,"['Ah', '3s']","['7d', '7h']","['9s', '8h']",,,100,100
951,Flop,1,-2580,2580,DISCARD,0,"['Ah', '3s']","['7d', '7h']","['9s', '8h', '6s']",,,100,100
951,Flop,1,-2580,2580,CHECK,0,"['Ah', '3s']","['As', '7h']","['9s', '8h', '6s']",,7d,100,100
951,Flop,0,-2580,2580,CHECK,0,"['Ah', '3s']","['As', '7h']","['9s', '8h', '6s']",,7d,100,100
951,Turn,1,-2580,2580,CHECK,0,"['Ah', '3s']","['As', '7h']","['9s', '8h', '6s', '4h']",,7d,100,100
951,Turn,0,-2580,2580,CHECK,0,"['Ah', '3s']","['As', '7h']","['9s', '8h', '6s', '4h']",,7d,100,100
951,River,1,-2580,2580,CHECK,0,"['Ah', '3s']","['As', '7h']","['9s', '8h', '6s', '4h', 'Ad']",,7d,100,100
951,River,0,-2580,2580,CHECK,0,"['Ah', '3s']","['As', '7h']","['9s', '8h', '6s', '4h', 'Ad']",,7d,100,100
952,Pre-Flop,0,-2680,2680,RAISE,98,"['8s', '5h']","['4h', '5d']","['As', '6h']",,,1,1
952,Pre-Flop,1,-2680,2680,CALL,0,"['8s', '5h']","['4h', '5d']","['As', '6h']",,,2,2
952,Flop,0,-2680,2680,CHECK,0,"['8s', '5h']","['4h', '5d']","['As', '6h', '3h']",,,100,100
952,Flop,1,-2680,2680,DISCARD,0,"['8s', '5h']","['4h', '5d']","['As', '6h', '3h']",,,100,100
952,Flop,1,-2680,2680,CHECK,0,"['8s', '5h']","['4h', '6s']","['As', '6h', '3h']",,5d,100,100
952,Turn,0,-2680,2680,CHECK,0,"['8s', '5h']","['4h', '6s']","['As', '6h', '3h', '8h']",,5d,100,100
952,Turn,1,-2680,2680,CHECK,0,"['8s', '5h']","['4h', '6s']","['As', '6h', '3h', '8h']",,5d,100,100
952,River,0,-2680,2680,CHECK,0,"['8s', '5h']","['4h', '6s']","['As', '6h', '3h', '8h', '7s']",,5d,100,100
952,River,1,-2680,2680,CHECK,0,"['8s', '5h']","['4h', '6s']","['As', '6h', '3h', '8h', '7s']",,5d,100,100
953,Pre-Flop,1,-2580,2580,DISCARD,0,"['9d', '3d']","['Ad', '7h']","['2d', '2s']",,,1,1
953,Pre-Flop,1,-2580,2580,RAISE,2,"['9d', '3d']","['4d', '7h']","['2d', '2s']",,Ad,1,1
953,Pre-Flop,0,-2580,2580,RAISE,96,"['9d', '3d']","['4d', '7h']","['2d', '2s']",,Ad,2,2
953,Pre-Flop,1,-2580,2580,CALL,0,"['9d', '3d']","['4d', '7h']","['2d', '2s']",,Ad,4,4
953,Pre-Flop,0,-2580,2580,CHECK,0,"['9d', '3d']","['4d', '7h']","['2d', '2s']",,Ad,100,100
953,Flop,1,-2580,2580,CHECK,0,"['9d', '3d']","['4d', '7h']","['2d', '2s', 'Ah']",,Ad,100,100
953,Flop,0,-2580,2580,CHECK,0,"['9d', '3d']","['4d', '7h']","['2d', '2s', 'Ah']",,Ad,100,100
953,Turn,1,-2580,2580,CHECK,0,"['9d', '3d']","['4d', '7h']","['2d', '2s', 'Ah', '3h']",,Ad,100,100
953,Turn,0,-2580,2580,CHECK,0,"['9d', '3d']","['4d', '7h']","['2d', '2s', 'Ah', '3h']",,Ad,100,100
953,River,1,-2580,2580,CHECK,0,"['9d', '3d']","['4d', '7h']","['2d', '2s', 'Ah', '3h', '4h']",,Ad,100,100
953,River,0,-2580,2580,CHECK,0,"['9d', '3d']","['4d', '7h']","['2d', '2s', 'Ah', '3h', '4h']",,Ad,100,100
954,Pre-Flop,0,-2680,2680,RAISE,98,"['4h', '4s']","['8s', '9s']","['Ad', '9d']",,,1,1
954,Pre-Flop,1,-2680,2680,DISCARD,0,"['4h', '4s']","['8s', '9s']","['Ad', '9d']",,,2,2
954,Pre-Flop,1,-2680,2680,CALL,0,"['4h', '4s']","['8s', '2h']","['Ad', '9d']",,9s,2,2
954,Flop,0,-2680,2680,CHECK,0,"['4h', '4s']","['8s', '2h']","['Ad', '9d', 'As']",,9s,100,100
954,Flop,1,-2680,2680,CHECK,0,"['4h', '4s']","['8s', '2h']","['Ad', '9d', 'As']",,9s,100,100
954,Turn,0,-2680,2680,CHECK,0,"['4h', '4s']","['8s', '2h']","['Ad', '9d', 'As', '3h']",,9s,100,100
954,Turn,1,-2680,2680,CHECK,0,"['4h', '4s']","['8s', '2h']","['Ad', '9d', 'As', '3h']",,9s,100,100
954,River,0,-2680,2680,CHECK,0,"['4h', '4s']","['8s', '2h']","['Ad', '9d', 'As', '3h', '3s']",,9s,100,100
954,River,1,-2680,2680,CHECK,0,"['4h', '4s']","['8s', '2h']","['Ad', '9d', 'As', '3h', '3s']",,9s,100,100
955,Pre-Flop,1,-2580,2580,RAISE,2,"['6d', '2h']","['9s', '7d']","['As', 'Ah']",,,1,1
955,Pre-Flop,0,-2580,2580,RAISE,96,"['6d', '2h']","['9s', '7d']","['As', 'Ah']",,,2,2
955,Pre-Flop,1,-2580,2580,CALL,0,"['6d', '2h']","['9s', '7d']","['As', 'Ah']",,,4,4
955,Pre-Flop,0,-2580,2580,CHECK,0,"['6d', '2h']","['9s', '7d']","['As', 'Ah']",,,100,100
955,Flop,1,-2580,2580,DISCARD,0,"['6d', '2h']","['9s', '7d']","['As', 'Ah', '8s']",,,100,100
955,Flop,1,-2580,2580,CHECK,0,"['6d', '2h']","['9s', '9h']","['As', 'Ah', '8s']",,7d,100,100
955,Flop,0,-2580,2580,CHECK,0,"['6d', '2h']","['9s', '9h']","['As', 'Ah', '8s']",,7d,100,100
955,Turn,1,-2580,2580,CHECK,0,"['6d', '2h']","['9s', '9h']","['As', 'Ah', '8s', '3h']",,7d,100,100
955,Turn,0,-2580,2580,CHECK,0,"['6d', '2h']","['9s', '9h']","['As', 'Ah', '8s', '3h']",,7d,100,100
955,River,1,-2580,2580,CHECK,0,"['6d', '2h']","['9s', '9h']","['As', 'Ah', '8s', '3h', '3d']",,7d,100,100
955,River,0,-2580,2580,CHECK,0,"['6d', '2h']","['9s', '9h']","['As', 'Ah', '8s', '3h', '3d']",,7d,100,100
956,Pre-Flop,0,-2680,2680,RAISE,98,"['8s', '3s']","['4d', '9s']","['Ah', '2h']",,,1,1
956,Pre-Flop,1,-2680,2680,CALL,0,"['8s', '3s']","['4d', '9s']","['Ah', '2h']",,,2,2
956,Flop,0,-2680,2680,CHECK,0,"['8s', '3s']","['4d', '9s']","['Ah', '2h', '2s']",,,100,100
956,Flop,1,-2680,2680,DISCARD,0,"['8s', '3s']","['4d', '9s']","['Ah', '2h', '2s']",,,100,100
956,Flop,1,-2680,2680,CHECK,0,"['8s', '3s']","['Ad', '9s']","['Ah', '2h', '2s']",,4d,100,100
956,Turn,0,-2680,2680,CHECK,0,"['8s', '3s']","['Ad', '9s']","['Ah', '2h', '2s', '2d']",,4d,100,100
956,Turn,1,-2680,2680,CHECK,0,"['8s', '3s']","['Ad', '9s']","['Ah', '2h', '2s', '2d']",,4d,100,100
956,River,0,-2680,2680,CHECK,0,"['8s', '3s']","['Ad', '9s']","['Ah', '2h', '2s', '2d', '5s']",,4d,100,100
956,River,1,-2680,2680,CHECK,0,"['8s', '3s']","['Ad', '9s']","['Ah', '2h', '2s', '2d', '5s']",,4d,100,100
957,Pre-Flop,1,-2780,2780,RAISE,2,"['6d', 'Ah']","['2s', '7s']","['4s', '8d']",,,1,1
957,Pre-Flop,0,-2780,2780,RAISE,96,"['6d', 'Ah']","['2s', '7s']","['4s', '8d']",,,2,2
957,Pre-Flop,1,-2780,2780,CALL,0,"['6d', 'Ah']","['2s', '7s']","['4s', '8d']",,,4,4
957,Pre-Flop,0,-2780,2780,CHECK,0,"['6d', 'Ah']","['2s', '7s']","['4s', '8d']",,,100,100
957,Flop,1,-2780,2780,DISCARD,0,"['6d', 'Ah']","['2s', '7s']","['4s', '8d', '3d']",,,100,100
957,Flop,1,-2780,2780,CHECK,0,"['6d', 'Ah']","['2s', '2d']","['4s', '8d', '3d']",,7s,100,100
957,Flop,0,-2780,2780,CHECK,0,"['6d', 'Ah']","['2s', '2d']","['4s', '8d', '3d']",,7s,100,100
957,Turn,1,-2780,2780,CHECK,0,"['6d', 'Ah']","['2s', '2d']","['4s', '8d', '3d', '7h']",,7s,100,100
957,Turn,0,-2780,2780,CHECK,0,"['6d', 'Ah']","['2s', '2d']","['4s', '8d', '3d', '7h']",,7s,100,100
957,River,1,-2780,2780,CHECK,0,"['6d', 'Ah']","['2s', '2d']","['4s', '8d', '3d', '7h', '6s']",,7s,100,100
957,River,0,-2780,2780,CHECK,0,"['6d', 'Ah']","['2s', '2d']","['4s', '8d', '3d', '7h', '6s']",,7s,100,100
958,Pre-Flop,0,-2680,2680,RAISE,98,"['8d', '6d']","['3s', '2d']","['5h', '8s']",,,1,1
958,Pre-Flop,1,-2680,2680,CALL,0,"['8d', '6d']","['3s', '2d']","['5h', '8s']",,,2,2
958,Flop,0,-2680,2680,CHECK,0,"['8d', '6d']","['3s', '2d']","['5h', '8s', '5s']",,,100,100
958,Flop,1,-2680,2680,DISCARD,0,"['8d', '6d']","['3s', '2d']","['5h', '8s', '5s']",,,100,100
958,Flop,1,-2680,2680,CHECK,0,"['8d', '6d']","['4h', '2d']","['5h', '8s', '5s']",,3s,100,100
958,Turn,0,-2680,2680,CHECK,0,"['8d', '6d']","['4h', '2d']","['5h', '8s', '5s', '4s']",,3s,100,100
958,Turn,1,-2680,2680,CHECK,0,"['8d', '6d']","['4h', '2d']","['5h', '8s', '5s', '4s']",,3s,100,100
958,River,0,-2680,2680,CHECK,0,"['8d', '6d']","['4h', '2d']","['5h', '8s', '5s', '4s', '9s']",,3s,100,100
958,River,1,-2680,2680,CHECK,0,"['8d', '6d']","['4h', '2d']","['5h', '8s', '5s', '4s', '9s']",,3s,100,100
959,Pre-Flop,1,-2580,2580,DISCARD,0,"['3d', '8d']","['8h', '6h']","['4h', '5h']",,,1,1
959,Pre-Flop,1,-2580,2580,RAISE,3,"['3d', '8d']","['8h', '5d']","['4h', '5h']",,6h,1,1
959,Pre-Flop,0,-2580,2580,RAISE,95,"['3d', '8d']","['8h', '5d']","['4h', '5h']",,6h,2,2
959,Pre-Flop,1,-2580,2580,CALL,0,"['3d', '8d']","['8h', '5d']","['4h', '5h']",,6h,5,5
959,Pre-Flop,0,-2580,2580,CHECK,0,"['3d', '8d']","['8h', '5d']","['4h', '5h']",,6h,100,100
959,Flop,1,-2580,2580,CHECK,0,"['3d', '8d']","['8h', '5d']","['4h', '5h', 'As']",,6h,100,100
959,Flop,0,-2580,2580,CHECK,0,"['3d', '8d']","['8h', '5d']","['4h', '5h', 'As']",,6h,100,100
959,Turn,1,-2580,2580,CHECK,0,"['3d', '8d']","['8h', '5d']","['4h', '5h', 'As', '6s']",,6h,100,100
959,Turn,0,-2580,2580,CHECK,0,"['3d', '8d']","['8h', '5d']","['4h', '5h', 'As', '6s']",,6h,100,100
959,River,1,-2580,2580,CHECK,0,"['3d', '8d']","['8h', '5d']","['4h', '5h', 'As', '6s', '2d']",,6h,100,100
959,River,0,-2580,2580,CHECK,0,"['3d', '8d']","['8h', '5d']","['4h', '5h', 'As', '6s', '2d']",,6h,100,100
960,Pre-Flop,0,-2480,2480,RAISE,98,"['9d', '3s']","['3d', '8s']","['3h', 'Ad']",,,1,1
960,Pre-Flop,1,-2480,2480,CALL,0,"['9d', '3s']","['3d', '8s']","['3h', 'Ad']",,,2,2
960,Flop,0,-2480,2480,CHECK,0,"['9d', '3s']","['3d', '8s']","['3h', 'Ad', '6h']",,,100,100
960,Flop,1,-2480,2480,DISCARD,0,"['9d', '3s']","['3d', '8s']","['3h', 'Ad', '6h']",,,100,100
960,Flop,1,-2480,2480,CHECK,0,"['9d', '3s']","['3d', '4s']","['3h', 'Ad', '6h']",,8s,100,100
960,Turn,0,-2480,2480,CHECK,0,"['9d', '3s']","['3d', '4s']","['3h', 'Ad', '6h', '5d']",,8s,100,100
960,Turn,1,-2480,2480,CHECK,0,"['9d', '3s']","['3d', '4s']","['3h', 'Ad', '6h', '5d']",,8s,100,100
960,River,0,-2480,2480,CHECK,0,"['9d', '3s']","['3d', '4s']","['3h', 'Ad', '6h', '5d', '5s']",,8s,100,100
960,River,1,-2480,2480,CHECK,0,"['9d', '3s']","['3d', '4s']","['3h', 'Ad', '6h', '5d', '5s']",,8s,100,100
961,Pre-Flop,1,-2480,2480,RAISE,2,"['5d', 'Ad']","['9h', '6d']","['2h', '3s']",,,1,1
961,Pre-Flop,0,-2480,2480,RAISE,96,"['5d', 'Ad']","['9h', '6d']","['2h', '3s']",,,2,2
961,Pre-Flop,1,-2480,2480,CALL,0,"['5d', 'Ad']","['9h', '6d']","['2h', '3s']",,,4,4
961,Pre-Flop,0,-2480,2480,CHECK,0,"['5d', 'Ad']","['9h', '6d']","['2h', '3s']",,,100,100
961,Flop,1,-2480,2480,DISCARD,0,"['5d', 'Ad']","['9h', '6d']","['2h', '3s', '3h']",,,100,100
961,Flop,1,-2480,2480,CHECK,0,"['5d', 'Ad']","['9h', '4h']","['2h', '3s', '3h']",,6d,100,100
961,Flop,0,-2480,2480,CHECK,0,"['5d', 'Ad']","['9h', '4h']","['2h', '3s', '3h']",,6d,100,100
961,Turn,1,-2480,2480,CHECK,0,"['5d', 'Ad']","['9h', '4h']","['2h', '3s', '3h', '4s']",,6d,100,100
961,Turn,0,-2480,2480,CHECK,0,"['5d', 'Ad']","['9h', '4h']","['2h', '3s', '3h', '4s']",,6d,100,100
961,River,1,-2480,2480,CHECK,0,"['5d', 'Ad']","['9h', '4h']","['2h', '3s', '3h', '4s', '9d']",,6d,100,100
961,River,0,-2480,2480,CHECK,0,"['5d', 'Ad']","['9h', '4h']","['2h', '3s', '3h', '4s', '9d']",,6d,100,100
962,Pre-Flop,0,-2380,2380,RAISE,98,"['Ad', '7d']","['7h', '4d']","['8h', '5s']",,,1,1
962,Pre-Flop,1,-2380,2380,CALL,0,"['Ad', '7d']","['7h', '4d']","['8h', '5s']",,,2,2
962,Flop,0,-2380,2380,CHECK,0,"['Ad', '7d']","['7h', '4d']","['8h', '5s', '6h']",,,100,100
962,Flop,1,-2380,2380,DISCARD,0,"['Ad', '7d']","['7h', '4d']","['8h', '5s', '6h']",,,100,100
962,Flop,1,-2380,2380,CHECK,0,"['Ad', '7d']","['7h', '4s']","['8h', '5s', '6h']",,4d,100,100
962,Turn,0,-2380,2380,CHECK,0,"['Ad', '7d']","['7h', '4s']","['8h', '5s', '6h', '2h']",,4d,100,100
962,Turn,1,-2380,2380,CHECK,0,"['Ad', '7d']","['7h', '4s']","['8h', '5s', '6h', '2h']",,4d,100,100
962,River,0,-2380,2380,CHECK,0,"['Ad', '7d']","['7h', '4s']","['8h', '5s', '6h', '2h', '4h']",,4d,100,100
962,River,1,-2380,2380,CHECK,0,"['Ad', '7d']","['7h', '4s']","['8h', '5s', '6h', '2h', '4h']",,4d,100,100
963,Pre-Flop,1,-2480,2480,RAISE,2,"['6d', '5s']","['4d', '2d']","['5d', '5h']",,,1,1
963,Pre-Flop,0,-2480,2480,RAISE,96,"['6d', '5s']","['4d', '2d']","['5d', '5h']",,,2,2
963,Pre-Flop,1,-2480,2480,CALL,0,"['6d', '5s']","['4d', '2d']","['5d', '5h']",,,4,4
963,Pre-Flop,0,-2480,2480,CHECK,0,"['6d', '5s']","['4d', '2d']","['5d', '5h']",,,100,100
963,Flop,1,-2480,2480,CHECK,0,"['6d', '5s']","['4d', '2d']","['5d', '5h', '9s']",,,100,100
963,Flop,0,-2480,2480,CHECK,0,"['6d', '5s']","['4d', '2d']","['5d', '5h', '9s']",,,100,100
963,Turn,1,-2480,2480,CHECK,0,"['6d', '5s']","['4d', '2d']","['5d', '5h', '9s', 'As']",,,100,100
963,Turn,0,-2480,2480,CHECK,0,"['6d', '5s']","['4d', '2d']","['5d', '5h', '9s', 'As']",,,100,100
963,River,1,-2480,2480,CHECK,0,"['6d', '5s']","['4d', '2d']","['5d', '5h', '9s', 'As', '6h']",,,100,100
963,River,0,-2480,2480,CHECK,0,"['6d', '5s']","['4d', '2d']","['5d', '5h', '9s', 'As', '6h']",,,100,100
964,Pre-Flop,0,-2380,2380,RAISE,98,"['9d', '6h']","['8s', '5d']","['4h', '6s']",,,1,1
964,Pre-Flop,1,-2380,2380,CALL,0,"['9d', '6h']","['8s', '5d']","['4h', '6s']",,,2,2
964,Flop,0,-2380,2380,CHECK,0,"['9d', '6h']","['8s', '5d']","['4h', '6s', '5h']",,,100,100
964,Flop,1,-2380,2380,DISCARD,0,"['9d', '6h']","['8s', '5d']","['4h', '6s', '5h']",,,100,100
964,Flop,1,-2380,2380,CHECK,0,"['9d', '6h']","['8s', '2d']","['4h', '6s', '5h']",,5d,100,100
964,Turn,0,-2380,2380,CHECK,0,"['9d', '6h']","['8s', '2d']","['4h', '6s', '5h', '3h']",,5d,100,100
964,Turn,1,-2380,2380,CHECK,0,"['9d', '6h']","['8s', '2d']","['4h', '6s', '5h', '3h']",,5d,100,100
964,River,0,-2380,2380,CHECK,0,"['9d', '6h']","['8s', '2d']","['4h', '6s', '5h', '3h', 'As']",,5d,100,100
964,River,1,-2380,2380,CHECK,0,"['9d', '6h']","['8s', '2d']","['4h', '6s', '5h', '3h', 'As']",,5d,100,100
965,Pre-Flop,1,-2480,2480,DISCARD,0,"['2d', 'Ad']","['3d', '7h']","['6s', '7d']",,,1,1
965,Pre-Flop,1,-2480,2480,RAISE,2,"['2d', 'Ad']","['9d', '7h']","['6s', '7d']",,3d,1,1
965,Pre-Flop,0,-2480,2480,RAISE,96,"['2d', 'Ad']","['9d', '7h']","['6s', '7d']",,3d,2,2
965,Pre-Flop,1,-2480,2480,CALL,0,"['2d', 'Ad']","['9d', '7h']","['6s', '7d']",,3d,4,4
965,Pre-Flop,0,-2480,2480,CHECK,0,"['2d', 'Ad']","['9d', '7h']","['6s', '7d']",,3d,100,100
965,Flop,1,-2480,2480,CHECK,0,"['2d', 'Ad']","['9d', '7h']","['6s', '7d', '5s']",,3d,100,100
965,Flop,0,-2480,2480,CHECK,0,"['2d', 'Ad']","['9d', '7h']","['6s', '7d', '5s']",,3d,100,100
965,Turn,1,-2480,2480,CHECK,0,"['2d', 'Ad']","['9d', '7h']","['6s', '7d', '5s', '8h']",,3d,100,100
965,Turn,0,-2480,2480,CHECK,0,"['2d', 'Ad']","['9d', '7h']","['6s', '7d', '5s', '8h']",,3d,100,100
965,River,1,-2480,2480,CHECK,0,"['2d', 'Ad']","['9d', '7h']","['6s', '7d', '5s', '8h', '2s']",,3d,100,100
965,River,0,-2480,2480,CHECK,0,"['2d', 'Ad']","['9d', '7h']","['6s', '7d', '5s', '8h', '2s']",,3d,100,100
966,Pre-Flop,0,-2580,2580,RAISE,98,"['4h', '3d']","['6h', '9s']","['5s', '9d']",,,1,1
966,Pre-Flop,1,-2580,2580,CALL,0,"['4h', '3d']","['6h', '9s']","['5s', '9d']",,,2,2
966,Flop,0,-2580,2580,CHECK,0,"['4h', '3d']","['6h', '9s']","['5s', '9d', '9h']",,,100,100
966,Flop,1,-2580,2580,DISCARD,0,"['4h', '3d']","['6h', '9s']","['5s', '9d', '9h']",,,100,100
966,Flop,1,-2580,2580,CHECK,0,"['4h', '3d']","['6h', '3s']","['5s', '9d', '9h']",,9s,100,100
966,Turn,0,-2580,2580,CHECK,0,"['4h', '3d']","['6h', '3s']","['5s', '9d', '9h', '7d']",,9s,100,100
966,Turn,1,-2580,2580,CHECK,0,"['4h', '3d']","['6h', '3s']","['5s', '9d', '9h', '7d']",,9s,100,100
966,River,0,-2580,2580,CHECK,0,"['4h', '3d']","['6h', '3s']","['5s', '9d', '9h', '7d', '2d']",,9s,100,100
966,River,1,-2580,2580,CHECK,0,"['4h', '3d']","['6h', '3s']","['5s', '9d', '9h', '7d', '2d']",,9s,100,100
967,Pre-Flop,1,-2680,2680,DISCARD,0,"['8h', '2s']","['7d', '8s']","['9s', '9h']",,,1,1
967,Pre-Flop,1,-2680,2680,RAISE,2,"['8h', '2s']","['Ah', '8s']","['9s', '9h']",,7d,1,1
967,Pre-Flop,0,-2680,2680,RAISE,96,"['8h', '2s']","['Ah', '8s']","['9s', '9h']",,7d,2,2
967,Pre-Flop,1,-2680,2680,CALL,0,"['8h', '2s']","['Ah', '8s']","['9s', '9h']",,7d,4,4
967,Pre-Flop,0,-2680,2680,CHECK,0,"['8h', '2s']","['Ah', '8s']","['9s', '9h']",,7d,100,100
967,Flop,1,-2680,2680,CHECK,0,"['8h', '2s']","['Ah', '8s']","['9s', '9h', 'Ad']",,7d,100,100
967,Flop,0,-2680,2680,CHECK,0,"['8h', '2s']","['Ah', '8s']","['9s', '9h', 'Ad']",,7d,100,100
967,Turn,1,-2680,2680,CHECK,0,"['8h', '2s']","['Ah', '8s']","['9s', '9h', 'Ad', '3s']",,7d,100,100
967,Turn,0,-2680,2680,CHECK,0,"['8h', '2s']","['Ah', '8s']","['9s', '9h', 'Ad', '3s']",,7d,100,100
967,River,1,-2680,2680,CHECK,0,"['8h', '2s']","['Ah', '8s']","['9s', '9h', 'Ad', '3s', '3d']",,7d,100,100
967,River,0,-2680,2680,CHECK,0,"['8h', '2s']","['Ah', '8s']","['9s', '9h', 'Ad', '3s', '3d']",,7d,100,100
968,Pre-Flop,0,-2780,2780,RAISE,98,"['7d', 'As']","['9s', '2d']","['7s', '8d']",,,1,1
968,Pre-Flop,1,-2780,2780,CALL,0,"['7d', 'As']","['9s', '2d']","['7s', '8d']",,,2,2
968,Flop,0,-2780,2780,CHECK,0,"['7d', 'As']","['9s', '2d']","['7s', '8d', '8s']",,,100,100
968,Flop,1,-2780,2780,DISCARD,0,"['7d', 'As']","['9s', '2d']","['7s', '8d', '8s']",,,100,100
968,Flop,1,-2780,2780,CHECK,0,"['7d', 'As']","['9s', '2h']","['7s', '8d', '8s']",,2d,100,100
968,Turn,0,-2780,2780,CHECK,0,"['7d', 'As']","['9s', '2h']","['7s', '8d', '8s', '7h']",,2d,100,100
968,Turn,1,-2780,2780,CHECK,0,"['7d', 'As']","['9s', '2h']","['7s', '8d', '8s', '7h']",,2d,100,100
968,River,0,-2780,2780,CHECK,0,"['7d', 'As']","['9s', '2h']","['7s', '8d', '8s', '7h', '4s']",,2d,100,100
968,River,1,-2780,2780,CHECK,0,"['7d', 'As']","['9s', '2h']","['7s', '8d', '8s', '7h', '4s']",,2d,100,100
969,Pre-Flop,1,-2680,2680,RAISE,2,"['2d', '2s']","['4h', '5s']","['8d', '3s']",,,1,1
969,Pre-Flop,0,-2680,2680,RAISE,96,"['2d', '2s']","['4h', '5s']","['8d', '3s']",,,2,2
969,Pre-Flop,1,-2680,2680,CALL,0,"['2d', '2s']","['4h', '5s']","['8d', '3s']",,,4,4
969,Pre-Flop,0,-2680,2680,CHECK,0,"['2d', '2s']","['4h', '5s']","['8d', '3s']",,,100,100
969,Flop,1,-2680,2680,DISCARD,0,"['2d', '2s']","['4h', '5s']","['8d', '3s', '9s']",,,100,100
969,Flop,1,-2680,2680,CHECK,0,"['2d', '2s']","['9d', '5s']","['8d', '3s', '9s']",,4h,100,100
969,Flop,0,-2680,2680,CHECK,0,"['2d', '2s']","['9d', '5s']","['8d', '3s', '9s']",,4h,100,100
969,Turn,1,-2680,2680,CHECK,0,"['2d', '2s']","['9d', '5s']","['8d', '3s', '9s', '4s']",,4h,100,100
969,Turn,0,-2680,2680,CHECK,0,"['2d', '2s']","['9d', '5s']","['8d', '3s', '9s', '4s']",,4h,100,100
969,River,1,-2680,2680,CHECK,0,"['2d', '2s']","['9d', '5s']","['8d', '3s', '9s', '4s', '7d']",,4h,100,100
969,River,0,-2680,2680,CHECK,0,"['2d', '2s']","['9d', '5s']","['8d', '3s', '9s', '4s', '7d']",,4h,100,100
970,Pre-Flop,0,-2780,2780,RAISE,98,"['8s', '8d']","['5h', '7d']","['4d', '2s']",,,1,1
970,Pre-Flop,1,-2780,2780,CALL,0,"['8s', '8d']","['5h', '7d']","['4d', '2s']",,,2,2
970,Flop,0,-2780,2780,CHECK,0,"['8s', '8d']","['5h', '7d']","['4d', '2s', '4h']",,,100,100
970,Flop,1,-2780,2780,DISCARD,0,"['8s', '8d']","['5h', '7d']","['4d', '2s', '4h']",,,100,100
970,Flop,1,-2780,2780,CHECK,0,"['8s', '8d']","['5h', '4s']","['4d', '2s', '4h']",,7d,100,100
970,Turn,0,-2780,2780,CHECK,0,"['8s', '8d']","['5h', '4s']","['4d', '2s', '4h', '9h']",,7d,100,100
970,Turn,1,-2780,2780,CHECK,0,"['8s', '8d']","['5h', '4s']","['4d', '2s', '4h', '9h']",,7d,100,100
970,River,0,-2780,2780,CHECK,0,"['8s', '8d']","['5h', '4s']","['4d', '2s', '4h', '9h', '7h']",,7d,100,100
970,River,1,-2780,2780,CHECK,0,"['8s', '8d']","['5h', '4s']","['4d', '2s', '4h', '9h', '7h']",,7d,100,100
971,Pre-Flop,1,-2880,2880,RAISE,2,"['5s', '8h']","['9s', '5h']","['2s', '9h']",,,1,1
971,Pre-Flop,0,-2880,2880,RAISE,96,"['5s', '8h']","['9s', '5h']","['2s', '9h']",,,2,2
971,Pre-Flop,1,-2880,2880,CALL,0,"['5s', '8h']","['9s', '5h']","['2s', '9h']",,,4,4
971,Pre-Flop,0,-2880,2880,CHECK,0,"['5s', '8h']","['9s', '5h']","['2s', '9h']",,,100,100
971,Flop,1,-2880,2880,DISCARD,0,"['5s', '8h']","['9s', '5h']","['2s', '9h', '8d']",,,100,100
971,Flop,1,-2880,2880,CHECK,0,"['5s', '8h']","['9s', 'Ah']","['2s', '9h', '8d']",,5h,100,100
971,Flop,0,-2880,2880,CHECK,0,"['5s', '8h']","['9s', 'Ah']","['2s', '9h', '8d']",,5h,100,100
971,Turn,1,-2880,2880,CHECK,0,"['5s', '8h']","['9s', 'Ah']","['2s', '9h', '8d', '7s']",,5h,100,100
971,Turn,0,-2880,2880,CHECK,0,"['5s', '8h']","['9s', 'Ah']","['2s', '9h', '8d', '7s']",,5h,100,100
971,River,1,-2880,2880,CHECK,0,"['5s', '8h']","['9s', 'Ah']","['2s', '9h', '8d', '7s', '8s']",,5h,100,100
971,River,0,-2880,2880,CHECK,0,"['5s', '8h']","['9s', 'Ah']","['2s', '9h', '8d', '7s', '8s']",,5h,100,100
972,Pre-Flop,0,-2780,2780,RAISE,98,"['4d', '2h']","['8d', '4s']","['2d', '9s']",,,1,1
972,Pre-Flop,1,-2780,2780,CALL,0,"['4d', '2h']","['8d', '4s']","['2d', '9s']",,,2,2
972,Flop,0,-2780,2780,CHECK,0,"['4d', '2h']","['8d', '4s']","['2d', '9s', '9d']",,,100,100
972,Flop,1,-2780,2780,DISCARD,0,"['4d', '2h']","['8d', '4s']","['2d', '9s', '9d']",,,100,100
972,Flop,1,-2780,2780,CHECK,0,"['4d', '2h']","['8d', '3h']","['2d', '9s', '9d']",,4s,100,100
972,Turn,0,-2780,2780,CHECK,0,"['4d', '2h']","['8d', '3h']","['2d', '9s', '9d', 'Ad']",,4s,100,100
972,Turn,1,-2780,2780,CHECK,0,"['4d', '2h']","['8d', '3h']","['2d', '9s', '9d', 'Ad']",,4s,100,100
972,River,0,-2780,2780,CHECK,0,"['4d', '2h']","['8d', '3h']","['2d', '9s', '9d', 'Ad', '5d']",,4s,100,100
972,River,1,-2780,2780,CHECK,0,"['4d', '2h']","['8d', '3h']","['2d', '9s', '9d', 'Ad', '5d']",,4s,100,100
973,Pre-Flop,1,-2880,2880,RAISE,2,"['4h', '8s']","['6s', '5d']","['8d', '6d']",,,1,1
973,Pre-Flop,0,-2880,2880,RAISE,96,"['4h', '8s']","['6s', '5d']","['8d', '6d']",,,2,2
973,Pre-Flop,1,-2880,2880,CALL,0,"['4h', '8s']","['6s', '5d']","['8d', '6d']",,,4,4
973,Pre-Flop,0,-2880,2880,CHECK,0,"['4h', '8s']","['6s', '5d']","['8d', '6d']",,,100,100
973,Flop,1,-2880,2880,DISCARD,0,"['4h', '8s']","['6s', '5d']","['8d', '6d', '5h']",,,100,100
973,Flop,1,-2880,2880,CHECK,0,"['4h', '8s']","['Ah', '5d']","['8d', '6d', '5h']",,6s,100,100
973,Flop,0,-2880,2880,CHECK,0,"['4h', '8s']","['Ah', '5d']","['8d', '6d', '5h']",,6s,100,100
973,Turn,1,-2880,2880,CHECK,0,"['4h', '8s']","['Ah', '5d']","['8d', '6d', '5h', 'Ad']",,6s,100,100
973,Turn,0,-2880,2880,CHECK,0,"['4h', '8s']","['Ah', '5d']","['8d', '6d', '5h', 'Ad']",,6s,100,100
973,River,1,-2880,2880,CHECK,0,"['4h', '8s']","['Ah', '5d']","['8d', '6d', '5h', 'Ad', 'As']",,6s,100,100
973,River,0,-2880,2880,CHECK,0,"['4h', '8s']","['Ah', '5d']","['8d', '6d', '5h', 'Ad', 'As']",,6s,100,100
974,Pre-Flop,0,-2980,2980,RAISE,98,"['4s', 'Ah']","['5h', '5s']","['7h', '2s']",,,1,1
974,Pre-Flop,1,-2980,2980,CALL,0,"['4s', 'Ah']","['5h', '5s']","['7h', '2s']",,,2,2
974,Flop,0,-2980,2980,CHECK,0,"['4s', 'Ah']","['5h', '5s']","['7h', '2s', '6h']",,,100,100
974,Flop,1,-2980,2980,DISCARD,0,"['4s', 'Ah']","['5h', '5s']","['7h', '2s', '6h']",,,100,100
974,Flop,1,-2980,2980,CHECK,0,"['4s', 'Ah']","['5h', 'As']","['7h', '2s', '6h']",,5s,100,100
974,Turn,0,-2980,2980,CHECK,0,"['4s', 'Ah']","['5h', 'As']","['7h', '2s', '6h', '8h']",,5s,100,100
974,Turn,1,-2980,2980,CHECK,0,"['4s', 'Ah']","['5h', 'As']","['7h', '2s', '6h', '8h']",,5s,100,100
974,River,0,-2980,2980,CHECK,0,"['4s', 'Ah']","['5h', 'As']","['7h', '2s', '6h', '8h', '9s']",,5s,100,100
974,River,1,-2980,2980,CHECK,0,"['4s', 'Ah']","['5h', 'As']","['7h', '2s', '6h', '8h', '9s']",,5s,100,100
975,Pre-Flop,1,-2980,2980,CALL,0,"['9d', '7s']","['2d', '4h']","['8d', '3s']",,,1,1
975,Pre-Flop,0,-2980,2980,RAISE,98,"['9d', '7s']","['2d', '4h']","['8d', '3s']",,,2,2
975,Pre-Flop,1,-2980,2980,CALL,0,"['9d', '7s']","['2d', '4h']","['8d', '3s']",,,2,2
975,Pre-Flop,0,-2980,2980,CHECK,0,"['9d', '7s']","['2d', '4h']","['8d', '3s']",,,100,100
975,Flop,1,-2980,2980,DISCARD,0,"['9d', '7s']","['2d', '4h']","['8d', '3s', '2s']",,,100,100
975,Flop,1,-2980,2980,CHECK,0,"['9d', '7s']","['6s', '4h']","['8d', '3s', '2s']",,2d,100,100
975,Flop,0,-2980,2980,CHECK,0,"['9d', '7s']","['6s', '4h']","['8d', '3s', '2s']",,2d,100,100
975,Turn,1,-2980,2980,CHECK,0,"['9d', '7s']","['6s', '4h']","['8d', '3s', '2s', '6d']",,2d,100,100
975,Turn,0,-2980,2980,CHECK,0,"['9d', '7s']","['6s', '4h']","['8d', '3s', '2s', '6d']",,2d,100,100
975,River,1,-2980,2980,CHECK,0,"['9d', '7s']","['6s', '4h']","['8d', '3s', '2s', '6d', '7d']",,2d,100,100
975,River,0,-2980,2980,CHECK,0,"['9d', '7s']","['6s', '4h']","['8d', '3s', '2s', '6d', '7d']",,2d,100,100
976,Pre-Flop,0,-2880,2880,RAISE,98,"['2s', '3d']","['3h', '7h']","['Ad', '6s']",,,1,1
976,Pre-Flop,1,-2880,2880,CALL,0,"['2s', '3d']","['3h', '7h']","['Ad', '6s']",,,2,2
976,Flop,0,-2880,2880,CHECK,0,"['2s', '3d']","['3h', '7h']","['Ad', '6s', 'As']",,,100,100
976,Flop,1,-2880,2880,DISCARD,0,"['2s', '3d']","['3h', '7h']","['Ad', '6s', 'As']",,,100,100
976,Flop,1,-2880,2880,CHECK,0,"['2s', '3d']","['6h', '7h']","['Ad', '6s', 'As']",,3h,100,100
976,Turn,0,-2880,2880,CHECK,0,"['2s', '3d']","['6h', '7h']","['Ad', '6s', 'As', '4d']",,3h,100,100
976,Turn,1,-2880,2880,CHECK,0,"['2s', '3d']","['6h', '7h']","['Ad', '6s', 'As', '4d']",,3h,100,100
976,River,0,-2880,2880,CHECK,0,"['2s', '3d']","['6h', '7h']","['Ad', '6s', 'As', '4d', '5s']",,3h,100,100
976,River,1,-2880,2880,CHECK,0,"['2s', '3d']","['6h', '7h']","['Ad', '6s', 'As', '4d', '5s']",,3h,100,100
977,Pre-Flop,1,-2780,2780,RAISE,2,"['4s', '6s']","['9d', 'Ad']","['6d', '2h']",,,1,1
977,Pre-Flop,0,-2780,2780,RAISE,96,"['4s', '6s']","['9d', 'Ad']","['6d', '2h']",,,2,2
977,Pre-Flop,1,-2780,2780,CALL,0,"['4s', '6s']","['9d', 'Ad']","['6d', '2h']",,,4,4
977,Pre-Flop,0,-2780,2780,CHECK,0,"['4s', '6s']","['9d', 'Ad']","['6d', '2h']",,,100,100
977,Flop,1,-2780,2780,DISCARD,0,"['4s', '6s']","['9d', 'Ad']","['6d', '2h', '8s']",,,100,100
977,Flop,1,-2780,2780,CHECK,0,"['4s', '6s']","['6h', 'Ad']","['6d', '2h', '8s']",,9d,100,100
977,Flop,0,-2780,2780,CHECK,0,"['4s', '6s']","['6h', 'Ad']","['6d', '2h', '8s']",,9d,100,100
977,Turn,1,-2780,2780,CHECK,0,"['4s', '6s']","['6h', 'Ad']","['6d', '2h', '8s', '7s']",,9d,100,100
977,Turn,0,-2780,2780,CHECK,0,"['4s', '6s']","['6h', 'Ad']","['6d', '2h', '8s', '7s']",,9d,100,100
977,River,1,-2780,2780,CHECK,0,"['4s', '6s']","['6h', 'Ad']","['6d', '2h', '8s', '7s', '5h']",,9d,100,100
977,River,0,-2780,2780,CHECK,0,"['4s', '6s']","['6h', 'Ad']","['6d', '2h', '8s', '7s', '5h']",,9d,100,100
978,Pre-Flop,0,-2680,2680,RAISE,98,"['Ah', '7d']","['9s', '2h']","['5d', '8h']",,,1,1
978,Pre-Flop,1,-2680,2680,CALL,0,"['Ah', '7d']","['9s', '2h']","['5d', '8h']",,,2,2
978,Flop,0,-2680,2680,CHECK,0,"['Ah', '7d']","['9s', '2h']","['5d', '8h', '5s']",,,100,100
978,Flop,1,-2680,2680,DISCARD,0,"['Ah', '7d']","['9s', '2h']","['5d', '8h', '5s']",,,100,100
978,Flop,1,-2680,2680,CHECK,0,"['Ah', '7d']","['4d', '2h']","['5d', '8h', '5s']",,9s,100,100
978,Turn,0,-2680,2680,CHECK,0,"['Ah', '7d']","['4d', '2h']","['5d', '8h', '5s', '6d']",,9s,100,100
978,Turn,1,-2680,2680,CHECK,0,"['Ah', '7d']","['4d', '2h']","['5d', '8h', '5s', '6d']",,9s,100,100
978,River,0,-2680,2680,CHECK,0,"['Ah', '7d']","['4d', '2h']","['5d', '8h', '5s', '6d', '2d']",,9s,100,100
978,River,1,-2680,2680,CHECK,0,"['Ah', '7d']","['4d', '2h']","['5d', '8h', '5s', '6d', '2d']",,9s,100,100
979,Pre-Flop,1,-2780,2780,RAISE,2,"['7s', 'As']","['7d', '3s']","['9h', '8d']",,,1,1
979,Pre-Flop,0,-2780,2780,RAISE,96,"['7s', 'As']","['7d', '3s']","['9h', '8d']",,,2,2
979,Pre-Flop,1,-2780,2780,CALL,0,"['7s', 'As']","['7d', '3s']","['9h', '8d']",,,4,4
979,Pre-Flop,0,-2780,2780,CHECK,0,"['7s', 'As']","['7d', '3s']","['9h', '8d']",,,100,100
979,Flop,1,-2780,2780,DISCARD,0,"['7s', 'As']","['7d', '3s']","['9h', '8d', '8s']",,,100,100
979,Flop,1,-2780,2780,CHECK,0,"['7s', 'As']","['2s', '3s']","['9h', '8d', '8s']",,7d,100,100
979,Flop,0,-2780,2780,CHECK,0,"['7s', 'As']","['2s', '3s']","['9h', '8d', '8s']",,7d,100,100
979,Turn,1,-2780,2780,CHECK,0,"['7s', 'As']","['2s', '3s']","['9h', '8d', '8s', '8h']",,7d,100,100
979,Turn,0,-2780,2780,CHECK,0,"['7s', 'As']","['2s', '3s']","['9h', '8d', '8s', '8h']",,7d,100,100
979,River,1,-2780,2780,CHECK,0,"['7s', 'As']","['2s', '3s']","['9h', '8d', '8s', '8h', '2h']",,7d,100,100
979,River,0,-2780,2780,CHECK,0,"['7s', 'As']","['2s', '3s']","['9h', '8d', '8s', '8h', '2h']",,7d,100,100
980,Pre-Flop,0,-2880,2880,RAISE,98,"['9h', '5h']","['6d', 'Ad']","['9s', '2d']",,,1,1
980,Pre-Flop,1,-2880,2880,CALL,0,"['9h', '5h']","['6d', 'Ad']","['9s', '2d']",,,2,2
980,Flop,0,-2880,2880,CHECK,0,"['9h', '5h']","['6d', 'Ad']","['9s', '2d', '5d']",,,100,100
980,Flop,1,-2880,2880,DISCARD,0,"['9h', '5h']","['6d', 'Ad']","['9s', '2d', '5d']",,,100,100
980,Flop,1,-2880,2880,CHECK,0,"['9h', '5h']","['6d', '6h']","['9s', '2d', '5d']",,Ad,100,100
980,Turn,0,-2880,2880,CHECK,0,"['9h', '5h']","['6d', '6h']","['9s', '2d', '5d', '8h']",,Ad,100,100
980,Turn,1,-2880,2880,CHECK,0,"['9h', '5h']","['6d', '6h']","['9s', '2d', '5d', '8h']",,Ad,100,100
980,River,0,-2880,2880,CHECK,0,"['9h', '5h']","['6d', '6h']","['9s', '2d', '5d', '8h', '3d']",,Ad,100,100
980,River,1,-2880,2880,CHECK,0,"['9h', '5h']","['6d', '6h']","['9s', '2d', '5d', '8h', '3d']",,Ad,100,100
981,Pre-Flop,1,-2780,2780,DISCARD,0,"['4h', '6d']","['8s', '5h']","['9s', '6h']",,,1,1
981,Pre-Flop,1,-2780,2780,RAISE,3,"['4h', '6d']","['8s', '5d']","['9s', '6h']",,5h,1,1
981,Pre-Flop,0,-2780,2780,RAISE,95,"['4h', '6d']","['8s', '5d']","['9s', '6h']",,5h,2,2
981,Pre-Flop,1,-2780,2780,CALL,0,"['4h', '6d']","['8s', '5d']","['9s', '6h']",,5h,5,5
981,Pre-Flop,0,-2780,2780,CHECK,0,"['4h', '6d']","['8s', '5d']","['9s', '6h']",,5h,100,100
981,Flop,1,-2780,2780,CHECK,0,"['4h', '6d']","['8s', '5d']","['9s', '6h', 'Ad']",,5h,100,100
981,Flop,0,-2780,2780,CHECK,0,"['4h', '6d']","['8s', '5d']","['9s', '6h', 'Ad']",,5h,100,100
981,Turn,1,-2780,2780,CHECK,0,"['4h', '6d']","['8s', '5d']","['9s', '6h', 'Ad', '4d']",,5h,100,100
981,Turn,0,-2780,2780,CHECK,0,"['4h', '6d']","['8s', '5d']","['9s', '6h', 'Ad', '4d']",,5h,100,100
981,River,1,-2780,2780,CHECK,0,"['4h', '6d']","['8s', '5d']","['9s', '6h', 'Ad', '4d', '6s']",,5h,100,100
981,River,0,-2780,2780,CHECK,0,"['4h', '6d']","['8s', '5d']","['9s', '6h', 'Ad', '4d', '6s']",,5h,100,100
982,Pre-Flop,0,-2680,2680,RAISE,98,"['6h', '2h']","['8s', 'Ah']","['7s', '3d']",,,1,1
982,Pre-Flop,1,-2680,2680,CALL,0,"['6h', '2h']","['8s', 'Ah']","['7s', '3d']",,,2,2
982,Flop,0,-2680,2680,CHECK,0,"['6h', '2h']","['8s', 'Ah']","['7s', '3d', '5d']",,,100,100
982,Flop,1,-2680,2680,DISCARD,0,"['6h', '2h']","['8s', 'Ah']","['7s', '3d', '5d']",,,100,100
982,Flop,1,-2680,2680,CHECK,0,"['6h', '2h']","['4h', 'Ah']","['7s', '3d', '5d']",,8s,100,100
982,Turn,0,-2680,2680,CHECK,0,"['6h', '2h']","['4h', 'Ah']","['7s', '3d', '5d', '8h']",,8s,100,100
982,Turn,1,-2680,2680,CHECK,0,"['6h', '2h']","['4h', 'Ah']","['7s', '3d', '5d', '8h']",,8s,100,100
982,River,0,-2680,2680,CHECK,0,"['6h', '2h']","['4h', 'Ah']","['7s', '3d', '5d', '8h', '4d']",,8s,100,100
982,River,1,-2680,2680,CHECK,0,"['6h', '2h']","['4h', 'Ah']","['7s', '3d', '5d', '8h', '4d']",,8s,100,100
983,Pre-Flop,1,-2580,2580,RAISE,3,"['6h', '4h']","['9s', '6s']","['4s', '3s']",,,1,1
983,Pre-Flop,0,-2580,2580,RAISE,95,"['6h', '4h']","['9s', '6s']","['4s', '3s']",,,2,2
983,Pre-Flop,1,-2580,2580,CALL,0,"['6h', '4h']","['9s', '6s']","['4s', '3s']",,,5,5
983,Pre-Flop,0,-2580,2580,CHECK,0,"['6h', '4h']","['9s', '6s']","['4s', '3s']",,,100,100
983,Flop,1,-2580,2580,DISCARD,0,"['6h', '4h']","['9s', '6s']","['4s', '3s', '2s']",,,100,100
983,Flop,1,-2580,2580,CHECK,0,"['6h', '4h']","['9s', '7h']","['4s', '3s', '2s']",,6s,100,100
983,Flop,0,-2580,2580,CHECK,0,"['6h', '4h']","['9s', '7h']","['4s', '3s', '2s']",,6s,100,100
983,Turn,1,-2580,2580,CHECK,0,"['6h', '4h']","['9s', '7h']","['4s', '3s', '2s', '2h']",,6s,100,100
983,Turn,0,-2580,2580,CHECK,0,"['6h', '4h']","['9s', '7h']","['4s', '3s', '2s', '2h']",,6s,100,100
983,River,1,-2580,2580,CHECK,0,"['6h', '4h']","['9s', '7h']","['4s', '3s', '2s', '2h', '7d']",,6s,100,100
983,River,0,-2580,2580,CHECK,0,"['6h', '4h']","['9s', '7h']","['4s', '3s', '2s', '2h', '7d']",,6s,100,100
984,Pre-Flop,0,-2680,2680,RAISE,98,"['2s', '6d']","['5s', '7h']","['3h', '2h']",,,1,1
984,Pre-Flop,1,-2680,2680,CALL,0,"['2s', '6d']","['5s', '7h']","['3h', '2h']",,,2,2
984,Flop,0,-2680,2680,CHECK,0,"['2s', '6d']","['5s', '7h']","['3h', '2h', '8d']",,,100,100
984,Flop,1,-2680,2680,DISCARD,0,"['2s', '6d']","['5s', '7h']","['3h', '2h', '8d']",,,100,100
984,Flop,1,-2680,2680,CHECK,0,"['2s', '6d']","['5s', '7s']","['3h', '2h', '8d']",,7h,100,100
984,Turn,0,-2680,2680,CHECK,0,"['2s', '6d']","['5s', '7s']","['3h', '2h', '8d', '4s']",,7h,100,100
984,Turn,1,-2680,2680,CHECK,0,"['2s', '6d']","['5s', '7s']","['3h', '2h', '8d', '4s']",,7h,100,100
984,River,0,-2680,2680,CHECK,0,"['2s', '6d']","['5s', '7s']","['3h', '2h', '8d', '4s', '9s']",,7h,100,100
984,River,1,-2680,2680,CHECK,0,"['2s', '6d']","['5s', '7s']","['3h', '2h', '8d', '4s', '9s']",,7h,100,100
985,Pre-Flop,1,-2580,2580,RAISE,2,"['8s', '5s']","['7d', '6d']","['5h', '3d']",,,1,1
985,Pre-Flop,0,-2580,2580,RAISE,96,"['8s', '5s']","['7d', '6d']","['5h', '3d']",,,2,2
985,Pre-Flop,1,-2580,2580,CALL,0,"['8s', '5s']","['7d', '6d']","['5h', '3d']",,,4,4
985,Pre-Flop,0,-2580,2580,CHECK,0,"['8s', '5s']","['7d', '6d']","['5h', '3d']",,,100,100
985,Flop,1,-2580,2580,CHECK,0,"['8s', '5s']","['7d', '6d']","['5h', '3d', '5d']",,,100,100
985,Flop,0,-2580,2580,CHECK,0,"['8s', '5s']","['7d', '6d']","['5h', '3d', '5d']",,,100,100
985,Turn,1,-2580,2580,CHECK,0,"['8s', '5s']","['7d', '6d']","['5h', '3d', '5d', '8h']",,,100,100
985,Turn,0,-2580,2580,CHECK,0,"['8s', '5s']","['7d', '6d']","['5h', '3d', '5d', '8h']",,,100,100
985,River,1,-2580,2580,CHECK,0,"['8s', '5s']","['7d', '6d']","['5h', '3d', '5d', '8h', '3h']",,,100,100
985,River,0,-2580,2580,CHECK,0,"['8s', '5s']","['7d', '6d']","['5h', '3d', '5d', '8h', '3h']",,,100,100
986,Pre-Flop,0,-2480,2480,RAISE,98,"['As', '2h']","['2d', '3h']","['Ad', '9d']",,,1,1
986,Pre-Flop,1,-2480,2480,CALL,0,"['As', '2h']","['2d', '3h']","['Ad', '9d']",,,2,2
986,Flop,0,-2480,2480,CHECK,0,"['As', '2h']","['2d', '3h']","['Ad', '9d', '7s']",,,100,100
986,Flop,1,-2480,2480,DISCARD,0,"['As', '2h']","['2d', '3h']","['Ad', '9d', '7s']",,,100,100
986,Flop,1,-2480,2480,CHECK,0,"['As', '2h']","['2d', '4h']","['Ad', '9d', '7s']",,3h,100,100
986,Turn,0,-2480,2480,CHECK,0,"['As', '2h']","['2d', '4h']","['Ad', '9d', '7s', '2s']",,3h,100,100
986,Turn,1,-2480,2480,CHECK,0,"['As', '2h']","['2d', '4h']","['Ad', '9d', '7s', '2s']",,3h,100,100
986,River,0,-2480,2480,CHECK,0,"['As', '2h']","['2d', '4h']","['Ad', '9d', '7s', '2s', 'Ah']",,3h,100,100
986,River,1,-2480,2480,CHECK,0,"['As', '2h']","['2d', '4h']","['Ad', '9d', '7s', '2s', 'Ah']",,3h,100,100
987,Pre-Flop,1,-2380,2380,RAISE,2,"['3d', '3s']","['2d', '4d']","['9h', '5h']",,,1,1
987,Pre-Flop,0,-2380,2380,RAISE,96,"['3d', '3s']","['2d', '4d']","['9h', '5h']",,,2,2
987,Pre-Flop,1,-2380,2380,CALL,0,"['3d', '3s']","['2d', '4d']","['9h', '5h']",,,4,4
987,Pre-Flop,0,-2380,2380,CHECK,0,"['3d', '3s']","['2d', '4d']","['9h', '5h']",,,100,100
987,Flop,1,-2380,2380,CHECK,0,"['3d', '3s']","['2d', '4d']","['9h', '5h', '6h']",,,100,100
987,Flop,0,-2380,2380,CHECK,0,"['3d', '3s']","['2d', '4d']","['9h', '5h', '6h']",,,100,100
987,Turn,1,-2380,2380,CHECK,0,"['3d', '3s']","['2d', '4d']","['9h', '5h', '6h', '4s']",,,100,100
987,Turn,0,-2380,2380,CHECK,0,"['3d', '3s']","['2d', '4d']","['9h', '5h', '6h', '4s']",,,100,100
987,River,1,-2380,2380,CHECK,0,"['3d', '3s']","['2d', '4d']","['9h', '5h', '6h', '4s', '6d']",,,100,100
987,River,0,-2380,2380,CHECK,0,"['3d', '3s']","['2d', '4d']","['9h', '5h', '6h', '4s', '6d']",,,100,100
988,Pre-Flop,0,-2480,2480,RAISE,98,"['5s', 'As']","['2s', '4h']","['9s', '6s']",,,1,1
988,Pre-Flop,1,-2480,2480,CALL,0,"['5s', 'As']","['2s', '4h']","['9s', '6s']",,,2,2
988,Flop,0,-2480,2480,CHECK,0,"['5s', 'As']","['2s', '4h']","['9s', '6s', '7h']",,,100,100
988,Flop,1,-2480,2480,DISCARD,0,"['5s', 'As']","['2s', '4h']","['9s', '6s', '7h']",,,100,100
988,Flop,1,-2480,2480,CHECK,0,"['5s', 'As']","['2s', '3d']","['9s', '6s', '7h']",,4h,100,100
988,Turn,0,-2480,2480,CHECK,0,"['5s', 'As']","['2s', '3d']","['9s', '6s', '7h', '3s']",,4h,100,100
988,Turn,1,-2480,2480,CHECK,0,"['5s', 'As']","['2s', '3d']","['9s', '6s', '7h', '3s']",,4h,100,100
988,River,0,-2480,2480,CHECK,0,"['5s', 'As']","['2s', '3d']","['9s', '6s', '7h', '3s', 'Ad']",,4h,100,100
988,River,1,-2480,2480,CHECK,0,"['5s', 'As']","['2s', '3d']","['9s', '6s', '7h', '3s', 'Ad']",,4h,100,100
989,Pre-Flop,1,-2380,2380,RAISE,2,"['3h', 'As']","['Ah', 'Ad']","['6d', '5s']",,,1,1
989,Pre-Flop,0,-2380,2380,RAISE,96,"['3h', 'As']","['Ah', 'Ad']","['6d', '5s']",,,2,2
989,Pre-Flop,1,-2380,2380,CALL,0,"['3h', 'As']","['Ah', 'Ad']","['6d', '5s']",,,4,4
989,Pre-Flop,0,-2380,2380,CHECK,0,"['3h', 'As']","['Ah', 'Ad']","['6d', '5s']",,,100,100
989,Flop,1,-2380,2380,DISCARD,0,"['3h', 'As']","['Ah', 'Ad']","['6d', '5s', '4s']",,,100,100
989,Flop,1,-2380,2380,CHECK,0,"['3h', 'As']","['8h', 'Ad']","['6d', '5s', '4s']",,Ah,100,100
989,Flop,0,-2380,2380,CHECK,0,"['3h', 'As']","['8h', 'Ad']","['6d', '5s', '4s']",,Ah,100,100
989,Turn,1,-2380,2380,CHECK,0,"['3h', 'As']","['8h', 'Ad']","['6d', '5s', '4s', '9d']",,Ah,100,100
989,Turn,0,-2380,2380,CHECK,0,"['3h', 'As']","['8h', 'Ad']","['6d', '5s', '4s', '9d']",,Ah,100,100
989,River,1,-2380,2380,CHECK,0,"['3h', 'As']","['8h', 'Ad']","['6d', '5s', '4s', '9d', '9h']",,Ah,100,100
989,River,0,-2380,2380,CHECK,0,"['3h', 'As']","['8h', 'Ad']","['6d', '5s', '4s', '9d', '9h']",,Ah,100,100
990,Pre-Flop,0,-2480,2480,RAISE,98,"['6d', '8s']","['Ah', '7h']","['9h', '5s']",,,1,1
990,Pre-Flop,1,-2480,2480,CALL,0,"['6d', '8s']","['Ah', '7h']","['9h', '5s']",,,2,2
990,Flop,0,-2480,2480,CHECK,0,"['6d', '8s']","['Ah', '7h']","['9h', '5s', '7s']",,,100,100
990,Flop,1,-2480,2480,DISCARD,0,"['6d', '8s']","['Ah', '7h']","['9h', '5s', '7s']",,,100,100
990,Flop,1,-2480,2480,CHECK,0,"['6d', '8s']","['Ah', '3d']","['9h', '5s', '7s']",,7h,100,100
990,Turn,0,-2480,2480,CHECK,0,"['6d', '8s']","['Ah', '3d']","['9h', '5s', '7s', '6s']",,7h,100,100
990,Turn,1,-2480,2480,CHECK,0,"['6d', '8s']","['Ah', '3d']","['9h', '5s', '7s', '6s']",,7h,100,100
990,River,0,-2480,2480,CHECK,0,"['6d', '8s']","['Ah', '3d']","['9h', '5s', '7s', '6s', '9s']",,7h,100,100
990,River,1,-2480,2480,CHECK,0,"['6d', '8s']","['Ah', '3d']","['9h', '5s', '7s', '6s', '9s']",,7h,100,100
991,Pre-Flop,1,-2380,2380,DISCARD,0,"['2s', '5s']","['5h', '7d']","['9h', '9d']",,,1,1
991,Pre-Flop,1,-2380,2380,RAISE,2,"['2s', '5s']","['5h', '6s']","['9h', '9d']",,7d,1,1
991,Pre-Flop,0,-2380,2380,RAISE,96,"['2s', '5s']","['5h', '6s']","['9h', '9d']",,7d,2,2
991,Pre-Flop,1,-2380,2380,CALL,0,"['2s', '5s']","['5h', '6s']","['9h', '9d']",,7d,4,4
991,Pre-Flop,0,-2380,2380,CHECK,0,"['2s', '5s']","['5h', '6s']","['9h', '9d']",,7d,100,100
991,Flop,1,-2380,2380,CHECK,0,"['2s', '5s']","['5h', '6s']","['9h', '9d', '6h']",,7d,100,100
991,Flop,0,-2380,2380,CHECK,0,"['2s', '5s']","['5h', '6s']","['9h', '9d', '6h']",,7d,100,100
991,Turn,1,-2380,2380,CHECK,0,"['2s', '5s']","['5h', '6s']","['9h', '9d', '6h', 'As']",,7d,100,100
991,Turn,0,-2380,2380,CHECK,0,"['2s', '5s']","['5h', '6s']","['9h', '9d', '6h', 'As']",,7d,100,100
991,River,1,-2380,2380,CHECK,0,"['2s', '5s']","['5h', '6s']","['9h', '9d', '6h', 'As', '8h']",,7d,100,100
991,River,0,-2380,2380,CHECK,0,"['2s', '5s']","['5h', '6s']","['9h', '9d', '6h', 'As', '8h']",,7d,100,100
992,Pre-Flop,0,-2480,2480,RAISE,98,"['6h', '6s']","['7d', '4s']","['2s', '8s']",,,1,1
992,Pre-Flop,1,-2480,2480,CALL,0,"['6h', '6s']","['7d', '4s']","['2s', '8s']",,,2,2
992,Flop,0,-2480,2480,CHECK,0,"['6h', '6s']","['7d', '4s']","['2s', '8s', '9s']",,,100,100
992,Flop,1,-2480,2480,DISCARD,0,"['6h', '6s']","['7d', '4s']","['2s', '8s', '9s']",,,100,100
992,Flop,1,-2480,2480,CHECK,0,"['6h', '6s']","['9h', '4s']","['2s', '8s', '9s']",,7d,100,100
992,Turn,0,-2480,2480,CHECK,0,"['6h', '6s']","['9h', '4s']","['2s', '8s', '9s', 'Ad']",,7d,100,100
992,Turn,1,-2480,2480,CHECK,0,"['6h', '6s']","['9h', '4s']","['2s', '8s', '9s', 'Ad']",,7d,100,100
992,River,0,-2480,2480,CHECK,0,"['6h', '6s']","['9h', '4s']","['2s', '8s', '9s', 'Ad', '5h']",,7d,100,100
992,River,1,-2480,2480,CHECK,0,"['6h', '6s']","['9h', '4s']","['2s', '8s', '9s', 'Ad', '5h']",,7d,100,100
993,Pre-Flop,1,-2580,2580,RAISE,2,"['8s', '8h']","['2d', '5d']","['9s', '3h']",,,1,1
993,Pre-Flop,0,-2580,2580,RAISE,96,"['8s', '8h']","['2d', '5d']","['9s', '3h']",,,2,2
993,Pre-Flop,1,-2580,2580,CALL,0,"['8s', '8h']","['2d', '5d']","['9s', '3h']",,,4,4
993,Pre-Flop,0,-2580,2580,CHECK,0,"['8s', '8h']","['2d', '5d']","['9s', '3h']",,,100,100
993,Flop,1,-2580,2580,DISCARD,0,"['8s', '8h']","['2d', '5d']","['9s', '3h', '7h']",,,100,100
993,Flop,1,-2580,2580,CHECK,0,"['8s', '8h']","['2d', '4d']","['9s', '3h', '7h']",,5d,100,100
993,Flop,0,-2580,2580,CHECK,0,"['8s', '8h']","['2d', '4d']","['9s', '3h', '7h']",,5d,100,100
993,Turn,1,-2580,2580,CHECK,0,"['8s', '8h']","['2d', '4d']","['9s', '3h', '7h', '4h']",,5d,100,100
993,Turn,0,-2580,2580,CHECK,0,"['8s', '8h']","['2d', '4d']","['9s', '3h', '7h', '4h']",,5d,100,100
993,River,1,-2580,2580,CHECK,0,"['8s', '8h']","['2d', '4d']","['9s', '3h', '7h', '4h', '5s']",,5d,100,100
993,River,0,-2580,2580,CHECK,0,"['8s', '8h']","['2d', '4d']","['9s', '3h', '7h', '4h', '5s']",,5d,100,100
994,Pre-Flop,0,-2480,2480,RAISE,98,"['3d', '2d']","['5h', '9h']","['9d', '6s']",,,1,1
994,Pre-Flop,1,-2480,2480,CALL,0,"['3d', '2d']","['5h', '9h']","['9d', '6s']",,,2,2
994,Flop,0,-2480,2480,CHECK,0,"['3d', '2d']","['5h', '9h']","['9d', '6s', '4s']",,,100,100
994,Flop,1,-2480,2480,DISCARD,0,"['3d', '2d']","['5h', '9h']","['9d', '6s', '4s']",,,100,100
994,Flop,1,-2480,2480,CHECK,0,"['3d', '2d']","['5h', '6d']","['9d', '6s', '4s']",,9h,100,100
994,Turn,0,-2480,2480,CHECK,0,"['3d', '2d']","['5h', '6d']","['9d', '6s', '4s', '6h']",,9h,100,100
994,Turn,1,-2480,2480,CHECK,0,"['3d', '2d']","['5h', '6d']","['9d', '6s', '4s', '6h']",,9h,100,100
994,River,0,-2480,2480,CHECK,0,"['3d', '2d']","['5h', '6d']","['9d', '6s', '4s', '6h', 'Ah']",,9h,100,100
994,River,1,-2480,2480,CHECK,0,"['3d', '2d']","['5h', '6d']","['9d', '6s', '4s', '6h', 'Ah']",,9h,100,100
995,Pre-Flop,1,-2580,2580,RAISE,2,"['8d', '9h']","['5s', '5d']","['3s', '7s']",,,1,1
995,Pre-Flop,0,-2580,2580,RAISE,96,"['8d', '9h']","['5s', '5d']","['3s', '7s']",,,2,2
995,Pre-Flop,1,-2580,2580,CALL,0,"['8d', '9h']","['5s', '5d']","['3s', '7s']",,,4,4
995,Pre-Flop,0,-2580,2580,CHECK,0,"['8d', '9h']","['5s', '5d']","['3s', '7s']",,,100,100
995,Flop,1,-2580,2580,DISCARD,0,"['8d', '9h']","['5s', '5d']","['3s', '7s', '9s']",,,100,100
995,Flop,1,-2580,2580,CHECK,0,"['8d', '9h']","['5s', '4d']","['3s', '7s', '9s']",,5d,100,100
995,Flop,0,-2580,2580,CHECK,0,"['8d', '9h']","['5s', '4d']","['3s', '7s', '9s']",,5d,100,100
995,Turn,1,-2580,2580,CHECK,0,"['8d', '9h']","['5s', '4d']","['3s', '7s', '9s', '8h']",,5d,100,100
995,Turn,0,-2580,2580,CHECK,0,"['8d', '9h']","['5s', '4d']","['3s', '7s', '9s', '8h']",,5d,100,100
995,River,1,-2580,2580,CHECK,0,"['8d', '9h']","['5s', '4d']","['3s', '7s', '9s', '8h', '6d']",,5d,100,100
995,River,0,-2580,2580,CHECK,0,"['8d', '9h']","['5s', '4d']","['3s', '7s', '9s', '8h', '6d']",,5d,100,100
996,Pre-Flop,0,-2680,2680,RAISE,98,"['9d', '5d']","['7d', '7s']","['3d', '4h']",,,1,1
996,Pre-Flop,1,-2680,2680,CALL,0,"['9d', '5d']","['7d', '7s']","['3d', '4h']",,,2,2
996,Flop,0,-2680,2680,CHECK,0,"['9d', '5d']","['7d', '7s']","['3d', '4h', '2h']",,,100,100
996,Flop,1,-2680,2680,DISCARD,0,"['9d', '5d']","['7d', '7s']","['3d', '4h', '2h']",,,100,100
996,Flop,1,-2680,2680,CHECK,0,"['9d', '5d']","['2s', '7s']","['3d', '4h', '2h']",,7d,100,100
996,Turn,0,-2680,2680,CHECK,0,"['9d', '5d']","['2s', '7s']","['3d', '4h', '2h', '5h']",,7d,100,100
996,Turn,1,-2680,2680,CHECK,0,"['9d', '5d']","['2s', '7s']","['3d', '4h', '2h', '5h']",,7d,100,100
996,River,0,-2680,2680,CHECK,0,"['9d', '5d']","['2s', '7s']","['3d', '4h', '2h', '5h', '9h']",,7d,100,100
996,River,1,-2680,2680,CHECK,0,"['9d', '5d']","['2s', '7s']","['3d', '4h', '2h', '5h', '9h']",,7d,100,100
997,Pre-Flop,1,-2580,2580,RAISE,2,"['As', '9d']","['8h', '6s']","['2d', '6h']",,,1,1
997,Pre-Flop,0,-2580,2580,RAISE,96,"['As', '9d']","['8h', '6s']","['2d', '6h']",,,2,2
997,Pre-Flop,1,-2580,2580,CALL,0,"['As', '9d']","['8h', '6s']","['2d', '6h']",,,4,4
997,Pre-Flop,0,-2580,2580,CHECK,0,"['As', '9d']","['8h', '6s']","['2d', '6h']",,,100,100
997,Flop,1,-2580,2580,DISCARD,0,"['As', '9d']","['8h', '6s']","['2d', '6h', '4s']",,,100,100
997,Flop,1,-2580,2580,CHECK,0,"['As', '9d']","['8h', '7h']","['2d', '6h', '4s']",,6s,100,100
997,Flop,0,-2580,2580,CHECK,0,"['As', '9d']","['8h', '7h']","['2d', '6h', '4s']",,6s,100,100
997,Turn,1,-2580,2580,CHECK,0,"['As', '9d']","['8h', '7h']","['2d', '6h', '4s', '6d']",,6s,100,100
997,Turn,0,-2580,2580,CHECK,0,"['As', '9d']","['8h', '7h']","['2d', '6h', '4s', '6d']",,6s,100,100
997,River,1,-2580,2580,CHECK,0,"['As', '9d']","['8h', '7h']","['2d', '6h', '4s', '6d', '3d']",,6s,100,100
997,River,0,-2580,2580,CHECK,0,"['As', '9d']","['8h', '7h']","['2d', '6h', '4s', '6d', '3d']",,6s,100,100
998,Pre-Flop,0,-2480,2480,RAISE,98,"['2d', '7h']","['6h', '8d']","['3d', '9s']",,,1,1
998,Pre-Flop,1,-2480,2480,CALL,0,"['2d', '7h']","['6h', '8d']","['3d', '9s']",,,2,2
998,Flop,0,-2480,2480,CHECK,0,"['2d', '7h']","['6h', '8d']","['3d', '9s', '7d']",,,100,100
998,Flop,1,-2480,2480,DISCARD,0,"['2d', '7h']","['6h', '8d']","['3d', '9s', '7d']",,,100,100
998,Flop,1,-2480,2480,CHECK,0,"['2d', '7h']","['4h', '8d']","['3d', '9s', '7d']",,6h,100,100
998,Turn,0,-2480,2480,CHECK,0,"['2d', '7h']","['4h', '8d']","['3d', '9s', '7d', '5h']",,6h,100,100
998,Turn,1,-2480,2480,CHECK,0,"['2d', '7h']","['4h', '8d']","['3d', '9s', '7d', '5h']",,6h,100,100
998,River,0,-2480,2480,CHECK,0,"['2d', '7h']","['4h', '8d']","['3d', '9s', '7d', '5h', '6d']",,6h,100,100
998,River,1,-2480,2480,CHECK,0,"['2d', '7h']","['4h', '8d']","['3d', '9s', '7d', '5h', '6d']",,6h,100,100
999,Pre-Flop,1,-2580,2580,RAISE,2,"['9s', '8s']","['7d', '6d']","['4s', '8d']",,,1,1
999,Pre-Flop,0,-2580,2580,RAISE,96,"['9s', '8s']","['7d', '6d']","['4s', '8d']",,,2,2
999,Pre-Flop,1,-2580,2580,CALL,0,"['9s', '8s']","['7d', '6d']","['4s', '8d']",,,4,4
999,Pre-Flop,0,-2580,2580,CHECK,0,"['9s', '8s']","['7d', '6d']","['4s', '8d']",,,100,100
999,Flop,1,-2580,2580,CHECK,0,"['9s', '8s']","['7d', '6d']","['4s', '8d', 'Ah']",,,100,100
999,Flop,0,-2580,2580,CHECK,0,"['9s', '8s']","['7d', '6d']","['4s', '8d', 'Ah']",,,100,100
999,Turn,1,-2580,2580,CHECK,0,"['9s', '8s']","['7d', '6d']","['4s', '8d', 'Ah', '4h']",,,100,100
999,Turn,0,-2580,2580,CHECK,0,"['9s', '8s']","['7d', '6d']","['4s', '8d', 'Ah', '4h']",,,100,100
999,River,1,-2580,2580,CHECK,0,"['9s', '8s']","['7d', '6d']","['4s', '8d', 'Ah', '4h', '2s']",,,100,100
999,River,0,-2580,2580,CHECK,0,"['9s', '8s']","['7d', '6d']","['4s', '8d', 'Ah', '4h', '2s']",,,100,100
